# file opened: main.asm
    1 0000                  device zxspectrum48 ; There is no ZX Spectrum, it is needed for the sjasmplus assembler.
    2 0000              setposcursor equ 63548
    3 0000              exit equ 62304
    4 0000              bios equ 61440
    5 0000              cmdbuffer equ 62256
    6 0000              fontaddress equ 62417
    7 0000              inverceaddress equ 62419
    8 0000              keyrusaddress equ 62437
    9 0000              printhexa equ 63509
   10 0000              printchata equ 63503
   11 0000              printchatc equ 63497
   12 0000              readbyteinothermem equ 63542
   13 0000              writebyteinothermem equ 63545
   14 0000              getposcursor equ 63518
   15 0000              printhlstr equ 63512
   16 0000              getkeyboardchara equ 63491
   17 0000              getkeyboardstatea equ 63506
   18 0000              getkeyboardcodea equ 63515
   19 0000              unpackcharcode equ 63533
   20 0000              i8255_setup equ 62979
   21 0000              i8255_port_c equ 62978
   22 0000              i8255_port_a equ 62976
   23 0000
   24 0000                  org 0x0FF0
   25 0FF0
   26 0FF0              ; 18 uint8_t appName[] = {'K','F','T','P','-','D','S','$'};
   27 0FF0              appname:
   28 0FF0 4B           	db 75
   29 0FF1 46           	db 70
   30 0FF2 54           	db 84
   31 0FF3 50           	db 80
   32 0FF4 2D           	db 45
   33 0FF5 44           	db 68
   34 0FF6 53           	db 83
   35 0FF7 24           	db 36
   36 0FF8
   37 0FF8
   38 0FF8 00 10            DB 0x00, 0x10
   39 0FFA
   40 0FFA 00 32            DB 0x00, 0x32
   41 0FFC
   42 0FFC
   43 0FFC 00 00 01 0B      DB 0x00, 0x00, 0x01, 0x0B
   44 1000
   45 1000              ; 31 void main(){
   46 1000              main:
   47 1000              ; 32
   48 1000              ; 33     DetectHardwareVersion();
   49 1000 CD 08 41     	call detecthardwareversion
   50 1003              ; 34     if (a == 0) {
   51 1003 B7           	or a
   52 1004 C2 15 10     	jp nz, __l_0
   53 1007              ; 35         bios(a = biosPrintMessageHL, hl = StringLocaleHardwareFail);
   54 1007 3E 02        	ld a, 2
   55 1009 21 47 29     	ld hl, stringlocalehardwarefail
   56 100C CD 00 F0     	call bios
   57 100F              ; 36         getKeyboardCharA();
   58 100F CD 03 F8     	call getkeyboardchara
   59 1012              ; 37         return exit();
   60 1012 C3 60 F3     	jp exit
   61 1015              __l_0:
   62 1015              ; 38     }
   63 1015              ; 39
   64 1015              ; 40     bios(a = biosSetTempDiskC, c = 'B');
   65 1015 3E 51        	ld a, 81
   66 1017 0E 42        	ld c, 66
   67 1019 CD 00 F0     	call bios
   68 101C              ; 41     MyFuncSetFullScreen();
   69 101C CD 04 19     	call myfuncsetfullscreen
   70 101F              ; 42     bios(a = biosSetColorModeC, c = 0);
   71 101F 3E 10        	ld a, 16
   72 1021 0E 00        	ld c, 0
   73 1023 CD 00 F0     	call bios
   74 1026              ; 43     //bios(a = biosCursorShowC, c = 0);
   75 1026              ; 44     h = 0;
   76 1026 26 00        	ld h, 0
   77 1028              ; 45     l = 0;
   78 1028 2E 00        	ld l, 0
   79 102A              ; 46     setPosCursor();
   80 102A CD 3C F8     	call setposcursor
   81 102D              ; 47     //sp = 0x6FFF;
   82 102D              ; 48
   83 102D              ; 49     //MyFuncLoadEXTDRV();
   84 102D              ; 50     //MyFuncCheckExtDrv();
   85 102D              ; 51
   86 102D              ; 52     FtpHeaderViewStart();
   87 102D CD 55 12     	call ftpheaderviewstart
   88 1030              ; 53     WiFiHeaderViewStart();
   89 1030 CD 6D 13     	call wifiheaderviewstart
   90 1033              ; 54     HelpFooterViewShow();
   91 1033 CD 18 19     	call helpfooterviewshow
   92 1036              ; 55     DiskViewStart();
   93 1036 CD 06 20     	call diskviewstart
   94 1039              ; 56     FtpViewShow();
   95 1039 CD AB 19     	call ftpviewshow
   96 103C              ; 57
   97 103C              ; 58     CurrentViewChangeIdA(a = DiskViewId); //FtpViewId
   98 103C 3E 01        	ld a, 1
   99 103E CD 21 24     	call currentviewchangeida
  100 1041              ; 59
  101 1041              ; 60     #ifdef _IS_SIMULATOR
  102 1041              ; 61         //DiskViewReload();
  103 1041              ; 62     #else
  104 1041              ; 63         NetUpdateData();
  105 1041 CD 15 30     	call netupdatedata
  106 1044              ; 64         ThreadsTickNow();
  107 1044 CD 9C 2F     	call threadsticknow
  108 1047              ; 65     #endif
  109 1047              ; 66
  110 1047              ; 67     for (;;) {
  111 1047              __l_3:
  112 1047              ; 68         bios(a = biosCheckKeyA, c = 1);
  113 1047 3E 09        	ld a, 9
  114 1049 0E 01        	ld c, 1
  115 104B CD 00 F0     	call bios
  116 104E              ; 69         if (flag_z) {
  117 104E C2 57 10     	jp nz, __l_5
  118 1051              ; 70             ThreadsTick();
  119 1051 CD A2 2F     	call threadstick
  120 1054 C3 5D 10     	jp __l_6
  121 1057              __l_5:
  122 1057              ; 71         } else {
  123 1057              ; 72             KeyCurDelay();
  124 1057 CD 75 10     	call keycurdelay
  125 105A              ; 73             KeyboardEventA();
  126 105A CD A8 10     	call keyboardeventa
  127 105D              __l_6:
  128 105D C3 47 10     	jp __l_3
  129 1060              ; 74         }
  130 1060              ; 75     }
  131 1060              ; 76 }
  132 1060              ; 77
  133 1060              ; 78 void Key256Delay() {
  134 1060              key256delay:
  135 1060              ; 79     push_pop(bc, a) {
  136 1060 C5           	push bc
  137 1061 F5           	push af
  138 1062              ; 80         b = 0x40; //0xFF;
  139 1062 06 40        	ld b, 64
  140 1064              ; 81         do {
  141 1064              __l_7:
  142 1064              ; 82             c = 0xFF;
  143 1064 0E FF        	ld c, 255
  144 1066              ; 83             do {
  145 1066              __l_10:
  146 1066              ; 84                 c--;
  147 1066 0D           	dec c
  148 1067              __l_11:
  149 1067              ; 85             } while ((a = c) > 0);
  150 1067 79           	ld a, c
  151 1068 B7           	or a
  152 1069 C2 66 10     	jp nz, __l_10
  153 106C              ; 86             b--;
  154 106C 05           	dec b
  155 106D              __l_8:
  156 106D              ; 87         } while ((a = b) > 0);
  157 106D 78           	ld a, b
  158 106E B7           	or a
  159 106F C2 64 10     	jp nz, __l_7
  160 1072 F1           	pop af
  161 1073 C1           	pop bc
  162 1074 C9           	ret
  163 1075              ; 88     }
  164 1075              ; 89 }
  165 1075              ; 90
  166 1075              ; 91 void KeyCurDelay() {
  167 1075              keycurdelay:
  168 1075              ; 92     push_pop(bc, a) {
  169 1075 C5           	push bc
  170 1076 F5           	push af
  171 1077              ; 93         b = a; //Save
  172 1077 47           	ld b, a
  173 1078              ; 94         if ((a = b) == 0x08) {
  174 1078 78           	ld a, b
  175 1079 FE 08        	cp 8
  176 107B C2 84 10     	jp nz, __l_13
  177 107E              ; 95             Key256Delay();
  178 107E CD 60 10     	call key256delay
  179 1081 C3 A5 10     	jp __l_14
  180 1084              __l_13:
  181 1084              ; 96         } else if ((a = b) == 0x18) {
  182 1084 78           	ld a, b
  183 1085 FE 18        	cp 24
  184 1087 C2 90 10     	jp nz, __l_15
  185 108A              ; 97             Key256Delay();
  186 108A CD 60 10     	call key256delay
  187 108D C3 A5 10     	jp __l_16
  188 1090              __l_15:
  189 1090              ; 98         } else if ((a = b) == 0x19) {
  190 1090 78           	ld a, b
  191 1091 FE 19        	cp 25
  192 1093 C2 9C 10     	jp nz, __l_17
  193 1096              ; 99             Key256Delay();
  194 1096 CD 60 10     	call key256delay
  195 1099 C3 A5 10     	jp __l_18
  196 109C              __l_17:
  197 109C              ; 100         } else if ((a = b) == 0x1A) {
  198 109C 78           	ld a, b
  199 109D FE 1A        	cp 26
  200 109F C2 A5 10     	jp nz, __l_19
  201 10A2              ; 101             Key256Delay();
  202 10A2 CD 60 10     	call key256delay
  203 10A5              __l_19:
  204 10A5              __l_18:
  205 10A5              __l_16:
  206 10A5              __l_14:
  207 10A5 F1           	pop af
  208 10A6 C1           	pop bc
  209 10A7 C9           	ret
  210 10A8              ; 102         }
  211 10A8              ; 103     }
  212 10A8              ; 104 }
  213 10A8              ; 105
  214 10A8              ; 106 void KeyboardEventA() {
  215 10A8              keyboardeventa:
  216 10A8              ; 107     push_pop(bc) {
  217 10A8 C5           	push bc
  218 10A9              ; 108         b = a; //Save
  219 10A9 47           	ld b, a
  220 10AA              ; 109         if ((a = b) == 0x03) { //F4
  221 10AA 78           	ld a, b
  222 10AB FE 03        	cp 3
  223 10AD C2 B6 10     	jp nz, __l_21
  224 10B0              ; 110
  225 10B0              ; 111             return exit();
  226 10B0 C3 60 F3     	jp exit
  227 10B3 C3 E1 10     	jp __l_22
  228 10B6              __l_21:
  229 10B6              ; 112         } else if ((a = b) == 0x02) { //F3 Open FTP settings
  230 10B6 78           	ld a, b
  231 10B7 FE 02        	cp 2
  232 10B9 C2 CD 10     	jp nz, __l_23
  233 10BC              ; 113             CurrentViewDiskOrFtpViewByIdA(a = CurrentViewId);
  234 10BC 3A 4D 25     	ld a, (currentviewid)
  235 10BF CD 13 25     	call currentviewdiskorftpviewbyida
  236 10C2              ; 114             if (a == 1) {
  237 10C2 FE 01        	cp 1
  238 10C4 C2 CA 10     	jp nz, __l_25
  239 10C7              ; 115                 FtpSettingsViewShow();
  240 10C7 CD 65 36     	call ftpsettingsviewshow
  241 10CA              __l_25:
  242 10CA C3 E1 10     	jp __l_24
  243 10CD              __l_23:
  244 10CD              ; 116             }
  245 10CD              ; 117         } else if ((a = b) == 0x01) { //F2 Open WiFi settings
  246 10CD 78           	ld a, b
  247 10CE FE 01        	cp 1
  248 10D0 C2 E1 10     	jp nz, __l_27
  249 10D3              ; 118             CurrentViewDiskOrFtpViewByIdA(a = CurrentViewId);
  250 10D3 3A 4D 25     	ld a, (currentviewid)
  251 10D6 CD 13 25     	call currentviewdiskorftpviewbyida
  252 10D9              ; 119             if (a == 1) {
  253 10D9 FE 01        	cp 1
  254 10DB C2 E1 10     	jp nz, __l_29
  255 10DE              ; 120                 WiFiSettingsViewShow();
  256 10DE CD 37 14     	call wifisettingsviewshow
  257 10E1              __l_29:
  258 10E1              __l_27:
  259 10E1              __l_24:
  260 10E1              __l_22:
  261 10E1              ; 121             }
  262 10E1              ; 122         }
  263 10E1              ; 123
  264 10E1              ; 124         c = 0;
  265 10E1 0E 00        	ld c, 0
  266 10E3              ; 125         if ((a = CurrentViewId) == DiskViewId) {
  267 10E3 3A 4D 25     	ld a, (currentviewid)
  268 10E6 FE 01        	cp 1
  269 10E8 C2 F4 10     	jp nz, __l_31
  270 10EB              ; 126             DiskViewKeyA(a = b);
  271 10EB 78           	ld a, b
  272 10EC CD 5B 23     	call diskviewkeya
  273 10EF              ; 127             c = 1;
  274 10EF 0E 01        	ld c, 1
  275 10F1 C3 46 11     	jp __l_32
  276 10F4              __l_31:
  277 10F4              ; 128         } else if ((a = CurrentViewId) == FtpViewId) {
  278 10F4 3A 4D 25     	ld a, (currentviewid)
  279 10F7 FE 02        	cp 2
  280 10F9 C2 05 11     	jp nz, __l_33
  281 10FC              ; 129             FtpViewKeyA(a = b);
  282 10FC 78           	ld a, b
  283 10FD CD AD 1D     	call ftpviewkeya
  284 1100              ; 130             c = 1;
  285 1100 0E 01        	ld c, 1
  286 1102 C3 46 11     	jp __l_34
  287 1105              __l_33:
  288 1105              ; 131         } else if ((a = CurrentViewId) == WiFiSettingsViewId) {
  289 1105 3A 4D 25     	ld a, (currentviewid)
  290 1108 FE 05        	cp 5
  291 110A C2 16 11     	jp nz, __l_35
  292 110D              ; 132             WiFiSettingsViewKeyA(a = b);
  293 110D 78           	ld a, b
  294 110E CD F7 15     	call wifisettingsviewkeya
  295 1111              ; 133             c = 1;
  296 1111 0E 01        	ld c, 1
  297 1113 C3 46 11     	jp __l_36
  298 1116              __l_35:
  299 1116              ; 134         } else if ((a = CurrentViewId) == SelectDiskViewId) {
  300 1116 3A 4D 25     	ld a, (currentviewid)
  301 1119 FE 03        	cp 3
  302 111B C2 27 11     	jp nz, __l_37
  303 111E              ; 135             SelectDiskViewKeyA(a = b);
  304 111E 78           	ld a, b
  305 111F CD 2C 27     	call selectdiskviewkeya
  306 1122              ; 136             c = 1;
  307 1122 0E 01        	ld c, 1
  308 1124 C3 46 11     	jp __l_38
  309 1127              __l_37:
  310 1127              ; 137         } else if ((a = CurrentViewId) == WiFiNetworksViewId) {
  311 1127 3A 4D 25     	ld a, (currentviewid)
  312 112A FE 07        	cp 7
  313 112C C2 38 11     	jp nz, __l_39
  314 112F              ; 138             WiFiNetworksViewKeyA(a = b);
  315 112F 78           	ld a, b
  316 1130 CD CB 33     	call wifinetworksviewkeya
  317 1133              ; 139             c = 1;
  318 1133 0E 01        	ld c, 1
  319 1135 C3 46 11     	jp __l_40
  320 1138              __l_39:
  321 1138              ; 140         } else if ((a = CurrentViewId) == FtpSettingsViewId) {
  322 1138 3A 4D 25     	ld a, (currentviewid)
  323 113B FE 08        	cp 8
  324 113D C2 46 11     	jp nz, __l_41
  325 1140              ; 141             FtpSettingsViewKeyA(a = b);
  326 1140 78           	ld a, b
  327 1141 CD A8 38     	call ftpsettingsviewkeya
  328 1144              ; 142             c = 1;
  329 1144 0E 01        	ld c, 1
  330 1146              __l_41:
  331 1146              __l_40:
  332 1146              __l_38:
  333 1146              __l_36:
  334 1146              __l_34:
  335 1146              __l_32:
  336 1146 C1           	pop bc
  337 1147 C9           	ret
  338 1148              ; 14 void MyViewChangeBoxColor() {
  339 1148              myviewchangeboxcolor:
  340 1148              ; 15     push_pop(bc) {
  341 1148 C5           	push bc
  342 1149              ; 16         push_pop(de) {
  343 1149 D5           	push de
  344 114A              ; 17             b = l;
  345 114A 45           	ld b, l
  346 114B              ; 18             a = h;
  347 114B 7C           	ld a, h
  348 114C              ; 19             carry_rotate_left(a, 3);
  349 114C 17           	rla
  350 114D 17           	rla
  351 114E 17           	rla
  352 114F              ; 20             l = a;
  353 114F 6F           	ld l, a
  354 1150              ; 21             h = 0;
  355 1150 26 00        	ld h, 0
  356 1152              ; 22             de = 0xC000;
  357 1152 11 00 C0     	ld de, 49152
  358 1155              ; 23             hl += de;
  359 1155 19           	add hl, de
  360 1156              ; 24             e = 0;
  361 1156 1E 00        	ld e, 0
  362 1158              ; 25             d = b;
  363 1158 50           	ld d, b
  364 1159              ; 26             hl += de;
  365 1159 19           	add hl, de
  366 115A D1           	pop de
  367 115B              ; 27         }
  368 115B              ; 28         a = d;
  369 115B 7A           	ld a, d
  370 115C              ; 29         carry_rotate_left(a, 3);
  371 115C 17           	rla
  372 115D 17           	rla
  373 115E 17           	rla
  374 115F              ; 30         d = a;
  375 115F 57           	ld d, a
  376 1160              ; 31         // X
  377 1160              ; 32         b = 0;
  378 1160 06 00        	ld b, 0
  379 1162              ; 33         do {
  380 1162              __l_43:
  381 1162              ; 34             push_pop(bc, hl) {
  382 1162 C5           	push bc
  383 1163 E5           	push hl
  384 1164              ; 35                 //-- Y
  385 1164              ; 36                 b = d;
  386 1164 42           	ld b, d
  387 1165              ; 37                 do {
  388 1165              __l_46:
  389 1165              ; 38                     writeByteInOtherMem(a = 1);
  390 1165 3E 01        	ld a, 1
  391 1167 CD 39 F8     	call writebyteinothermem
  392 116A              ; 39                     b--;
  393 116A 05           	dec b
  394 116B              ; 40                     hl++;
  395 116B 23           	inc hl
  396 116C              __l_47:
  397 116C              ; 41                 } while ((a = b) > 0);
  398 116C 78           	ld a, b
  399 116D B7           	or a
  400 116E C2 65 11     	jp nz, __l_46
  401 1171 E1           	pop hl
  402 1172 C1           	pop bc
  403 1173              ; 42
  404 1173              ; 43
  405 1173              ; 44             }
  406 1173              ; 45             //-- Inc
  407 1173              ; 46             b++;
  408 1173 04           	inc b
  409 1174              ; 47             push_pop(de) {
  410 1174 D5           	push de
  411 1175              ; 48                 de = 0x0100;
  412 1175 11 00 01     	ld de, 256
  413 1178              ; 49                 hl += de;
  414 1178 19           	add hl, de
  415 1179 D1           	pop de
  416 117A              __l_44:
  417 117A              ; 50             }
  418 117A              ; 51         } while ((a = b) < e);
  419 117A 78           	ld a, b
  420 117B BB           	cp e
  421 117C DA 62 11     	jp c, __l_43
  422 117F C1           	pop bc
  423 1180 C9           	ret
  424 1181              ; 52     }
  425 1181              ; 53 }
  426 1181              ; 54
  427 1181              ; 55 // [L]-X, [H]-Y
  428 1181              ; 56 // [E]-dX, [D]-dY
  429 1181              ; 57 void MyViewClearBox() {
  430 1181              myviewclearbox:
  431 1181              ; 58     push_pop(bc) {
  432 1181 C5           	push bc
  433 1182              ; 59         push_pop(de) {
  434 1182 D5           	push de
  435 1183              ; 60             b = l;
  436 1183 45           	ld b, l
  437 1184              ; 61             a = h;
  438 1184 7C           	ld a, h
  439 1185              ; 62             carry_rotate_left(a, 3);
  440 1185 17           	rla
  441 1186 17           	rla
  442 1187 17           	rla
  443 1188              ; 63             l = a;
  444 1188 6F           	ld l, a
  445 1189              ; 64             h = 0;
  446 1189 26 00        	ld h, 0
  447 118B              ; 65             de = 0xC000;
  448 118B 11 00 C0     	ld de, 49152
  449 118E              ; 66             hl += de;
  450 118E 19           	add hl, de
  451 118F              ; 67             e = 0;
  452 118F 1E 00        	ld e, 0
  453 1191              ; 68             d = b;
  454 1191 50           	ld d, b
  455 1192              ; 69             hl += de;
  456 1192 19           	add hl, de
  457 1193 D1           	pop de
  458 1194              ; 70         }
  459 1194              ; 71         a = d;
  460 1194 7A           	ld a, d
  461 1195              ; 72         carry_rotate_left(a, 3);
  462 1195 17           	rla
  463 1196 17           	rla
  464 1197 17           	rla
  465 1198              ; 73         d = a;
  466 1198 57           	ld d, a
  467 1199              ; 74         // X
  468 1199              ; 75         b = 0;
  469 1199 06 00        	ld b, 0
  470 119B              ; 76         do {
  471 119B              __l_49:
  472 119B              ; 77             push_pop(bc, hl) {
  473 119B C5           	push bc
  474 119C E5           	push hl
  475 119D              ; 78                 //-- Y
  476 119D              ; 79                 b = d;
  477 119D 42           	ld b, d
  478 119E              ; 80                 do {
  479 119E              __l_52:
  480 119E              ; 81                     *hl = 0;
  481 119E 36 00        	ld (hl), 0
  482 11A0              ; 82                     b--;
  483 11A0 05           	dec b
  484 11A1              ; 83                     hl++;
  485 11A1 23           	inc hl
  486 11A2              __l_53:
  487 11A2              ; 84                 } while ((a = b) > 0);
  488 11A2 78           	ld a, b
  489 11A3 B7           	or a
  490 11A4 C2 9E 11     	jp nz, __l_52
  491 11A7 E1           	pop hl
  492 11A8 C1           	pop bc
  493 11A9              ; 85
  494 11A9              ; 86
  495 11A9              ; 87             }
  496 11A9              ; 88             //-- Inc
  497 11A9              ; 89             b++;
  498 11A9 04           	inc b
  499 11AA              ; 90             push_pop(de) {
  500 11AA D5           	push de
  501 11AB              ; 91                 de = 0x0100;
  502 11AB 11 00 01     	ld de, 256
  503 11AE              ; 92                 hl += de;
  504 11AE 19           	add hl, de
  505 11AF D1           	pop de
  506 11B0              __l_50:
  507 11B0              ; 93             }
  508 11B0              ; 94         } while ((a = b) < e);
  509 11B0 78           	ld a, b
  510 11B1 BB           	cp e
  511 11B2 DA 9B 11     	jp c, __l_49
  512 11B5 C1           	pop bc
  513 11B6 C9           	ret
  514 11B7              ; 95     }
  515 11B7              ; 96 }
  516 11B7              ; 97
  517 11B7              ; 98 // [L]-X, [H]-Y
  518 11B7              ; 99 // [E]-dX, [D]-dY
  519 11B7              ; 100 // [C] - color
  520 11B7              ; 101 // [B]
  521 11B7              ; 102 void MyViewShow() {
  522 11B7              myviewshow:
  523 11B7              ; 103     MyViewByte = (a = b);
  524 11B7 78           	ld a, b
  525 11B8 32 54 12     	ld (myviewbyte), a
  526 11BB              ; 104     bios(a = biosSetColorC);
  527 11BB 3E 12        	ld a, 18
  528 11BD CD 00 F0     	call bios
  529 11C0              ; 105     push_pop(hl) {
  530 11C0 E5           	push hl
  531 11C1              ; 106         h = d;
  532 11C1 62           	ld h, d
  533 11C2              ; 107         l = e;
  534 11C2 6B           	ld l, e
  535 11C3              ; 108         MyViewDyDx = hl;
  536 11C3 22 52 12     	ld (myviewdydx), hl
  537 11C6 E1           	pop hl
  538 11C7              ; 109     }
  539 11C7              ; 110     do {
  540 11C7              __l_55:
  541 11C7              ; 111         bios(a = biosSetPositionCursoreHL);
  542 11C7 3E 1C        	ld a, 28
  543 11C9 CD 00 F0     	call bios
  544 11CC              ; 112         push_pop(de) {
  545 11CC D5           	push de
  546 11CD              ; 113             do {
  547 11CD              __l_58:
  548 11CD              ; 114                 MyViewCalcCharByPosDE();
  549 11CD CD E4 11     	call myviewcalccharbyposde
  550 11D0              ; 115                 bios(a = biosPrintC);
  551 11D0 3E 00        	ld a, 0
  552 11D2 CD 00 F0     	call bios
  553 11D5              ; 116                 e--;
  554 11D5 1D           	dec e
  555 11D6              __l_59:
  556 11D6              ; 117             } while ((a = e) > 0);
  557 11D6 7B           	ld a, e
  558 11D7 B7           	or a
  559 11D8 C2 CD 11     	jp nz, __l_58
  560 11DB D1           	pop de
  561 11DC              ; 118         }
  562 11DC              ; 119         h++;
  563 11DC 24           	inc h
  564 11DD              ; 120         d--;
  565 11DD 15           	dec d
  566 11DE              __l_56:
  567 11DE              ; 121     } while ((a = d) > 0);
  568 11DE 7A           	ld a, d
  569 11DF B7           	or a
  570 11E0 C2 C7 11     	jp nz, __l_55
  571 11E3 C9           	ret
  572 11E4              ; 122 }
  573 11E4              ; 123
  574 11E4              ; 124 void MyViewCalcCharByPosDE() {
  575 11E4              myviewcalccharbyposde:
  576 11E4              ; 125     //c = MyViewByteBorder + MyViewByteFrame;
  577 11E4              ; 126     a = MyViewByteBorder;
  578 11E4 3E 01        	ld a, 1
  579 11E6              ; 127     a += MyViewByteFrame;
  580 11E6 C6 02        	add 2
  581 11E8              ; 128     c = a;
  582 11E8 4F           	ld c, a
  583 11E9              ; 129     a = MyViewByte;
  584 11E9 3A 54 12     	ld a, (myviewbyte)
  585 11EC              ; 130     a &= c;
  586 11EC A1           	and c
  587 11ED              ; 131     if (a > 0) {
  588 11ED B7           	or a
  589 11EE CA 4F 12     	jp z, __l_61
  590 11F1              ; 132         push_pop(hl) {
  591 11F1 E5           	push hl
  592 11F2              ; 133             hl = MyViewDyDx;
  593 11F2 2A 52 12     	ld hl, (myviewdydx)
  594 11F5              ; 134             if ((a = d) == 1) { // Нижняя линия
  595 11F5 7A           	ld a, d
  596 11F6 FE 01        	cp 1
  597 11F8 C2 15 12     	jp nz, __l_63
  598 11FB              ; 135                 if ((a = e) == 1) {
  599 11FB 7B           	ld a, e
  600 11FC FE 01        	cp 1
  601 11FE C2 06 12     	jp nz, __l_65
  602 1201              ; 136                     c = 0x89;
  603 1201 0E 89        	ld c, 137
  604 1203 C3 12 12     	jp __l_66
  605 1206              __l_65:
  606 1206              ; 137                 } else if ((a = e) == l) {
  607 1206 7B           	ld a, e
  608 1207 BD           	cp l
  609 1208 C2 10 12     	jp nz, __l_67
  610 120B              ; 138                     c = 0x94;
  611 120B 0E 94        	ld c, 148
  612 120D C3 12 12     	jp __l_68
  613 1210              __l_67:
  614 1210              ; 139                 } else {
  615 1210              ; 140                     c = 0x99;
  616 1210 0E 99        	ld c, 153
  617 1212              __l_68:
  618 1212              __l_66:
  619 1212 C3 4B 12     	jp __l_64
  620 1215              __l_63:
  621 1215              ; 141                 }
  622 1215              ; 142             } else if ((a = d) == h) { // Верхняя линия
  623 1215 7A           	ld a, d
  624 1216 BC           	cp h
  625 1217 C2 34 12     	jp nz, __l_69
  626 121A              ; 143                 if ((a = e) == 1) {
  627 121A 7B           	ld a, e
  628 121B FE 01        	cp 1
  629 121D C2 25 12     	jp nz, __l_71
  630 1220              ; 144                     c = 0x88;
  631 1220 0E 88        	ld c, 136
  632 1222 C3 31 12     	jp __l_72
  633 1225              __l_71:
  634 1225              ; 145                 } else if ((a = e) == l) {
  635 1225 7B           	ld a, e
  636 1226 BD           	cp l
  637 1227 C2 2F 12     	jp nz, __l_73
  638 122A              ; 146                     c = 0x95;
  639 122A 0E 95        	ld c, 149
  640 122C C3 31 12     	jp __l_74
  641 122F              __l_73:
  642 122F              ; 147                 } else {
  643 122F              ; 148                     c = 0x99;
  644 122F 0E 99        	ld c, 153
  645 1231              __l_74:
  646 1231              __l_72:
  647 1231 C3 4B 12     	jp __l_70
  648 1234              __l_69:
  649 1234              ; 149                 }
  650 1234              ; 150             } else { // Между верхней и нижней
  651 1234              ; 151                 if ((a = e) == 1) {
  652 1234 7B           	ld a, e
  653 1235 FE 01        	cp 1
  654 1237 C2 3F 12     	jp nz, __l_75
  655 123A              ; 152                     c = 0x87;
  656 123A 0E 87        	ld c, 135
  657 123C C3 4B 12     	jp __l_76
  658 123F              __l_75:
  659 123F              ; 153                 } else if ((a = e) == l) {
  660 123F 7B           	ld a, e
  661 1240 BD           	cp l
  662 1241 C2 49 12     	jp nz, __l_77
  663 1244              ; 154                     c = 0x87;
  664 1244 0E 87        	ld c, 135
  665 1246 C3 4B 12     	jp __l_78
  666 1249              __l_77:
  667 1249              ; 155                 } else {
  668 1249              ; 156                     c = ' ';
  669 1249 0E 20        	ld c, 32
  670 124B              __l_78:
  671 124B              __l_76:
  672 124B              __l_70:
  673 124B              __l_64:
  674 124B E1           	pop hl
  675 124C C3 51 12     	jp __l_62
  676 124F              __l_61:
  677 124F              ; 157                 }
  678 124F              ; 158             }
  679 124F              ; 159         }
  680 124F              ; 160     } else {
  681 124F              ; 161         c = ' ';
  682 124F 0E 20        	ld c, 32
  683 1251              __l_62:
  684 1251 C9           	ret
  685 1252              ; 162     }
  686 1252              ; 163 }
  687 1252              ; 164
  688 1252              ; 165 uint16_t MyViewDyDx = 0;
  689 1252              myviewdydx:
  690 1252 00 00        	dw 0
  691 1254              ; 166 uint8_t MyViewByte = 0;
  692 1254              myviewbyte:
  693 1254 00           	db 0
  694 1255              ; 11 void FtpHeaderViewStart() {
  695 1255              ftpheaderviewstart:
  696 1255              ; 12     FtpHeaderViewShow();
  697 1255              ; 13 }
  698 1255              ; 14
  699 1255              ; 15 void FtpHeaderViewShow() {
  700 1255              ftpheaderviewshow:
  701 1255              ; 16     bios(a = biosSetExtDRVConfigB, b = 0x02);
  702 1255 3E 53        	ld a, 83
  703 1257 06 02        	ld b, 2
  704 1259 CD 00 F0     	call bios
  705 125C              ; 17     c = (a = FtpHeaderViewColor);
  706 125C 3A 3B 13     	ld a, (ftpheaderviewcolor)
  707 125F 4F           	ld c, a
  708 1260              ; 18     l = (a = FtpHeaderViewX);
  709 1260 3A 37 13     	ld a, (ftpheaderviewx)
  710 1263 6F           	ld l, a
  711 1264              ; 19     h = (a = FtpHeaderViewY);
  712 1264 3A 38 13     	ld a, (ftpheaderviewy)
  713 1267 67           	ld h, a
  714 1268              ; 20     e = (a = FtpHeaderViewDX);
  715 1268 3A 39 13     	ld a, (ftpheaderviewdx)
  716 126B 5F           	ld e, a
  717 126C              ; 21     d = (a = FtpHeaderViewDY);
  718 126C 3A 3A 13     	ld a, (ftpheaderviewdy)
  719 126F 57           	ld d, a
  720 1270              ; 22     bios(a = biosWindowOpen);
  721 1270 3E 55        	ld a, 85
  722 1272 CD 00 F0     	call bios
  723 1275              ; 23     MyFuncSetFullScreen();
  724 1275 CD 04 19     	call myfuncsetfullscreen
  725 1278              ; 24     FtpHeaderViewShowTitle();
  726 1278 CD 7E 12     	call ftpheaderviewshowtitle
  727 127B              ; 25     FtpHeaderViewShowValue();
  728 127B C3 D1 12     	jp ftpheaderviewshowvalue
  729 127E              ; 26 }
  730 127E              ; 27
  731 127E              ; 28 void FtpHeaderViewShowTitle() {
  732 127E              ftpheaderviewshowtitle:
  733 127E              ; 29     push_pop(hl, bc) {
  734 127E E5           	push hl
  735 127F C5           	push bc
  736 1280              ; 30         // TITLE
  737 1280              ; 31         a = FtpHeaderViewX;
  738 1280 3A 37 13     	ld a, (ftpheaderviewx)
  739 1283              ; 32         b = a;
  740 1283 47           	ld b, a
  741 1284              ; 33         a = FtpHeaderViewDX;
  742 1284 3A 39 13     	ld a, (ftpheaderviewdx)
  743 1287              ; 34         a += b;
  744 1287 80           	add b
  745 1288              ; 35         a -= 6; //len Title
  746 1288 D6 06        	sub 6
  747 128A              ; 36         l = a;
  748 128A 6F           	ld l, a
  749 128B              ; 37         h = (a = FtpHeaderViewY);
  750 128B 3A 38 13     	ld a, (ftpheaderviewy)
  751 128E 67           	ld h, a
  752 128F              ; 38         bios(a = biosSetPositionCursoreHL);
  753 128F 3E 1C        	ld a, 28
  754 1291 CD 00 F0     	call bios
  755 1294              ; 39         bios(a = biosPrintMessageHL, hl = FtpViewTitle);
  756 1294 3E 02        	ld a, 2
  757 1296 21 7E 1E     	ld hl, ftpviewtitle
  758 1299 CD 00 F0     	call bios
  759 129C              ; 40         // IP
  760 129C              ; 41         a = FtpHeaderViewX;
  761 129C 3A 37 13     	ld a, (ftpheaderviewx)
  762 129F              ; 42         a += 1;
  763 129F C6 01        	add 1
  764 12A1              ; 43         l = a;
  765 12A1 6F           	ld l, a
  766 12A2              ; 44         a = FtpHeaderViewY;
  767 12A2 3A 38 13     	ld a, (ftpheaderviewy)
  768 12A5              ; 45         a += 1;
  769 12A5 C6 01        	add 1
  770 12A7              ; 46         h = a;
  771 12A7 67           	ld h, a
  772 12A8              ; 47         bios(a = biosSetPositionCursoreHL);
  773 12A8 3E 1C        	ld a, 28
  774 12AA CD 00 F0     	call bios
  775 12AD              ; 48         bios(a = biosPrintMessageHL, hl = FtpHeaderViewIpTitle);
  776 12AD 3E 02        	ld a, 2
  777 12AF 21 3D 13     	ld hl, ftpheaderviewiptitle
  778 12B2 CD 00 F0     	call bios
  779 12B5              ; 49         // STATUS
  780 12B5              ; 50         a = FtpHeaderViewX;
  781 12B5 3A 37 13     	ld a, (ftpheaderviewx)
  782 12B8              ; 51         a += 1;
  783 12B8 C6 01        	add 1
  784 12BA              ; 52         l = a;
  785 12BA 6F           	ld l, a
  786 12BB              ; 53         a = FtpHeaderViewY;
  787 12BB 3A 38 13     	ld a, (ftpheaderviewy)
  788 12BE              ; 54         a += 2;
  789 12BE C6 02        	add 2
  790 12C0              ; 55         h = a;
  791 12C0 67           	ld h, a
  792 12C1              ; 56         bios(a = biosSetPositionCursoreHL);
  793 12C1 3E 1C        	ld a, 28
  794 12C3 CD 00 F0     	call bios
  795 12C6              ; 57         bios(a = biosPrintMessageHL, hl = FtpHeaderViewStateTitle);
  796 12C6 3E 02        	ld a, 2
  797 12C8 21 41 13     	ld hl, ftpheaderviewstatetitle
  798 12CB CD 00 F0     	call bios
  799 12CE C1           	pop bc
  800 12CF E1           	pop hl
  801 12D0 C9           	ret
  802 12D1              ; 58     }
  803 12D1              ; 59 }
  804 12D1              ; 60
  805 12D1              ; 61 void FtpHeaderViewShowValue() {
  806 12D1              ftpheaderviewshowvalue:
  807 12D1              ; 62     push_pop(hl, bc) {
  808 12D1 E5           	push hl
  809 12D2 C5           	push bc
  810 12D3              ; 63         bios(c = (a = FtpHeaderViewColor), a = biosSetColorC);
  811 12D3 3A 3B 13     	ld a, (ftpheaderviewcolor)
  812 12D6 4F           	ld c, a
  813 12D7 3E 12        	ld a, 18
  814 12D9 CD 00 F0     	call bios
  815 12DC              ; 64         //IP
  816 12DC              ; 65         a = FtpHeaderViewX;
  817 12DC 3A 37 13     	ld a, (ftpheaderviewx)
  818 12DF              ; 66         a += 5;
  819 12DF C6 05        	add 5
  820 12E1              ; 67         l = a;
  821 12E1 6F           	ld l, a
  822 12E2              ; 68         a = FtpHeaderViewY;
  823 12E2 3A 38 13     	ld a, (ftpheaderviewy)
  824 12E5              ; 69         a += 1;
  825 12E5 C6 01        	add 1
  826 12E7              ; 70         h = a;
  827 12E7 67           	ld h, a
  828 12E8              ; 71         bios(a = biosSetPositionCursoreHL);
  829 12E8 3E 1C        	ld a, 28
  830 12EA CD 00 F0     	call bios
  831 12ED              ; 72         MyFuncPrintHLStrLenA(hl = FtpHeaderViewIpValue, a = 16);
  832 12ED 21 49 13     	ld hl, ftpheaderviewipvalue
  833 12F0 3E 10        	ld a, 16
  834 12F2 CD F1 16     	call myfuncprinthlstrlena
  835 12F5              ; 73         // STATUS
  836 12F5              ; 74         FtpHeaderViewShowStatus();
  837 12F5 CD FB 12     	call ftpheaderviewshowstatus
  838 12F8 C1           	pop bc
  839 12F9 E1           	pop hl
  840 12FA C9           	ret
  841 12FB              ; 75     }
  842 12FB              ; 76 }
  843 12FB              ; 77
  844 12FB              ; 78 void FtpHeaderViewShowStatus() {
  845 12FB              ftpheaderviewshowstatus:
  846 12FB              ; 79     push_pop(hl, bc, de) {
  847 12FB E5           	push hl
  848 12FC C5           	push bc
  849 12FD D5           	push de
  850 12FE              ; 80         a = FtpHeaderViewX;
  851 12FE 3A 37 13     	ld a, (ftpheaderviewx)
  852 1301              ; 81         a += 9;
  853 1301 C6 09        	add 9
  854 1303              ; 82         d = a; // X
  855 1303 57           	ld d, a
  856 1304              ; 83         l = a;
  857 1304 6F           	ld l, a
  858 1305              ; 84         a = FtpHeaderViewY;
  859 1305 3A 38 13     	ld a, (ftpheaderviewy)
  860 1308              ; 85         a += 2;
  861 1308 C6 02        	add 2
  862 130A              ; 86         e = a; // Y
  863 130A 5F           	ld e, a
  864 130B              ; 87         h = a;
  865 130B 67           	ld h, a
  866 130C              ; 88         bios(a = biosSetPositionCursoreHL);
  867 130C 3E 1C        	ld a, 28
  868 130E CD 00 F0     	call bios
  869 1311              ; 89         //--
  870 1311              ; 90         if ((a = FtpHeaderViewStatus) == 0) {
  871 1311 3A 59 13     	ld a, (ftpheaderviewstatus)
  872 1314 B7           	or a
  873 1315 C2 22 13     	jp nz, __l_79
  874 1318              ; 91             hl = FtpHeaderViewStatus0;
  875 1318 21 5A 13     	ld hl, ftpheaderviewstatus0
  876 131B              ; 92             a = FtpHeaderViewColor;
  877 131B 3A 3B 13     	ld a, (ftpheaderviewcolor)
  878 131E              ; 93             c = a;
  879 131E 4F           	ld c, a
  880 131F C3 29 13     	jp __l_80
  881 1322              __l_79:
  882 1322              ; 94         } else {
  883 1322              ; 95             hl = FtpHeaderViewStatus1;
  884 1322 21 65 13     	ld hl, ftpheaderviewstatus1
  885 1325              ; 96             a = FtpHeaderViewConnectColor;
  886 1325 3A 3C 13     	ld a, (ftpheaderviewconnectcolor)
  887 1328              ; 97             c = a;
  888 1328 4F           	ld c, a
  889 1329              __l_80:
  890 1329              ; 98         }
  891 1329              ; 99         bios(a = biosSetColorC);
  892 1329 3E 12        	ld a, 18
  893 132B CD 00 F0     	call bios
  894 132E              ; 100         MyFuncPrintHLStrLenA(a = 14);
  895 132E 3E 0E        	ld a, 14
  896 1330 CD F1 16     	call myfuncprinthlstrlena
  897 1333 D1           	pop de
  898 1334 C1           	pop bc
  899 1335 E1           	pop hl
  900 1336 C9           	ret
  901 1337              ; 101     }
  902 1337              ; 102 }
  903 1337              ; 103
  904 1337              ; 104 uint8_t FtpHeaderViewX = 0;
  905 1337              ftpheaderviewx:
  906 1337 00           	db 0
  907 1338              ; 105 uint8_t FtpHeaderViewY = 0;
  908 1338              ftpheaderviewy:
  909 1338 00           	db 0
  910 1339              ; 106 uint8_t FtpHeaderViewDX = 24;
  911 1339              ftpheaderviewdx:
  912 1339 18           	db 24
  913 133A              ; 107 uint8_t FtpHeaderViewDY = 4;
  914 133A              ftpheaderviewdy:
  915 133A 04           	db 4
  916 133B              ; 112 uint8_t FtpHeaderViewColor = 0x5f; //0x67;
  917 133B              ftpheaderviewcolor:
  918 133B 5F           	db 95
  919 133C              ; 113 uint8_t FtpHeaderViewConnectColor = 0x52;
  920 133C              ftpheaderviewconnectcolor:
  921 133C 52           	db 82
  922 133D              ; 116 uint8_t FtpHeaderViewIpTitle[] =    "IP:";
  923 133D              ftpheaderviewiptitle:
  924 133D 49           	db 73
  925 133E 50           	db 80
  926 133F 3A           	db 58
  927 1340 00           	ds 1
  928 1341              ; 117 uint8_t FtpHeaderViewStateTitle[] = "Status:";
  929 1341              ftpheaderviewstatetitle:
  930 1341 53           	db 83
  931 1342 74           	db 116
  932 1343 61           	db 97
  933 1344 74           	db 116
  934 1345 75           	db 117
  935 1346 73           	db 115
  936 1347 3A           	db 58
  937 1348 00           	ds 1
  938 1349              ; 118 uint8_t FtpHeaderViewIpValue[16] = "0.0.0.0";
  939 1349              ftpheaderviewipvalue:
  940 1349 30           	db 48
  941 134A 2E           	db 46
  942 134B 30           	db 48
  943 134C 2E           	db 46
  944 134D 30           	db 48
  945 134E 2E           	db 46
  946 134F 30           	db 48
  947 1350 00 00 00...  	ds 9
  948 1359              ; 120 uint8_t FtpHeaderViewStatus = 0;
  949 1359              ftpheaderviewstatus:
  950 1359 00           	db 0
  951 135A              ; 121 uint8_t FtpHeaderViewStatus0[] = "DISCONNECT";
  952 135A              ftpheaderviewstatus0:
  953 135A 44           	db 68
  954 135B 49           	db 73
  955 135C 53           	db 83
  956 135D 43           	db 67
  957 135E 4F           	db 79
  958 135F 4E           	db 78
  959 1360 4E           	db 78
  960 1361 45           	db 69
  961 1362 43           	db 67
  962 1363 54           	db 84
  963 1364 00           	ds 1
  964 1365              ; 122 uint8_t FtpHeaderViewStatus1[] = "CONNECT";
  965 1365              ftpheaderviewstatus1:
  966 1365 43           	db 67
  967 1366 4F           	db 79
  968 1367 4E           	db 78
  969 1368 4E           	db 78
  970 1369 45           	db 69
  971 136A 43           	db 67
  972 136B 54           	db 84
  973 136C 00           	ds 1
  974 136D              ; 11 void WiFiHeaderViewStart() {
  975 136D              wifiheaderviewstart:
  976 136D              ; 12     WiFiHeaderViewShow();
  977 136D              ; 13 }
  978 136D              ; 14
  979 136D              ; 15 void WiFiHeaderViewShow() {
  980 136D              wifiheaderviewshow:
  981 136D              ; 16     bios(a = biosSetExtDRVConfigB, b = 0x02);
  982 136D 3E 53        	ld a, 83
  983 136F 06 02        	ld b, 2
  984 1371 CD 00 F0     	call bios
  985 1374              ; 17     c = (a = WiFiHeaderViewColor);
  986 1374 3A 26 14     	ld a, (wifiheaderviewcolor)
  987 1377 4F           	ld c, a
  988 1378              ; 18     l = (a = WiFiHeaderViewX);
  989 1378 3A 22 14     	ld a, (wifiheaderviewx)
  990 137B 6F           	ld l, a
  991 137C              ; 19     h = (a = WiFiHeaderViewY);
  992 137C 3A 23 14     	ld a, (wifiheaderviewy)
  993 137F 67           	ld h, a
  994 1380              ; 20     e = (a = WiFiHeaderViewDX);
  995 1380 3A 24 14     	ld a, (wifiheaderviewdx)
  996 1383 5F           	ld e, a
  997 1384              ; 21     d = (a = WiFiHeaderViewDY);
  998 1384 3A 25 14     	ld a, (wifiheaderviewdy)
  999 1387 57           	ld d, a
 1000 1388              ; 22     bios(a = biosWindowOpen);
 1001 1388 3E 55        	ld a, 85
 1002 138A CD 00 F0     	call bios
 1003 138D              ; 23     MyFuncSetFullScreen();
 1004 138D CD 04 19     	call myfuncsetfullscreen
 1005 1390              ; 24     WiFiHeaderViewShowTitle();
 1006 1390 CD 96 13     	call wifiheaderviewshowtitle
 1007 1393              ; 25     WiFiHeaderViewShowValue();
 1008 1393 C3 E7 13     	jp wifiheaderviewshowvalue
 1009 1396              ; 26 }
 1010 1396              ; 27
 1011 1396              ; 28 void WiFiHeaderViewShowTitle() {
 1012 1396              wifiheaderviewshowtitle:
 1013 1396              ; 29     push_pop(hl, bc) {
 1014 1396 E5           	push hl
 1015 1397 C5           	push bc
 1016 1398              ; 30         //Title
 1017 1398              ; 31         a = WiFiHeaderViewX;
 1018 1398 3A 22 14     	ld a, (wifiheaderviewx)
 1019 139B              ; 32         b = a;
 1020 139B 47           	ld b, a
 1021 139C              ; 33         a = WiFiHeaderViewDX;
 1022 139C 3A 24 14     	ld a, (wifiheaderviewdx)
 1023 139F              ; 34         a += b;
 1024 139F 80           	add b
 1025 13A0              ; 35         a -= 8; //len Title
 1026 13A0 D6 08        	sub 8
 1027 13A2              ; 36         l = a;
 1028 13A2 6F           	ld l, a
 1029 13A3              ; 37         h = (a = WiFiHeaderViewY);
 1030 13A3 3A 23 14     	ld a, (wifiheaderviewy)
 1031 13A6 67           	ld h, a
 1032 13A7              ; 38         bios(a = biosSetPositionCursoreHL);
 1033 13A7 3E 1C        	ld a, 28
 1034 13A9 CD 00 F0     	call bios
 1035 13AC              ; 39         bios(a = biosPrintMessageHL, hl = WiFiHeaderViewTitle);
 1036 13AC 3E 02        	ld a, 2
 1037 13AE 21 2E 14     	ld hl, wifiheaderviewtitle
 1038 13B1 CD 00 F0     	call bios
 1039 13B4              ; 40         //SSID
 1040 13B4              ; 41         a = WiFiHeaderViewX;
 1041 13B4 3A 22 14     	ld a, (wifiheaderviewx)
 1042 13B7              ; 42         a++;
 1043 13B7 3C           	inc a
 1044 13B8              ; 43         l = a;
 1045 13B8 6F           	ld l, a
 1046 13B9              ; 44         a = WiFiHeaderViewY;
 1047 13B9 3A 23 14     	ld a, (wifiheaderviewy)
 1048 13BC              ; 45         a++;
 1049 13BC 3C           	inc a
 1050 13BD              ; 46         h = a;
 1051 13BD 67           	ld h, a
 1052 13BE              ; 47         bios(a = biosSetPositionCursoreHL);
 1053 13BE 3E 1C        	ld a, 28
 1054 13C0 CD 00 F0     	call bios
 1055 13C3              ; 48         bios(a = biosPrintMessageHL, hl = WiFiSettingsViewTitleSSID);
 1056 13C3 3E 02        	ld a, 2
 1057 13C5 21 93 16     	ld hl, wifisettingsviewtitlessid
 1058 13C8 CD 00 F0     	call bios
 1059 13CB              ; 49         //IP
 1060 13CB              ; 50         a = WiFiHeaderViewX;
 1061 13CB 3A 22 14     	ld a, (wifiheaderviewx)
 1062 13CE              ; 51         a += 1;
 1063 13CE C6 01        	add 1
 1064 13D0              ; 52         l = a;
 1065 13D0 6F           	ld l, a
 1066 13D1              ; 53         a = WiFiHeaderViewY;
 1067 13D1 3A 23 14     	ld a, (wifiheaderviewy)
 1068 13D4              ; 54         a += 2;
 1069 13D4 C6 02        	add 2
 1070 13D6              ; 55         h = a;
 1071 13D6 67           	ld h, a
 1072 13D7              ; 56         bios(a = biosSetPositionCursoreHL);
 1073 13D7 3E 1C        	ld a, 28
 1074 13D9 CD 00 F0     	call bios
 1075 13DC              ; 57         bios(a = biosPrintMessageHL, hl = WiFiHeaderViewTitleIP);
 1076 13DC 3E 02        	ld a, 2
 1077 13DE 21 27 14     	ld hl, wifiheaderviewtitleip
 1078 13E1 CD 00 F0     	call bios
 1079 13E4 C1           	pop bc
 1080 13E5 E1           	pop hl
 1081 13E6 C9           	ret
 1082 13E7              ; 58     }
 1083 13E7              ; 59 }
 1084 13E7              ; 60
 1085 13E7              ; 61
 1086 13E7              ; 62
 1087 13E7              ; 63 void WiFiHeaderViewShowValue() {
 1088 13E7              wifiheaderviewshowvalue:
 1089 13E7              ; 64     // set color
 1090 13E7              ; 65     bios(c = (a = WiFiHeaderViewColor), a = biosSetColorC);
 1091 13E7 3A 26 14     	ld a, (wifiheaderviewcolor)
 1092 13EA 4F           	ld c, a
 1093 13EB 3E 12        	ld a, 18
 1094 13ED CD 00 F0     	call bios
 1095 13F0              ; 66     // SSID
 1096 13F0              ; 67     a = WiFiHeaderViewX;
 1097 13F0 3A 22 14     	ld a, (wifiheaderviewx)
 1098 13F3              ; 68     a += 7;
 1099 13F3 C6 07        	add 7
 1100 13F5              ; 69     l = a;
 1101 13F5 6F           	ld l, a
 1102 13F6              ; 70     a = WiFiHeaderViewY;
 1103 13F6 3A 23 14     	ld a, (wifiheaderviewy)
 1104 13F9              ; 71     a += 1;
 1105 13F9 C6 01        	add 1
 1106 13FB              ; 72     h = a;
 1107 13FB 67           	ld h, a
 1108 13FC              ; 73     bios(a = biosSetPositionCursoreHL);
 1109 13FC 3E 1C        	ld a, 28
 1110 13FE CD 00 F0     	call bios
 1111 1401              ; 74     MyFuncPrintHLStrLenA(hl = WiFiSettingsViewSsidValue, a = 16);
 1112 1401 21 AF 16     	ld hl, wifisettingsviewssidvalue
 1113 1404 3E 10        	ld a, 16
 1114 1406 CD F1 16     	call myfuncprinthlstrlena
 1115 1409              ; 75     // IP
 1116 1409              ; 76     a = WiFiHeaderViewX;
 1117 1409 3A 22 14     	ld a, (wifiheaderviewx)
 1118 140C              ; 77     a += 7;
 1119 140C C6 07        	add 7
 1120 140E              ; 78     l = a;
 1121 140E 6F           	ld l, a
 1122 140F              ; 79     a = WiFiHeaderViewY;
 1123 140F 3A 23 14     	ld a, (wifiheaderviewy)
 1124 1412              ; 80     a += 2;
 1125 1412 C6 02        	add 2
 1126 1414              ; 81     h = a;
 1127 1414 67           	ld h, a
 1128 1415              ; 82     bios(a = biosSetPositionCursoreHL);
 1129 1415 3E 1C        	ld a, 28
 1130 1417 CD 00 F0     	call bios
 1131 141A              ; 83     MyFuncPrintHLStrLenA(hl = WiFiSettingsViewIpValue, a = 16);
 1132 141A 21 E1 16     	ld hl, wifisettingsviewipvalue
 1133 141D 3E 10        	ld a, 16
 1134 141F C3 F1 16     	jp myfuncprinthlstrlena
 1135 1422              ; 84 }
 1136 1422              ; 85
 1137 1422              ; 86 uint8_t WiFiHeaderViewX = 24;
 1138 1422              wifiheaderviewx:
 1139 1422 18           	db 24
 1140 1423              ; 87 uint8_t WiFiHeaderViewY = 0;
 1141 1423              wifiheaderviewy:
 1142 1423 00           	db 0
 1143 1424              ; 88 uint8_t WiFiHeaderViewDX = 24;
 1144 1424              wifiheaderviewdx:
 1145 1424 18           	db 24
 1146 1425              ; 89 uint8_t WiFiHeaderViewDY = 4;
 1147 1425              wifiheaderviewdy:
 1148 1425 04           	db 4
 1149 1426              ; 93 uint8_t WiFiHeaderViewColor = 0x5f; //0x67;
 1150 1426              wifiheaderviewcolor:
 1151 1426 5F           	db 95
 1152 1427              ; 96 uint8_t WiFiHeaderViewTitleIP[] =   "IP  : ";
 1153 1427              wifiheaderviewtitleip:
 1154 1427 49           	db 73
 1155 1428 50           	db 80
 1156 1429 20           	db 32
 1157 142A 20           	db 32
 1158 142B 3A           	db 58
 1159 142C 20           	db 32
 1160 142D 00           	ds 1
 1161 142E              ; 97 uint8_t WiFiHeaderViewTitle[] = {0x82, 'W', 'i', '-', 'F', 'i', 0x92, '\0'};
 1162 142E              wifiheaderviewtitle:
 1163 142E 82           	db 130
 1164 142F 57           	db 87
 1165 1430 69           	db 105
 1166 1431 2D           	db 45
 1167 1432 46           	db 70
 1168 1433 69           	db 105
 1169 1434 92           	db 146
 1170 1435 00           	db 0
 1171 1436              ; 99 uint8_t WiFiHeaderViewMNum = 0;
 1172 1436              wifiheaderviewmnum:
 1173 1436 00           	db 0
 1174 1437              ; 11 void WiFiSettingsViewShow() {
 1175 1437              wifisettingsviewshow:
 1176 1437              ; 12     push_pop(bc, hl, de) {
 1177 1437 C5           	push bc
 1178 1438 E5           	push hl
 1179 1439 D5           	push de
 1180 143A              ; 13         CurrentViewChangeAndPushIdA(a = WiFiSettingsViewId);
 1181 143A 3E 05        	ld a, 5
 1182 143C CD 16 24     	call currentviewchangeandpushida
 1183 143F              ; 14         //--
 1184 143F              ; 15         bios(a = biosSetExtDRVConfigB, b = 0x02);
 1185 143F 3E 53        	ld a, 83
 1186 1441 06 02        	ld b, 2
 1187 1443 CD 00 F0     	call bios
 1188 1446              ; 16         c = (a = WiFiSettingsViewColor);
 1189 1446 3A 81 16     	ld a, (wifisettingsviewcolor)
 1190 1449 4F           	ld c, a
 1191 144A              ; 17         l = (a = WiFiSettingsViewX);
 1192 144A 3A 7D 16     	ld a, (wifisettingsviewx)
 1193 144D 6F           	ld l, a
 1194 144E              ; 18         h = (a = WiFiSettingsViewY);
 1195 144E 3A 7E 16     	ld a, (wifisettingsviewy)
 1196 1451 67           	ld h, a
 1197 1452              ; 19         e = (a = WiFiSettingsViewDX);
 1198 1452 3A 7F 16     	ld a, (wifisettingsviewdx)
 1199 1455 5F           	ld e, a
 1200 1456              ; 20         d = (a = WiFiSettingsViewDY);
 1201 1456 3A 80 16     	ld a, (wifisettingsviewdy)
 1202 1459 57           	ld d, a
 1203 145A              ; 21         bios(a = biosWindowSafeOpen);
 1204 145A 3E 57        	ld a, 87
 1205 145C CD 00 F0     	call bios
 1206 145F              ; 22         MyFuncSetFullScreen();
 1207 145F CD 04 19     	call myfuncsetfullscreen
 1208 1462 D1           	pop de
 1209 1463 E1           	pop hl
 1210 1464 C1           	pop bc
 1211 1465              ; 23     }
 1212 1465              ; 24     a = 0;
 1213 1465 3E 00        	ld a, 0
 1214 1467              ; 25     WiFiSettingsViewSelectPos = a;
 1215 1467 32 83 16     	ld (wifisettingsviewselectpos), a
 1216 146A              ; 26     WiFiSettingsViewShowTitle();
 1217 146A CD 75 14     	call wifisettingsviewshowtitle
 1218 146D              ; 27     WiFiSettingsViewShowValue();
 1219 146D CD 18 15     	call wifisettingsviewshowvalue
 1220 1470              ; 28     WiFiSettingsViewSelectLineA(a = 1);
 1221 1470 3E 01        	ld a, 1
 1222 1472 C3 61 15     	jp wifisettingsviewselectlinea
 1223 1475              ; 29 }
 1224 1475              ; 30
 1225 1475              ; 31 void WiFiSettingsViewShowTitle() {
 1226 1475              wifisettingsviewshowtitle:
 1227 1475              ; 32     push_pop(hl, bc, de) {
 1228 1475 E5           	push hl
 1229 1476 C5           	push bc
 1230 1477 D5           	push de
 1231 1478              ; 33         // Title
 1232 1478              ; 34         a = WiFiSettingsViewX;
 1233 1478 3A 7D 16     	ld a, (wifisettingsviewx)
 1234 147B              ; 35         a += 7;
 1235 147B C6 07        	add 7
 1236 147D              ; 36         l = a;
 1237 147D 6F           	ld l, a
 1238 147E              ; 37         a = WiFiSettingsViewY;
 1239 147E 3A 7E 16     	ld a, (wifisettingsviewy)
 1240 1481              ; 38         a += 1; //2;
 1241 1481 C6 01        	add 1
 1242 1483              ; 39         h = a;
 1243 1483 67           	ld h, a
 1244 1484              ; 40         bios(a = biosSetPositionCursoreHL);
 1245 1484 3E 1C        	ld a, 28
 1246 1486 CD 00 F0     	call bios
 1247 1489              ; 41         bios(a = biosPrintMessageHL, hl = WiFiSettingsViewTitle);
 1248 1489 3E 02        	ld a, 2
 1249 148B 21 84 16     	ld hl, wifisettingsviewtitle
 1250 148E CD 00 F0     	call bios
 1251 1491              ; 42         // LINE!!!
 1252 1491              ; 43         a = WiFiSettingsViewX;
 1253 1491 3A 7D 16     	ld a, (wifisettingsviewx)
 1254 1494              ; 44         a += 1;
 1255 1494 C6 01        	add 1
 1256 1496              ; 45         h = a;
 1257 1496 67           	ld h, a
 1258 1497              ; 46         a = WiFiSettingsViewY;
 1259 1497 3A 7E 16     	ld a, (wifisettingsviewy)
 1260 149A              ; 47         a += 2;
 1261 149A C6 02        	add 2
 1262 149C              ; 48         l = a;
 1263 149C 6F           	ld l, a
 1264 149D              ; 49         bios(a = biosSetPositionCursoreHL);
 1265 149D 3E 1C        	ld a, 28
 1266 149F CD 00 F0     	call bios
 1267 14A2              ; 50         a = WiFiSettingsViewDX;
 1268 14A2 3A 7F 16     	ld a, (wifisettingsviewdx)
 1269 14A5              ; 51         a -= 2;
 1270 14A5 D6 02        	sub 2
 1271 14A7              ; 52         b = a;
 1272 14A7 47           	ld b, a
 1273 14A8              ; 53         c = 0x90;
 1274 14A8 0E 90        	ld c, 144
 1275 14AA              ; 54         do {
 1276 14AA              __l_81:
 1277 14AA              ; 55             bios(a = biosPrintC);
 1278 14AA 3E 00        	ld a, 0
 1279 14AC CD 00 F0     	call bios
 1280 14AF              ; 56             b--;
 1281 14AF 05           	dec b
 1282 14B0              __l_82:
 1283 14B0              ; 57         } while ((a = b) > 0);
 1284 14B0 78           	ld a, b
 1285 14B1 B7           	or a
 1286 14B2 C2 AA 14     	jp nz, __l_81
 1287 14B5              ; 58         // SSID
 1288 14B5              ; 59         a = WiFiSettingsViewX;
 1289 14B5 3A 7D 16     	ld a, (wifisettingsviewx)
 1290 14B8              ; 60         a += 2;
 1291 14B8 C6 02        	add 2
 1292 14BA              ; 61         l = a;
 1293 14BA 6F           	ld l, a
 1294 14BB              ; 62         a = WiFiSettingsViewY;
 1295 14BB 3A 7E 16     	ld a, (wifisettingsviewy)
 1296 14BE              ; 63         a += 4;
 1297 14BE C6 04        	add 4
 1298 14C0              ; 64         h = a;
 1299 14C0 67           	ld h, a
 1300 14C1              ; 65         push_pop(hl) {
 1301 14C1 E5           	push hl
 1302 14C2              ; 66             bios(a = biosSetPositionCursoreHL);
 1303 14C2 3E 1C        	ld a, 28
 1304 14C4 CD 00 F0     	call bios
 1305 14C7              ; 67             bios(a = biosPrintMessageHL, hl = WiFiSettingsViewTitleSSID);
 1306 14C7 3E 02        	ld a, 2
 1307 14C9 21 93 16     	ld hl, wifisettingsviewtitlessid
 1308 14CC CD 00 F0     	call bios
 1309 14CF E1           	pop hl
 1310 14D0              ; 68         }
 1311 14D0              ; 69         // PASS
 1312 14D0              ; 70         h++;
 1313 14D0 24           	inc h
 1314 14D1              ; 71         push_pop(hl) {
 1315 14D1 E5           	push hl
 1316 14D2              ; 72             bios(a = biosSetPositionCursoreHL);
 1317 14D2 3E 1C        	ld a, 28
 1318 14D4 CD 00 F0     	call bios
 1319 14D7              ; 73             bios(a = biosPrintMessageHL, hl = WiFiSettingsViewTitlePass);
 1320 14D7 3E 02        	ld a, 2
 1321 14D9 21 9A 16     	ld hl, wifisettingsviewtitlepass
 1322 14DC CD 00 F0     	call bios
 1323 14DF E1           	pop hl
 1324 14E0              ; 74         }
 1325 14E0              ; 75         // MAC
 1326 14E0              ; 76         h++;
 1327 14E0 24           	inc h
 1328 14E1              ; 77         c = h;
 1329 14E1 4C           	ld c, h
 1330 14E2              ; 78         push_pop(hl) {
 1331 14E2 E5           	push hl
 1332 14E3              ; 79             bios(a = biosSetPositionCursoreHL);
 1333 14E3 3E 1C        	ld a, 28
 1334 14E5 CD 00 F0     	call bios
 1335 14E8              ; 80             bios(a = biosPrintMessageHL, hl = WiFiSettingsViewTitleMac);
 1336 14E8 3E 02        	ld a, 2
 1337 14EA 21 A0 16     	ld hl, wifisettingsviewtitlemac
 1338 14ED CD 00 F0     	call bios
 1339 14F0 E1           	pop hl
 1340 14F1              ; 81         }
 1341 14F1              ; 82         // OK
 1342 14F1              ; 83         d = 13;
 1343 14F1 16 0D        	ld d, 13
 1344 14F3              ; 84         e = 3;
 1345 14F3 1E 03        	ld e, 3
 1346 14F5              ; 85         a = WiFiSettingsViewX;
 1347 14F5 3A 7D 16     	ld a, (wifisettingsviewx)
 1348 14F8              ; 86         a += 7;
 1349 14F8 C6 07        	add 7
 1350 14FA              ; 87         h = a;
 1351 14FA 67           	ld h, a
 1352 14FB              ; 88         a = WiFiSettingsViewY;
 1353 14FB 3A 7E 16     	ld a, (wifisettingsviewy)
 1354 14FE              ; 89         a += 8;
 1355 14FE C6 08        	add 8
 1356 1500              ; 90         l = a;
 1357 1500 6F           	ld l, a
 1358 1501              ; 91         if ((a = WiFiSettingsViewSSIDIsConnected) == 0) {
 1359 1501 3A AE 16     	ld a, (wifisettingsviewssidisconnected)
 1360 1504 B7           	or a
 1361 1505 C2 0E 15     	jp nz, __l_84
 1362 1508              ; 92             bc = WiFiSettingsViewButtonTitle;
 1363 1508 01 A6 16     	ld bc, wifisettingsviewbuttontitle
 1364 150B C3 11 15     	jp __l_85
 1365 150E              __l_84:
 1366 150E              ; 93         } else {
 1367 150E              ; 94             bc = StringLocaleOK;
 1368 150E 01 B4 28     	ld bc, stringlocaleok
 1369 1511              __l_85:
 1370 1511              ; 95         }
 1371 1511              ; 96         ButtonShadowViewShow();
 1372 1511 CD 5D 29     	call buttonshadowviewshow
 1373 1514 D1           	pop de
 1374 1515 C1           	pop bc
 1375 1516 E1           	pop hl
 1376 1517 C9           	ret
 1377 1518              ; 97     }
 1378 1518              ; 98 }
 1379 1518              ; 99
 1380 1518              ; 100 void WiFiSettingsViewShowValue() {
 1381 1518              wifisettingsviewshowvalue:
 1382 1518              ; 101     push_pop(hl, bc) {
 1383 1518 E5           	push hl
 1384 1519 C5           	push bc
 1385 151A              ; 102         // set color
 1386 151A              ; 103         bios(c = (a = WiFiSettingsViewColor), a = biosSetColorC);
 1387 151A 3A 81 16     	ld a, (wifisettingsviewcolor)
 1388 151D 4F           	ld c, a
 1389 151E 3E 12        	ld a, 18
 1390 1520 CD 00 F0     	call bios
 1391 1523              ; 104         // SSID
 1392 1523              ; 105         a = WiFiSettingsViewX;
 1393 1523 3A 7D 16     	ld a, (wifisettingsviewx)
 1394 1526              ; 106         a += 8;
 1395 1526 C6 08        	add 8
 1396 1528              ; 107         b = a; // X
 1397 1528 47           	ld b, a
 1398 1529              ; 108         a = WiFiSettingsViewY;
 1399 1529 3A 7E 16     	ld a, (wifisettingsviewy)
 1400 152C              ; 109         a += 4;
 1401 152C C6 04        	add 4
 1402 152E              ; 110         c = a; // Y
 1403 152E 4F           	ld c, a
 1404 152F              ; 111         bios(a = biosSetPositionCursoreHL, h = c, l = b); //h=y l=x
 1405 152F 3E 1C        	ld a, 28
 1406 1531 61           	ld h, c
 1407 1532 68           	ld l, b
 1408 1533 CD 00 F0     	call bios
 1409 1536              ; 112         MyFuncPrintHLStrLenA(hl = WiFiSettingsViewSsidValue, a = 18);
 1410 1536 21 AF 16     	ld hl, wifisettingsviewssidvalue
 1411 1539 3E 12        	ld a, 18
 1412 153B CD F1 16     	call myfuncprinthlstrlena
 1413 153E              ; 113         // PASS
 1414 153E              ; 114         c++;
 1415 153E 0C           	inc c
 1416 153F              ; 115         bios(a = biosSetPositionCursoreHL, h = c, l = b); //h=y l=x
 1417 153F 3E 1C        	ld a, 28
 1418 1541 61           	ld h, c
 1419 1542 68           	ld l, b
 1420 1543 CD 00 F0     	call bios
 1421 1546              ; 116         MyFuncPrintHLPassLenA(hl = WiFiSettingsViewPassValue, a = 18);
 1422 1546 21 BF 16     	ld hl, wifisettingsviewpassvalue
 1423 1549 3E 12        	ld a, 18
 1424 154B CD 20 17     	call myfuncprinthlpasslena
 1425 154E              ; 117         // MAC
 1426 154E              ; 118         c++;
 1427 154E 0C           	inc c
 1428 154F              ; 119         bios(a = biosSetPositionCursoreHL, h = c, l = b); //h=y l=x
 1429 154F 3E 1C        	ld a, 28
 1430 1551 61           	ld h, c
 1431 1552 68           	ld l, b
 1432 1553 CD 00 F0     	call bios
 1433 1556              ; 120         MyFuncPrintHLStrLenA(hl = WiFiSettingsViewMacValue, a = 18);
 1434 1556 21 CF 16     	ld hl, wifisettingsviewmacvalue
 1435 1559 3E 12        	ld a, 18
 1436 155B CD F1 16     	call myfuncprinthlstrlena
 1437 155E C1           	pop bc
 1438 155F E1           	pop hl
 1439 1560 C9           	ret
 1440 1561              ; 121     }
 1441 1561              ; 122 }
 1442 1561              ; 123
 1443 1561              ; 124 /// Рисование линии прямым или инверсным цветом
 1444 1561              ; 125 /// 0 - прямой
 1445 1561              ; 126 /// 1 - инверсный
 1446 1561              ; 127 void WiFiSettingsViewSelectLineA() {
 1447 1561              wifisettingsviewselectlinea:
 1448 1561              ; 128     push_pop(bc, hl) {
 1449 1561 C5           	push bc
 1450 1562 E5           	push hl
 1451 1563              ; 129         c = a;
 1452 1563 4F           	ld c, a
 1453 1564              ; 130         // 0 - Button
 1454 1564              ; 131         if ((a = WiFiSettingsViewSelectPos) == 0) {
 1455 1564 3A 83 16     	ld a, (wifisettingsviewselectpos)
 1456 1567 B7           	or a
 1457 1568 C2 72 15     	jp nz, __l_86
 1458 156B              ; 132             ButtonShadowViewSelectA(a = c);
 1459 156B 79           	ld a, c
 1460 156C CD 8E 29     	call buttonshadowviewselecta
 1461 156F C3 87 15     	jp __l_87
 1462 1572              __l_86:
 1463 1572              ; 133         } else {
 1464 1572              ; 134             WiFiSettingsViewByPosBoxValue();
 1465 1572 CD 8A 15     	call wifisettingsviewbyposboxvalue
 1466 1575              ; 135             // C
 1467 1575              ; 136             if ((a = c) == 0) {
 1468 1575 79           	ld a, c
 1469 1576 B7           	or a
 1470 1577 C2 80 15     	jp nz, __l_88
 1471 157A              ; 137                 a = WiFiSettingsViewColor;
 1472 157A 3A 81 16     	ld a, (wifisettingsviewcolor)
 1473 157D C3 83 15     	jp __l_89
 1474 1580              __l_88:
 1475 1580              ; 138             } else {
 1476 1580              ; 139                 a = WiFiSettingsViewInvColor;
 1477 1580 3A 82 16     	ld a, (wifisettingsviewinvcolor)
 1478 1583              __l_89:
 1479 1583              ; 140             }
 1480 1583              ; 141             c = a;
 1481 1583 4F           	ld c, a
 1482 1584              ; 142             // A
 1483 1584              ; 143             MyViewChangeBoxColor();
 1484 1584 CD 48 11     	call myviewchangeboxcolor
 1485 1587              __l_87:
 1486 1587 E1           	pop hl
 1487 1588 C1           	pop bc
 1488 1589 C9           	ret
 1489 158A              ; 144         }
 1490 158A              ; 145     }
 1491 158A              ; 146 }
 1492 158A              ; 147
 1493 158A              ; 148 /// вых [HL] -
 1494 158A              ; 149 /// вых [DE]-
 1495 158A              ; 150 void WiFiSettingsViewByPosBoxValue() {
 1496 158A              wifisettingsviewbyposboxvalue:
 1497 158A              ; 151     push_pop(bc) {
 1498 158A C5           	push bc
 1499 158B              ; 152         // HL
 1500 158B              ; 153         a = WiFiSettingsViewSelectPos;
 1501 158B 3A 83 16     	ld a, (wifisettingsviewselectpos)
 1502 158E              ; 154         b = a;
 1503 158E 47           	ld b, a
 1504 158F              ; 155         a = WiFiSettingsViewY;
 1505 158F 3A 7E 16     	ld a, (wifisettingsviewy)
 1506 1592              ; 156         a += 3;
 1507 1592 C6 03        	add 3
 1508 1594              ; 157         a += b;
 1509 1594 80           	add b
 1510 1595              ; 158         h = a;
 1511 1595 67           	ld h, a
 1512 1596              ; 159         a = WiFiSettingsViewX;
 1513 1596 3A 7D 16     	ld a, (wifisettingsviewx)
 1514 1599              ; 160         a += 7;
 1515 1599 C6 07        	add 7
 1516 159B              ; 161         l = a;
 1517 159B 6F           	ld l, a
 1518 159C              ; 162         // DE
 1519 159C              ; 163         a = WiFiSettingsViewDX;
 1520 159C 3A 7F 16     	ld a, (wifisettingsviewdx)
 1521 159F              ; 164         a -= 8;
 1522 159F D6 08        	sub 8
 1523 15A1              ; 165         e = a;
 1524 15A1 5F           	ld e, a
 1525 15A2              ; 166         a = 1;
 1526 15A2 3E 01        	ld a, 1
 1527 15A4              ; 167         d = a;
 1528 15A4 57           	ld d, a
 1529 15A5 C1           	pop bc
 1530 15A6 C9           	ret
 1531 15A7              ; 168     }
 1532 15A7              ; 169 }
 1533 15A7              ; 170
 1534 15A7              ; 171 /// Обновление позиции
 1535 15A7              ; 172 /// вх[A]
 1536 15A7              ; 173 /// 0 - без изменений
 1537 15A7              ; 174 /// 1 - вверх
 1538 15A7              ; 175 /// 0xFF - вниз
 1539 15A7              ; 176 void WiFiSettingsViewPosUpdateA() {
 1540 15A7              wifisettingsviewposupdatea:
 1541 15A7              ; 177     push_pop(bc) {
 1542 15A7 C5           	push bc
 1543 15A8              ; 178         b = a;
 1544 15A8 47           	ld b, a
 1545 15A9              ; 179         if (a == 0) {
 1546 15A9 B7           	or a
 1547 15AA C2 B5 15     	jp nz, __l_90
 1548 15AD              ; 180             WiFiSettingsViewSelectLineA(a = 1);
 1549 15AD 3E 01        	ld a, 1
 1550 15AF CD 61 15     	call wifisettingsviewselectlinea
 1551 15B2 C3 D9 15     	jp __l_91
 1552 15B5              __l_90:
 1553 15B5              ; 181         } else {
 1554 15B5              ; 182             a = 3;
 1555 15B5 3E 03        	ld a, 3
 1556 15B7              ; 183             c = a;
 1557 15B7 4F           	ld c, a
 1558 15B8              ; 184             WiFiSettingsViewSelectLineA(a = 0);
 1559 15B8 3E 00        	ld a, 0
 1560 15BA CD 61 15     	call wifisettingsviewselectlinea
 1561 15BD              ; 185             a = WiFiSettingsViewSelectPos;
 1562 15BD 3A 83 16     	ld a, (wifisettingsviewselectpos)
 1563 15C0              ; 186             a += b;
 1564 15C0 80           	add b
 1565 15C1              ; 187             //-- FIX
 1566 15C1              ; 188             if (a == 0xFF) {
 1567 15C1 FE FF        	cp 255
 1568 15C3 C2 CB 15     	jp nz, __l_92
 1569 15C6              ; 189                 a = c;
 1570 15C6 79           	ld a, c
 1571 15C7              ; 190                 a--;
 1572 15C7 3D           	dec a
 1573 15C8 C3 D1 15     	jp __l_93
 1574 15CB              __l_92:
 1575 15CB              ; 191             } else if (a == c) {
 1576 15CB B9           	cp c
 1577 15CC C2 D1 15     	jp nz, __l_94
 1578 15CF              ; 192                 a = 0;
 1579 15CF 3E 00        	ld a, 0
 1580 15D1              __l_94:
 1581 15D1              __l_93:
 1582 15D1              ; 193             }
 1583 15D1              ; 194             //--
 1584 15D1              ; 195             WiFiSettingsViewSelectPos = a;
 1585 15D1 32 83 16     	ld (wifisettingsviewselectpos), a
 1586 15D4              ; 196             WiFiSettingsViewSelectLineA(a = 1);
 1587 15D4 3E 01        	ld a, 1
 1588 15D6 CD 61 15     	call wifisettingsviewselectlinea
 1589 15D9              __l_91:
 1590 15D9 C1           	pop bc
 1591 15DA C9           	ret
 1592 15DB              ; 197         }
 1593 15DB              ; 198     }
 1594 15DB              ; 199 }
 1595 15DB              ; 200
 1596 15DB              ; 201 /// вых [BC] -
 1597 15DB              ; 202 void WiFiSettingsViewByPosValue() {
 1598 15DB              wifisettingsviewbyposvalue:
 1599 15DB              ; 203     push_pop(hl) {
 1600 15DB E5           	push hl
 1601 15DC              ; 204         if ((a = WiFiSettingsViewSelectPos) == 2) {
 1602 15DC 3A 83 16     	ld a, (wifisettingsviewselectpos)
 1603 15DF FE 02        	cp 2
 1604 15E1 C2 EA 15     	jp nz, __l_96
 1605 15E4              ; 205             bc = WiFiSettingsViewPassValue;
 1606 15E4 01 BF 16     	ld bc, wifisettingsviewpassvalue
 1607 15E7 C3 ED 15     	jp __l_97
 1608 15EA              __l_96:
 1609 15EA              ; 206         } else {
 1610 15EA              ; 207             bc = 0;
 1611 15EA 01 00 00     	ld bc, 0
 1612 15ED              __l_97:
 1613 15ED E1           	pop hl
 1614 15EE C9           	ret
 1615 15EF              ; 208         }
 1616 15EF              ; 209     }
 1617 15EF              ; 210 }
 1618 15EF              ; 211
 1619 15EF              ; 212 void WiFiSettingsViewClose() {
 1620 15EF              wifisettingsviewclose:
 1621 15EF              ; 213     bios(a = biosWindowSafeClose);
 1622 15EF 3E 58        	ld a, 88
 1623 15F1 CD 00 F0     	call bios
 1624 15F4              ; 214     CurrentViewReturn();
 1625 15F4 C3 0D 25     	jp currentviewreturn
 1626 15F7              ; 215 }
 1627 15F7              ; 216
 1628 15F7              ; 217 void WiFiSettingsViewKeyA() {
 1629 15F7              wifisettingsviewkeya:
 1630 15F7              ; 218     push_pop(hl) {
 1631 15F7 E5           	push hl
 1632 15F8              ; 219         l = a;
 1633 15F8 6F           	ld l, a
 1634 15F9              ; 220         if ((a = c) == 0) {
 1635 15F9 79           	ld a, c
 1636 15FA B7           	or a
 1637 15FB C2 7B 16     	jp nz, __l_98
 1638 15FE              ; 221             if ((a = CurrentViewId) == WiFiSettingsViewId) {
 1639 15FE 3A 4D 25     	ld a, (currentviewid)
 1640 1601 FE 05        	cp 5
 1641 1603 C2 7B 16     	jp nz, __l_100
 1642 1606              ; 222                 if ((a = l) == 0x1B) { //ESC выход
 1643 1606 7D           	ld a, l
 1644 1607 FE 1B        	cp 27
 1645 1609 C2 12 16     	jp nz, __l_102
 1646 160C              ; 223                     WiFiSettingsViewClose();
 1647 160C CD EF 15     	call wifisettingsviewclose
 1648 160F C3 7B 16     	jp __l_103
 1649 1612              __l_102:
 1650 1612              ; 224                 } else if ((a = l) == 0x0D) { // Выбор
 1651 1612 7D           	ld a, l
 1652 1613 FE 0D        	cp 13
 1653 1615 C2 62 16     	jp nz, __l_104
 1654 1618              ; 225                     if ((a = WiFiSettingsViewSelectPos) == 0) { // OK
 1655 1618 3A 83 16     	ld a, (wifisettingsviewselectpos)
 1656 161B B7           	or a
 1657 161C C2 35 16     	jp nz, __l_106
 1658 161F              ; 226                         WiFiSettingsViewClose();
 1659 161F CD EF 15     	call wifisettingsviewclose
 1660 1622              ; 227                         if ((a = WiFiSettingsViewSSIDIsConnected) == 0) {
 1661 1622 3A AE 16     	ld a, (wifisettingsviewssidisconnected)
 1662 1625 B7           	or a
 1663 1626 C2 32 16     	jp nz, __l_108
 1664 1629              ; 228                             #ifdef _IS_SIMULATOR
 1665 1629              ; 229
 1666 1629              ; 230                             #else
 1667 1629              ; 231                                 NetWiFiConnect(); // Подключиться
 1668 1629 CD A7 2D     	call netwificonnect
 1669 162C              ; 232                                 ThreadsTickNow(); // Обновить
 1670 162C CD 9C 2F     	call threadsticknow
 1671 162F              ; 233                                 ThreadsNetDetectError();
 1672 162F CD 0F 31     	call threadsnetdetecterror
 1673 1632              __l_108:
 1674 1632 C3 5F 16     	jp __l_107
 1675 1635              __l_106:
 1676 1635              ; 234                             #endif
 1677 1635              ; 235                         }
 1678 1635              ; 236                     } else if ((a = WiFiSettingsViewSelectPos) == 1) { // Выбор SSID
 1679 1635 3A 83 16     	ld a, (wifisettingsviewselectpos)
 1680 1638 FE 01        	cp 1
 1681 163A C2 43 16     	jp nz, __l_110
 1682 163D              ; 237                         WiFiNetworksViewShow();
 1683 163D CD 0F 33     	call wifinetworksviewshow
 1684 1640 C3 5F 16     	jp __l_111
 1685 1643              __l_110:
 1686 1643              ; 238                     } else { // Переход в редактирование
 1687 1643              ; 239                         WiFiSettingsViewByPosBoxValue();
 1688 1643 CD 8A 15     	call wifisettingsviewbyposboxvalue
 1689 1646              ; 240                         WiFiSettingsViewByPosValue();
 1690 1646 CD DB 15     	call wifisettingsviewbyposvalue
 1691 1649              ; 241                         EditFieldViewShow();
 1692 1649 CD 04 2A     	call editfieldviewshow
 1693 164C              ; 242                         if (a == 1) { // что то изменилось
 1694 164C FE 01        	cp 1
 1695 164E C2 57 16     	jp nz, __l_112
 1696 1651              ; 243                             #ifdef _IS_SIMULATOR
 1697 1651              ; 244
 1698 1651              ; 245                             #else
 1699 1651              ; 246                                 ThreadsNetPasswordUpdate();
 1700 1651 CD 2C 30     	call threadsnetpasswordupdate
 1701 1654              ; 247                             #endif
 1702 1654              ; 248                             WiFiHeaderViewShowValue();
 1703 1654 CD E7 13     	call wifiheaderviewshowvalue
 1704 1657              __l_112:
 1705 1657              ; 249                         }
 1706 1657              ; 250                         WiFiSettingsViewShowValue();
 1707 1657 CD 18 15     	call wifisettingsviewshowvalue
 1708 165A              ; 251                         WiFiSettingsViewSelectLineA(a = 1);
 1709 165A 3E 01        	ld a, 1
 1710 165C CD 61 15     	call wifisettingsviewselectlinea
 1711 165F              __l_111:
 1712 165F              __l_107:
 1713 165F C3 7B 16     	jp __l_105
 1714 1662              __l_104:
 1715 1662              ; 252                     }
 1716 1662              ; 253                 } else if ((a = l) == 0x1A) { //down
 1717 1662 7D           	ld a, l
 1718 1663 FE 1A        	cp 26
 1719 1665 C2 70 16     	jp nz, __l_114
 1720 1668              ; 254                     WiFiSettingsViewPosUpdateA(a = 0x01);
 1721 1668 3E 01        	ld a, 1
 1722 166A CD A7 15     	call wifisettingsviewposupdatea
 1723 166D C3 7B 16     	jp __l_115
 1724 1670              __l_114:
 1725 1670              ; 255                 } else if ((a = l) == 0x19) { //up
 1726 1670 7D           	ld a, l
 1727 1671 FE 19        	cp 25
 1728 1673 C2 7B 16     	jp nz, __l_116
 1729 1676              ; 256                     WiFiSettingsViewPosUpdateA(a = 0xFF);
 1730 1676 3E FF        	ld a, 255
 1731 1678 CD A7 15     	call wifisettingsviewposupdatea
 1732 167B              __l_116:
 1733 167B              __l_115:
 1734 167B              __l_105:
 1735 167B              __l_103:
 1736 167B              __l_100:
 1737 167B              __l_98:
 1738 167B E1           	pop hl
 1739 167C C9           	ret
 1740 167D              ; 257                 }
 1741 167D              ; 258             }
 1742 167D              ; 259         }
 1743 167D              ; 260     }
 1744 167D              ; 261 }
 1745 167D              ; 262
 1746 167D              ; 263 uint8_t WiFiSettingsViewX = 11;
 1747 167D              wifisettingsviewx:
 1748 167D 0B           	db 11
 1749 167E              ; 264 uint8_t WiFiSettingsViewY = 10;
 1750 167E              wifisettingsviewy:
 1751 167E 0A           	db 10
 1752 167F              ; 265 uint8_t WiFiSettingsViewDX = 27;
 1753 167F              wifisettingsviewdx:
 1754 167F 1B           	db 27
 1755 1680              ; 266 uint8_t WiFiSettingsViewDY = 13;
 1756 1680              wifisettingsviewdy:
 1757 1680 0D           	db 13
 1758 1681              ; 267 uint8_t WiFiSettingsViewColor = 0x70;
 1759 1681              wifisettingsviewcolor:
 1760 1681 70           	db 112
 1761 1682              ; 268 uint8_t WiFiSettingsViewInvColor = 0x07;
 1762 1682              wifisettingsviewinvcolor:
 1763 1682 07           	db 7
 1764 1683              ; 270 uint8_t WiFiSettingsViewSelectPos = 0;
 1765 1683              wifisettingsviewselectpos:
 1766 1683 00           	db 0
 1767 1684              ; 272 uint8_t WiFiSettingsViewTitle[] = "Wi-Fi settings";
 1768 1684              wifisettingsviewtitle:
 1769 1684 57           	db 87
 1770 1685 69           	db 105
 1771 1686 2D           	db 45
 1772 1687 46           	db 70
 1773 1688 69           	db 105
 1774 1689 20           	db 32
 1775 168A 73           	db 115
 1776 168B 65           	db 101
 1777 168C 74           	db 116
 1778 168D 74           	db 116
 1779 168E 69           	db 105
 1780 168F 6E           	db 110
 1781 1690 67           	db 103
 1782 1691 73           	db 115
 1783 1692 00           	ds 1
 1784 1693              ; 273 uint8_t WiFiSettingsViewTitleSSID[] = "SSID: ";
 1785 1693              wifisettingsviewtitlessid:
 1786 1693 53           	db 83
 1787 1694 53           	db 83
 1788 1695 49           	db 73
 1789 1696 44           	db 68
 1790 1697 3A           	db 58
 1791 1698 20           	db 32
 1792 1699 00           	ds 1
 1793 169A              ; 274 uint8_t WiFiSettingsViewTitlePass[] = "Pass:";
 1794 169A              wifisettingsviewtitlepass:
 1795 169A 50           	db 80
 1796 169B 61           	db 97
 1797 169C 73           	db 115
 1798 169D 73           	db 115
 1799 169E 3A           	db 58
 1800 169F 00           	ds 1
 1801 16A0              ; 275 uint8_t WiFiSettingsViewTitleMac[] =  " MAC:";
 1802 16A0              wifisettingsviewtitlemac:
 1803 16A0 20           	db 32
 1804 16A1 4D           	db 77
 1805 16A2 41           	db 65
 1806 16A3 43           	db 67
 1807 16A4 3A           	db 58
 1808 16A5 00           	ds 1
 1809 16A6              ; 276 uint8_t WiFiSettingsViewButtonTitle[] = "Connect";
 1810 16A6              wifisettingsviewbuttontitle:
 1811 16A6 43           	db 67
 1812 16A7 6F           	db 111
 1813 16A8 6E           	db 110
 1814 16A9 6E           	db 110
 1815 16AA 65           	db 101
 1816 16AB 63           	db 99
 1817 16AC 74           	db 116
 1818 16AD 00           	ds 1
 1819 16AE              ; 277 uint8_t WiFiSettingsViewSSIDIsConnected = 0;
 1820 16AE              wifisettingsviewssidisconnected:
 1821 16AE 00           	db 0
 1822 16AF              ; 279 uint8_t WiFiSettingsViewSsidValue[16] = "-";
 1823 16AF              wifisettingsviewssidvalue:
 1824 16AF 2D           	db 45
 1825 16B0 00 00 00...  	ds 15
 1826 16BF              ; 280 uint8_t WiFiSettingsViewPassValue[16] = "-";
 1827 16BF              wifisettingsviewpassvalue:
 1828 16BF 2D           	db 45
 1829 16C0 00 00 00...  	ds 15
 1830 16CF              ; 281 uint8_t WiFiSettingsViewMacValue[18] = "00:00:00:00:00:00";
 1831 16CF              wifisettingsviewmacvalue:
 1832 16CF 30           	db 48
 1833 16D0 30           	db 48
 1834 16D1 3A           	db 58
 1835 16D2 30           	db 48
 1836 16D3 30           	db 48
 1837 16D4 3A           	db 58
 1838 16D5 30           	db 48
 1839 16D6 30           	db 48
 1840 16D7 3A           	db 58
 1841 16D8 30           	db 48
 1842 16D9 30           	db 48
 1843 16DA 3A           	db 58
 1844 16DB 30           	db 48
 1845 16DC 30           	db 48
 1846 16DD 3A           	db 58
 1847 16DE 30           	db 48
 1848 16DF 30           	db 48
 1849 16E0 00           	ds 1
 1850 16E1              ; 282 uint8_t WiFiSettingsViewIpValue[16] = "0.0.0.0";
 1851 16E1              wifisettingsviewipvalue:
 1852 16E1 30           	db 48
 1853 16E2 2E           	db 46
 1854 16E3 30           	db 48
 1855 16E4 2E           	db 46
 1856 16E5 30           	db 48
 1857 16E6 2E           	db 46
 1858 16E7 30           	db 48
 1859 16E8 00 00 00...  	ds 9
 1860 16F1              ; 13 void MyFuncPrintHLStrLenA() {
 1861 16F1              myfuncprinthlstrlena:
 1862 16F1              ; 14     push_pop(bc, de) {
 1863 16F1 C5           	push bc
 1864 16F2 D5           	push de
 1865 16F3              ; 15         b = a;
 1866 16F3 47           	ld b, a
 1867 16F4              ; 16         d = 0;
 1868 16F4 16 00        	ld d, 0
 1869 16F6              ; 17         do {
 1870 16F6              __l_118:
 1871 16F6              ; 18             a = *hl;
 1872 16F6 7E           	ld a, (hl)
 1873 16F7              ; 19             if (a > 0) {
 1874 16F7 B7           	or a
 1875 16F8 CA 02 17     	jp z, __l_121
 1876 16FB              ; 20                 d++;
 1877 16FB 14           	inc d
 1878 16FC              ; 21                 c = a;
 1879 16FC 4F           	ld c, a
 1880 16FD              ; 22                 bios(a = biosPrintC);
 1881 16FD 3E 00        	ld a, 0
 1882 16FF CD 00 F0     	call bios
 1883 1702              __l_121:
 1884 1702              ; 23             }
 1885 1702              ; 24             a = *hl;
 1886 1702 7E           	ld a, (hl)
 1887 1703              ; 25             hl++;
 1888 1703 23           	inc hl
 1889 1704              __l_119:
 1890 1704              ; 26         } while (a > 0);
 1891 1704 B7           	or a
 1892 1705 C2 F6 16     	jp nz, __l_118
 1893 1708              ; 27         if ((a = d) < b) {
 1894 1708 7A           	ld a, d
 1895 1709 B8           	cp b
 1896 170A D2 1D 17     	jp nc, __l_123
 1897 170D              ; 28             a = b;
 1898 170D 78           	ld a, b
 1899 170E              ; 29             a -= d;
 1900 170E 92           	sub d
 1901 170F              ; 30             b = a;
 1902 170F 47           	ld b, a
 1903 1710              ; 31             do {
 1904 1710              __l_125:
 1905 1710              ; 32                 bios(a = biosPrintC, c = ' ');
 1906 1710 3E 00        	ld a, 0
 1907 1712 0E 20        	ld c, 32
 1908 1714 CD 00 F0     	call bios
 1909 1717              ; 33                 b--;
 1910 1717 05           	dec b
 1911 1718              __l_126:
 1912 1718              ; 34             } while ((a = b) > 0);
 1913 1718 78           	ld a, b
 1914 1719 B7           	or a
 1915 171A C2 10 17     	jp nz, __l_125
 1916 171D              __l_123:
 1917 171D D1           	pop de
 1918 171E C1           	pop bc
 1919 171F C9           	ret
 1920 1720              ; 35         }
 1921 1720              ; 36     }
 1922 1720              ; 37 }
 1923 1720              ; 38
 1924 1720              ; 39 /// Выводит строку из HL с текущего положения заменяя все символы *
 1925 1720              ; 40 /// Длиной A. Если текст короче , то добиват до A пробелами
 1926 1720              ; 41 void MyFuncPrintHLPassLenA() {
 1927 1720              myfuncprinthlpasslena:
 1928 1720              ; 42     push_pop(bc, de) {
 1929 1720 C5           	push bc
 1930 1721 D5           	push de
 1931 1722              ; 43         b = a;
 1932 1722 47           	ld b, a
 1933 1723              ; 44         d = 0;
 1934 1723 16 00        	ld d, 0
 1935 1725              ; 45         do {
 1936 1725              __l_128:
 1937 1725              ; 46             a = *hl;
 1938 1725 7E           	ld a, (hl)
 1939 1726              ; 47             if (a > 0) {
 1940 1726 B7           	or a
 1941 1727 CA 32 17     	jp z, __l_131
 1942 172A              ; 48                 d++;
 1943 172A 14           	inc d
 1944 172B              ; 49                 bios(a = biosPrintC, c = '*');
 1945 172B 3E 00        	ld a, 0
 1946 172D 0E 2A        	ld c, 42
 1947 172F CD 00 F0     	call bios
 1948 1732              __l_131:
 1949 1732              ; 50             }
 1950 1732              ; 51             a = *hl;
 1951 1732 7E           	ld a, (hl)
 1952 1733              ; 52             hl++;
 1953 1733 23           	inc hl
 1954 1734              __l_129:
 1955 1734              ; 53         } while (a > 0);
 1956 1734 B7           	or a
 1957 1735 C2 25 17     	jp nz, __l_128
 1958 1738              ; 54         if ((a = d) < b) {
 1959 1738 7A           	ld a, d
 1960 1739 B8           	cp b
 1961 173A D2 4D 17     	jp nc, __l_133
 1962 173D              ; 55             a = b;
 1963 173D 78           	ld a, b
 1964 173E              ; 56             a -= d;
 1965 173E 92           	sub d
 1966 173F              ; 57             b = a;
 1967 173F 47           	ld b, a
 1968 1740              ; 58             do {
 1969 1740              __l_135:
 1970 1740              ; 59                 bios(a = biosPrintC, c = ' ');
 1971 1740 3E 00        	ld a, 0
 1972 1742 0E 20        	ld c, 32
 1973 1744 CD 00 F0     	call bios
 1974 1747              ; 60                 b--;
 1975 1747 05           	dec b
 1976 1748              __l_136:
 1977 1748              ; 61             } while ((a = b) > 0);
 1978 1748 78           	ld a, b
 1979 1749 B7           	or a
 1980 174A C2 40 17     	jp nz, __l_135
 1981 174D              __l_133:
 1982 174D D1           	pop de
 1983 174E C1           	pop bc
 1984 174F C9           	ret
 1985 1750              ; 62         }
 1986 1750              ; 63     }
 1987 1750              ; 64 }
 1988 1750              ; 65
 1989 1750              ; 66 void MyFuncPosXAddA() {
 1990 1750              myfuncposxadda:
 1991 1750              ; 67     push_pop(hl, bc) {
 1992 1750 E5           	push hl
 1993 1751 C5           	push bc
 1994 1752              ; 68         b = a;
 1995 1752 47           	ld b, a
 1996 1753              ; 69         bios(a = biosGetPositionCursoreHL);
 1997 1753 3E 1D        	ld a, 29
 1998 1755 CD 00 F0     	call bios
 1999 1758              ; 70         a = b;
 2000 1758 78           	ld a, b
 2001 1759              ; 71         a += l;
 2002 1759 85           	add l
 2003 175A              ; 72         l = a;
 2004 175A 6F           	ld l, a
 2005 175B              ; 73         bios(a = biosSetPositionCursoreHL);
 2006 175B 3E 1C        	ld a, 28
 2007 175D CD 00 F0     	call bios
 2008 1760 C1           	pop bc
 2009 1761 E1           	pop hl
 2010 1762 C9           	ret
 2011 1763              ; 74     }
 2012 1763              ; 75 }
 2013 1763              ; 76
 2014 1763              ; 77 /// Спавнение HL и DE
 2015 1763              ; 78 /// CF=1 when DE < HL
 2016 1763              ; 79 /// CF=0 DE >= HL
 2017 1763              ; 80 void MyFuncCompareHlDe() {
 2018 1763              myfunccomparehlde:
 2019 1763              ; 81     a = d;
 2020 1763 7A           	ld a, d
 2021 1764              ; 82     a ^= h;
 2022 1764 AC           	xor h
 2023 1765              ; 83     if (flag_p) {
 2024 1765 FA 6B 17     	jp m, __l_138
 2025 1768 C3 72 17     	jp __l_139
 2026 176B              __l_138:
 2027 176B              ; 84     } else {
 2028 176B              ; 85         a ^= d;
 2029 176B AA           	xor d
 2030 176C              ; 86         if (flag_m) {
 2031 176C F2 70 17     	jp p, __l_140
 2032 176F              ; 87             return;
 2033 176F C9           	ret
 2034 1770              __l_140:
 2035 1770              ; 88         }
 2036 1770              ; 89         set_flag_c();
 2037 1770 37           	scf
 2038 1771              ; 90         return;
 2039 1771 C9           	ret
 2040 1772              __l_139:
 2041 1772              ; 91     }
 2042 1772              ; 92     a = e;
 2043 1772 7B           	ld a, e
 2044 1773              ; 93     a -= l;
 2045 1773 95           	sub l
 2046 1774              ; 94     a = d;
 2047 1774 7A           	ld a, d
 2048 1775              ; 95     carry_sub(a, h);
 2049 1775 9C           	sbc h
 2050 1776              ; 96     return;
 2051 1776 C9           	ret
 2052 1777              ; 97 }
 2053 1777              ; 98
 2054 1777              ; 99 /// Вывести на экран значение A как десятичное число с ведущем 0
 2055 1777              ; 100 /// A не больше 99 или 0x63
 2056 1777              ; 101 /// Если больше - ничего не выводит
 2057 1777              ; 102 void MyFuncDec099A() {
 2058 1777              myfuncdec099a:
 2059 1777              ; 103     if (a < 0x64) {
 2060 1777 FE 64        	cp 100
 2061 1779 D2 AA 17     	jp nc, __l_142
 2062 177C              ; 104         push_pop(bc, de) {
 2063 177C C5           	push bc
 2064 177D D5           	push de
 2065 177E              ; 105             b = a;
 2066 177E 47           	ld b, a
 2067 177F              ; 106             c = a;
 2068 177F 4F           	ld c, a
 2069 1780              ; 107             d = 0;
 2070 1780 16 00        	ld d, 0
 2071 1782              ; 108             e = 10;
 2072 1782 1E 0A        	ld e, 10
 2073 1784              ; 109             if ((a = b) < e) {
 2074 1784 78           	ld a, b
 2075 1785 BB           	cp e
 2076 1786 D2 95 17     	jp nc, __l_144
 2077 1789              ; 110                 *hl = (a = '0');
 2078 1789 3E 30        	ld a, 48
 2079 178B 77           	ld (hl), a
 2080 178C              ; 111                 hl++;
 2081 178C 23           	inc hl
 2082 178D              ; 112                 a = b;
 2083 178D 78           	ld a, b
 2084 178E              ; 113                 a += '0';
 2085 178E C6 30        	add 48
 2086 1790              ; 114                 *hl = a;
 2087 1790 77           	ld (hl), a
 2088 1791              ; 115                 hl++;
 2089 1791 23           	inc hl
 2090 1792 C3 A8 17     	jp __l_145
 2091 1795              __l_144:
 2092 1795              ; 116             } else {
 2093 1795              ; 117                 do {
 2094 1795              __l_146:
 2095 1795              ; 118                     a = b;
 2096 1795 78           	ld a, b
 2097 1796              ; 119                     a -= e;
 2098 1796 93           	sub e
 2099 1797              ; 120                     b = a;
 2100 1797 47           	ld b, a
 2101 1798              ; 121                     d++;
 2102 1798 14           	inc d
 2103 1799              __l_147:
 2104 1799              ; 122                 } while ((a = b) >= e);
 2105 1799 78           	ld a, b
 2106 179A BB           	cp e
 2107 179B D2 95 17     	jp nc, __l_146
 2108 179E              ; 123                 a = d;
 2109 179E 7A           	ld a, d
 2110 179F              ; 124                 a += '0';
 2111 179F C6 30        	add 48
 2112 17A1              ; 125                 *hl = a;
 2113 17A1 77           	ld (hl), a
 2114 17A2              ; 126                 hl++;
 2115 17A2 23           	inc hl
 2116 17A3              ; 127                 a = b;
 2117 17A3 78           	ld a, b
 2118 17A4              ; 128                 a += '0';
 2119 17A4 C6 30        	add 48
 2120 17A6              ; 129                 *hl = a;
 2121 17A6 77           	ld (hl), a
 2122 17A7              ; 130                 hl++;
 2123 17A7 23           	inc hl
 2124 17A8              __l_145:
 2125 17A8 D1           	pop de
 2126 17A9 C1           	pop bc
 2127 17AA              __l_142:
 2128 17AA C9           	ret
 2129 17AB              ; 131             }
 2130 17AB              ; 132         }
 2131 17AB              ; 133     }
 2132 17AB              ; 134 }
 2133 17AB              ; 135
 2134 17AB              ; 136 /// Вывести на экран значение A как десятичное число
 2135 17AB              ; 137 /// A не больше 99 или 0x63
 2136 17AB              ; 138 /// Если больше - ничего не выводит
 2137 17AB              ; 139 void MyFuncDec99A() {
 2138 17AB              myfuncdec99a:
 2139 17AB              ; 140     if (a < 0x64) {
 2140 17AB FE 64        	cp 100
 2141 17AD D2 DE 17     	jp nc, __l_149
 2142 17B0              ; 141         push_pop(bc, de) {
 2143 17B0 C5           	push bc
 2144 17B1 D5           	push de
 2145 17B2              ; 142             b = a;
 2146 17B2 47           	ld b, a
 2147 17B3              ; 143             c = a;
 2148 17B3 4F           	ld c, a
 2149 17B4              ; 144             d = 0;
 2150 17B4 16 00        	ld d, 0
 2151 17B6              ; 145             e = 10;
 2152 17B6 1E 0A        	ld e, 10
 2153 17B8              ; 146             if ((a = b) < e) {
 2154 17B8 78           	ld a, b
 2155 17B9 BB           	cp e
 2156 17BA D2 C9 17     	jp nc, __l_151
 2157 17BD              ; 147                 *hl = (a = ' ');
 2158 17BD 3E 20        	ld a, 32
 2159 17BF 77           	ld (hl), a
 2160 17C0              ; 148                 hl++;
 2161 17C0 23           	inc hl
 2162 17C1              ; 149                 a = b;
 2163 17C1 78           	ld a, b
 2164 17C2              ; 150                 a += '0';
 2165 17C2 C6 30        	add 48
 2166 17C4              ; 151                 *hl = a;
 2167 17C4 77           	ld (hl), a
 2168 17C5              ; 152                 hl++;
 2169 17C5 23           	inc hl
 2170 17C6 C3 DC 17     	jp __l_152
 2171 17C9              __l_151:
 2172 17C9              ; 153             } else {
 2173 17C9              ; 154                 do {
 2174 17C9              __l_153:
 2175 17C9              ; 155                     a = b;
 2176 17C9 78           	ld a, b
 2177 17CA              ; 156                     a -= e;
 2178 17CA 93           	sub e
 2179 17CB              ; 157                     b = a;
 2180 17CB 47           	ld b, a
 2181 17CC              ; 158                     d++;
 2182 17CC 14           	inc d
 2183 17CD              __l_154:
 2184 17CD              ; 159                 } while ((a = b) >= e);
 2185 17CD 78           	ld a, b
 2186 17CE BB           	cp e
 2187 17CF D2 C9 17     	jp nc, __l_153
 2188 17D2              ; 160                 a = d;
 2189 17D2 7A           	ld a, d
 2190 17D3              ; 161                 a += '0';
 2191 17D3 C6 30        	add 48
 2192 17D5              ; 162                 *hl = a;
 2193 17D5 77           	ld (hl), a
 2194 17D6              ; 163                 hl++;
 2195 17D6 23           	inc hl
 2196 17D7              ; 164                 a = b;
 2197 17D7 78           	ld a, b
 2198 17D8              ; 165                 a += '0';
 2199 17D8 C6 30        	add 48
 2200 17DA              ; 166                 *hl = a;
 2201 17DA 77           	ld (hl), a
 2202 17DB              ; 167                 hl++;
 2203 17DB 23           	inc hl
 2204 17DC              __l_152:
 2205 17DC D1           	pop de
 2206 17DD C1           	pop bc
 2207 17DE              __l_149:
 2208 17DE C9           	ret
 2209 17DF              ; 168             }
 2210 17DF              ; 169         }
 2211 17DF              ; 170     }
 2212 17DF              ; 171 }
 2213 17DF              ; 172
 2214 17DF              ; 173 uint16_t MyFuncDec4095HL = 0;
 2215 17DF              myfuncdec4095hl:
 2216 17DF 00 00        	dw 0
 2217 17E1              ; 174 void MyFuncDec4095SaveA(){
 2218 17E1              myfuncdec4095savea:
 2219 17E1              ; 175     push_pop(hl) {
 2220 17E1 E5           	push hl
 2221 17E2              ; 176         hl = MyFuncDec4095HL;
 2222 17E2 2A DF 17     	ld hl, (myfuncdec4095hl)
 2223 17E5              ; 177         *hl = a;
 2224 17E5 77           	ld (hl), a
 2225 17E6              ; 178         hl++;
 2226 17E6 23           	inc hl
 2227 17E7              ; 179         MyFuncDec4095HL = hl;
 2228 17E7 22 DF 17     	ld (myfuncdec4095hl), hl
 2229 17EA E1           	pop hl
 2230 17EB C9           	ret
 2231 17EC              ; 180     }
 2232 17EC              ; 181 }
 2233 17EC              ; 182 void MyFuncDec4095DeByHl() {
 2234 17EC              myfuncdec4095debyhl:
 2235 17EC              ; 183     MyFuncDec4095HL = hl;
 2236 17EC 22 DF 17     	ld (myfuncdec4095hl), hl
 2237 17EF              ; 184     push_pop(bc, de, hl) {
 2238 17EF C5           	push bc
 2239 17F0 D5           	push de
 2240 17F1 E5           	push hl
 2241 17F2              ; 185         swap(hl, de);
 2242 17F2 EB           	ex hl, de
 2243 17F3              ; 186         de = 0x0FFF;
 2244 17F3 11 FF 0F     	ld de, 4095
 2245 17F6              ; 187         MyFuncCompareHlDe();
 2246 17F6 CD 63 17     	call myfunccomparehlde
 2247 17F9              ; 188         if (flag_nc) {
 2248 17F9 DA 94 18     	jp c, __l_156
 2249 17FC              ; 189             c = 0; // Признак ведущего нуля (0 - ставить " ", а не 0)
 2250 17FC 0E 00        	ld c, 0
 2251 17FE              ; 190             //1000
 2252 17FE              ; 191             de = 0x03E8;
 2253 17FE 11 E8 03     	ld de, 1000
 2254 1801              ; 192             MyFuncCompareHlDe();
 2255 1801 CD 63 17     	call myfunccomparehlde
 2256 1804              ; 193             if (flag_c) {
 2257 1804 D2 22 18     	jp nc, __l_158
 2258 1807              ; 194                 b = 0;
 2259 1807 06 00        	ld b, 0
 2260 1809              ; 195                 do {
 2261 1809              __l_160:
 2262 1809              ; 196                     de = 0xFC18;
 2263 1809 11 18 FC     	ld de, 64536
 2264 180C              ; 197                     hl += de;
 2265 180C 19           	add hl, de
 2266 180D              ; 198                     b++;
 2267 180D 04           	inc b
 2268 180E              ; 199                     de = 0x03E8;
 2269 180E 11 E8 03     	ld de, 1000
 2270 1811              ; 200                     MyFuncCompareHlDe();
 2271 1811 CD 63 17     	call myfunccomparehlde
 2272 1814              __l_161:
 2273 1814 DA 09 18     	jp c, __l_160
 2274 1817              ; 201                 } while (flag_c);
 2275 1817              ; 202                 a = b;
 2276 1817 78           	ld a, b
 2277 1818              ; 203                 a += '0';
 2278 1818 C6 30        	add 48
 2279 181A              ; 204                 MyFuncDec4095SaveA();
 2280 181A CD E1 17     	call myfuncdec4095savea
 2281 181D              ; 205                 c = 1;
 2282 181D 0E 01        	ld c, 1
 2283 181F C3 27 18     	jp __l_159
 2284 1822              __l_158:
 2285 1822              ; 206             } else {
 2286 1822              ; 207                 MyFuncDec4095SaveA(a = ' ');
 2287 1822 3E 20        	ld a, 32
 2288 1824 CD E1 17     	call myfuncdec4095savea
 2289 1827              __l_159:
 2290 1827              ; 208             }
 2291 1827              ; 209             //0100
 2292 1827              ; 210             de = 0x0064;
 2293 1827 11 64 00     	ld de, 100
 2294 182A              ; 211             MyFuncCompareHlDe();
 2295 182A CD 63 17     	call myfunccomparehlde
 2296 182D              ; 212             if (flag_c) {
 2297 182D D2 4B 18     	jp nc, __l_163
 2298 1830              ; 213                 b = 0;
 2299 1830 06 00        	ld b, 0
 2300 1832              ; 214                 do {
 2301 1832              __l_165:
 2302 1832              ; 215                     de = 0xFF9C;
 2303 1832 11 9C FF     	ld de, 65436
 2304 1835              ; 216                     hl += de;
 2305 1835 19           	add hl, de
 2306 1836              ; 217                     b++;
 2307 1836 04           	inc b
 2308 1837              ; 218                     de = 0x0064;
 2309 1837 11 64 00     	ld de, 100
 2310 183A              ; 219                     MyFuncCompareHlDe();
 2311 183A CD 63 17     	call myfunccomparehlde
 2312 183D              __l_166:
 2313 183D DA 32 18     	jp c, __l_165
 2314 1840              ; 220                 } while (flag_c);
 2315 1840              ; 221                 a = b;
 2316 1840 78           	ld a, b
 2317 1841              ; 222                 a += '0';
 2318 1841 C6 30        	add 48
 2319 1843              ; 223                 MyFuncDec4095SaveA();
 2320 1843 CD E1 17     	call myfuncdec4095savea
 2321 1846              ; 224                 c = 1;
 2322 1846 0E 01        	ld c, 1
 2323 1848 C3 5D 18     	jp __l_164
 2324 184B              __l_163:
 2325 184B              ; 225             } else {
 2326 184B              ; 226                 if ((a = c) == 0) {
 2327 184B 79           	ld a, c
 2328 184C B7           	or a
 2329 184D C2 58 18     	jp nz, __l_168
 2330 1850              ; 227                     MyFuncDec4095SaveA(a = ' ');
 2331 1850 3E 20        	ld a, 32
 2332 1852 CD E1 17     	call myfuncdec4095savea
 2333 1855 C3 5D 18     	jp __l_169
 2334 1858              __l_168:
 2335 1858              ; 228                 } else {
 2336 1858              ; 229                     MyFuncDec4095SaveA(a = '0');
 2337 1858 3E 30        	ld a, 48
 2338 185A CD E1 17     	call myfuncdec4095savea
 2339 185D              __l_169:
 2340 185D              __l_164:
 2341 185D              ; 230                 }
 2342 185D              ; 231             }
 2343 185D              ; 232             a = l;
 2344 185D 7D           	ld a, l
 2345 185E              ; 233             if ((a = l) >= 10) {
 2346 185E 7D           	ld a, l
 2347 185F FE 0A        	cp 10
 2348 1861 DA 7C 18     	jp c, __l_170
 2349 1864              ; 234                 b = 0;
 2350 1864 06 00        	ld b, 0
 2351 1866              ; 235                 do {
 2352 1866              __l_172:
 2353 1866              ; 236                     a = l;
 2354 1866 7D           	ld a, l
 2355 1867              ; 237                     a -= 10;
 2356 1867 D6 0A        	sub 10
 2357 1869              ; 238                     l = a;
 2358 1869 6F           	ld l, a
 2359 186A              ; 239                     b++;
 2360 186A 04           	inc b
 2361 186B              __l_173:
 2362 186B              ; 240                 } while ((a = l) >= 10);
 2363 186B 7D           	ld a, l
 2364 186C FE 0A        	cp 10
 2365 186E D2 66 18     	jp nc, __l_172
 2366 1871              ; 241                 a = b;
 2367 1871 78           	ld a, b
 2368 1872              ; 242                 a += '0';
 2369 1872 C6 30        	add 48
 2370 1874              ; 243                 MyFuncDec4095SaveA();
 2371 1874 CD E1 17     	call myfuncdec4095savea
 2372 1877              ; 244                 c = 1;
 2373 1877 0E 01        	ld c, 1
 2374 1879 C3 8E 18     	jp __l_171
 2375 187C              __l_170:
 2376 187C              ; 245             } else {
 2377 187C              ; 246                 if ((a = c) == 0) {
 2378 187C 79           	ld a, c
 2379 187D B7           	or a
 2380 187E C2 89 18     	jp nz, __l_175
 2381 1881              ; 247                     MyFuncDec4095SaveA(a = ' ');
 2382 1881 3E 20        	ld a, 32
 2383 1883 CD E1 17     	call myfuncdec4095savea
 2384 1886 C3 8E 18     	jp __l_176
 2385 1889              __l_175:
 2386 1889              ; 248                 } else {
 2387 1889              ; 249                     MyFuncDec4095SaveA(a = '0');
 2388 1889 3E 30        	ld a, 48
 2389 188B CD E1 17     	call myfuncdec4095savea
 2390 188E              __l_176:
 2391 188E              __l_171:
 2392 188E              ; 250                 }
 2393 188E              ; 251             }
 2394 188E              ; 252             //0001
 2395 188E              ; 253             a = l;
 2396 188E 7D           	ld a, l
 2397 188F              ; 254             a += '0';
 2398 188F C6 30        	add 48
 2399 1891              ; 255             MyFuncDec4095SaveA();
 2400 1891 CD E1 17     	call myfuncdec4095savea
 2401 1894              __l_156:
 2402 1894 E1           	pop hl
 2403 1895 D1           	pop de
 2404 1896 C1           	pop bc
 2405 1897 C9           	ret
 2406 1898              ; 256         }
 2407 1898              ; 257     }
 2408 1898              ; 258 }
 2409 1898              ; 259
 2410 1898              ; 260 void MyFunc4CharSizeDE() {
 2411 1898              myfunc4charsizede:
 2412 1898              ; 261     push_pop(hl, de) {
 2413 1898 E5           	push hl
 2414 1899 D5           	push de
 2415 189A              ; 262         hl = MyFunc4Chars;
 2416 189A 21 BB 18     	ld hl, myfunc4chars
 2417 189D              ; 263         if ((a = d) < 4) { // < 1024 в байтах //flag_c
 2418 189D 7A           	ld a, d
 2419 189E FE 04        	cp 4
 2420 18A0 D2 A9 18     	jp nc, __l_177
 2421 18A3              ; 264             MyFuncDec4095DeByHl();
 2422 18A3 CD EC 17     	call myfuncdec4095debyhl
 2423 18A6 C3 B8 18     	jp __l_178
 2424 18A9              __l_177:
 2425 18A9              ; 265         } else { // В Кб
 2426 18A9              ; 266             a = d;
 2427 18A9 7A           	ld a, d
 2428 18AA              ; 267             a &= 0xFC;
 2429 18AA E6 FC        	and 252
 2430 18AC              ; 268             cyclic_rotate_right(a, 2);
 2431 18AC 0F           	rrca
 2432 18AD 0F           	rrca
 2433 18AE              ; 269             MyFuncDec99A();
 2434 18AE CD AB 17     	call myfuncdec99a
 2435 18B1              ; 270             *hl = (a = 'K');
 2436 18B1 3E 4B        	ld a, 75
 2437 18B3 77           	ld (hl), a
 2438 18B4              ; 271             hl++;
 2439 18B4 23           	inc hl
 2440 18B5              ; 272             *hl = (a = 'b');
 2441 18B5 3E 62        	ld a, 98
 2442 18B7 77           	ld (hl), a
 2443 18B8              __l_178:
 2444 18B8 D1           	pop de
 2445 18B9 E1           	pop hl
 2446 18BA C9           	ret
 2447 18BB              ; 273         }
 2448 18BB              ; 274     }
 2449 18BB              ; 275 }
 2450 18BB              ; 276
 2451 18BB              ; 277 uint8_t MyFunc4Chars[4] = {0x00, 0x00, 0x00, 0x00};
 2452 18BB              myfunc4chars:
 2453 18BB 00           	db 0
 2454 18BC 00           	db 0
 2455 18BD 00           	db 0
 2456 18BE 00           	db 0
 2457 18BF              ; 279 void MyFuncLoadEXTDRV() {
 2458 18BF              myfuncloadextdrv:
 2459 18BF              ; 280     // проверка наличия драйвера
 2460 18BF              ; 281     bios(a = biosGetExtDRVVersion);
 2461 18BF 3E 50        	ld a, 80
 2462 18C1 CD 00 F0     	call bios
 2463 18C4              ; 282     if (flag_c) {
 2464 18C4 D2 E6 18     	jp nc, __l_179
 2465 18C7              ; 283         // Загрузка драйвера в (WP)
 2466 18C7              ; 284         bios(a = biosSetNameBufferHL, hl = MyFuncEXTDRV_FileName);
 2467 18C7 3E 85        	ld a, 133
 2468 18C9 21 E7 18     	ld hl, myfuncextdrv_filename
 2469 18CC CD 00 F0     	call bios
 2470 18CF              ; 285         bios(a = biosLoadFileBC, b = 0x01, c = 0x00);
 2471 18CF 3E 8B        	ld a, 139
 2472 18D1 06 01        	ld b, 1
 2473 18D3 0E 00        	ld c, 0
 2474 18D5 CD 00 F0     	call bios
 2475 18D8              ; 286         if (flag_c) {
 2476 18D8 D2 DE 18     	jp nc, __l_181
 2477 18DB C3 E3 18     	jp __l_182
 2478 18DE              __l_181:
 2479 18DE              ; 287             // ошибка
 2480 18DE              ; 288         } else {
 2481 18DE              ; 289             // Установка драйвера в CONIO
 2482 18DE              ; 290             bios(a = biosSetDriverExtensionHL);
 2483 18DE 3E 2C        	ld a, 44
 2484 18E0 CD 00 F0     	call bios
 2485 18E3              __l_182:
 2486 18E3 C3 E6 18     	jp __l_180
 2487 18E6              __l_179:
 2488 18E6              ; 291         }
 2489 18E6              ; 292     } else {
 2490 18E6              __l_180:
 2491 18E6 C9           	ret
 2492 18E7              ; 293         // есть
 2493 18E7              ; 294     }
 2494 18E7              ; 295 }
 2495 18E7              ; 296 uint8_t MyFuncEXTDRV_FileName[] = "EXTDRV";
 2496 18E7              myfuncextdrv_filename:
 2497 18E7 45           	db 69
 2498 18E8 58           	db 88
 2499 18E9 54           	db 84
 2500 18EA 44           	db 68
 2501 18EB 52           	db 82
 2502 18EC 56           	db 86
 2503 18ED 00           	ds 1
 2504 18EE              ; 298 void MyFuncCheckExtDrv() {
 2505 18EE              myfunccheckextdrv:
 2506 18EE              ; 299     bios(a = biosGetExtDRVVersion);
 2507 18EE 3E 50        	ld a, 80
 2508 18F0 CD 00 F0     	call bios
 2509 18F3              ; 300     if (flag_c) {
 2510 18F3 D2 F9 18     	jp nc, __l_183
 2511 18F6 C3 02 19     	jp __l_184
 2512 18F9              __l_183:
 2513 18F9              ; 301     } else {
 2514 18F9              ; 302         compare(a, 0x27);
 2515 18F9 FE 27        	cp 39
 2516 18FB              ; 303         if (flag_nc) {
 2517 18FB DA 02 19     	jp c, __l_185
 2518 18FE              ; 304             a = 0xBB;
 2519 18FE 3E BB        	ld a, 187
 2520 1900              ; 305             a -= b;
 2521 1900 90           	sub b
 2522 1901              ; 306             if (flag_z) return;
 2523 1901 C8           	ret z
 2524 1902              __l_185:
 2525 1902              __l_184:
 2526 1902 C9           	ret
 2527 1903              ; 307         }
 2528 1903              ; 308     }
 2529 1903              ; 309 }
 2530 1903              ; 310 uint8_t MyFunc_DefExtDrv_Version = 0x27;
 2531 1903              myfunc_defextdrv_version:
 2532 1903 27           	db 39
 2533 1904              ; 312 void MyFuncSetFullScreen() {
 2534 1904              myfuncsetfullscreen:
 2535 1904              ; 313     push_pop(hl) {
 2536 1904 E5           	push hl
 2537 1905              ; 314         bios(a = biosSetScreenBeginHL, hl = 0x0000);
 2538 1905 3E 18        	ld a, 24
 2539 1907 21 00 00     	ld hl, 0
 2540 190A CD 00 F0     	call bios
 2541 190D              ; 315         bios(a = biosSetScreenSizeHL, h = 32, l = 48);
 2542 190D 3E 1A        	ld a, 26
 2543 190F 26 20        	ld h, 32
 2544 1911 2E 30        	ld l, 48
 2545 1913 CD 00 F0     	call bios
 2546 1916 E1           	pop hl
 2547 1917 C9           	ret
 2548 1918              ; 11 void HelpFooterViewShow() {
 2549 1918              helpfooterviewshow:
 2550 1918              ; 12     push_pop(bc, hl, de) {
 2551 1918 C5           	push bc
 2552 1919 E5           	push hl
 2553 191A D5           	push de
 2554 191B              ; 13         c = (a = HelpFooterViewColor);
 2555 191B 3A 87 19     	ld a, (helpfooterviewcolor)
 2556 191E 4F           	ld c, a
 2557 191F              ; 14         l = (a = HelpFooterViewX);
 2558 191F 3A 83 19     	ld a, (helpfooterviewx)
 2559 1922 6F           	ld l, a
 2560 1923              ; 15         h = (a = HelpFooterViewY);
 2561 1923 3A 84 19     	ld a, (helpfooterviewy)
 2562 1926 67           	ld h, a
 2563 1927              ; 16         e = (a = HelpFooterViewDX);
 2564 1927 3A 85 19     	ld a, (helpfooterviewdx)
 2565 192A 5F           	ld e, a
 2566 192B              ; 17         d = (a = HelpFooterViewDY);
 2567 192B 3A 86 19     	ld a, (helpfooterviewdy)
 2568 192E 57           	ld d, a
 2569 192F              ; 18         push_pop(bc, hl, de) {
 2570 192F C5           	push bc
 2571 1930 E5           	push hl
 2572 1931 D5           	push de
 2573 1932              ; 19             MyViewClearBox();
 2574 1932 CD 81 11     	call myviewclearbox
 2575 1935 D1           	pop de
 2576 1936 E1           	pop hl
 2577 1937 C1           	pop bc
 2578 1938              ; 20         }
 2579 1938              ; 21         MyViewChangeBoxColor();
 2580 1938 CD 48 11     	call myviewchangeboxcolor
 2581 193B              ; 22         MyFuncSetFullScreen();
 2582 193B CD 04 19     	call myfuncsetfullscreen
 2583 193E              ; 23         HelpFooterViewShowStr();
 2584 193E CD 45 19     	call helpfooterviewshowstr
 2585 1941 D1           	pop de
 2586 1942 E1           	pop hl
 2587 1943 C1           	pop bc
 2588 1944 C9           	ret
 2589 1945              ; 24     }
 2590 1945              ; 25 }
 2591 1945              ; 26
 2592 1945              ; 27 void HelpFooterViewShowStr() {
 2593 1945              helpfooterviewshowstr:
 2594 1945              ; 28     l = (a = HelpFooterViewX);
 2595 1945 3A 83 19     	ld a, (helpfooterviewx)
 2596 1948 6F           	ld l, a
 2597 1949              ; 29     l++;
 2598 1949 2C           	inc l
 2599 194A              ; 30     h = (a = HelpFooterViewY);
 2600 194A 3A 84 19     	ld a, (helpfooterviewy)
 2601 194D 67           	ld h, a
 2602 194E              ; 31     h++;
 2603 194E 24           	inc h
 2604 194F              ; 32     bios(a = biosSetPositionCursoreHL);
 2605 194F 3E 1C        	ld a, 28
 2606 1951 CD 00 F0     	call bios
 2607 1954              ; 33
 2608 1954              ; 34     bios(a = biosPrintMessageHL, hl = HelpFooterViewTitleF1);
 2609 1954 3E 02        	ld a, 2
 2610 1956 21 88 19     	ld hl, helpfooterviewtitlef1
 2611 1959 CD 00 F0     	call bios
 2612 195C              ; 35
 2613 195C              ; 36     MyFuncPosXAddA(a = 5);
 2614 195C 3E 05        	ld a, 5
 2615 195E CD 50 17     	call myfuncposxadda
 2616 1961              ; 37     bios(a = biosPrintMessageHL, hl = HelpFooterViewTitleF2);
 2617 1961 3E 02        	ld a, 2
 2618 1963 21 8F 19     	ld hl, helpfooterviewtitlef2
 2619 1966 CD 00 F0     	call bios
 2620 1969              ; 38
 2621 1969              ; 39     MyFuncPosXAddA(a = 5);
 2622 1969 3E 05        	ld a, 5
 2623 196B CD 50 17     	call myfuncposxadda
 2624 196E              ; 40     bios(a = biosPrintMessageHL, hl = HelpFooterViewTitleF3);
 2625 196E 3E 02        	ld a, 2
 2626 1970 21 99 19     	ld hl, helpfooterviewtitlef3
 2627 1973 CD 00 F0     	call bios
 2628 1976              ; 41
 2629 1976              ; 42     MyFuncPosXAddA(a = 5);
 2630 1976 3E 05        	ld a, 5
 2631 1978 CD 50 17     	call myfuncposxadda
 2632 197B              ; 43     bios(a = biosPrintMessageHL, hl = HelpFooterViewTitleF4);
 2633 197B 3E 02        	ld a, 2
 2634 197D 21 A2 19     	ld hl, helpfooterviewtitlef4
 2635 1980 C3 00 F0     	jp bios
 2636 1983              ; 44 }
 2637 1983              ; 45
 2638 1983              ; 46 uint8_t HelpFooterViewX = 0;
 2639 1983              helpfooterviewx:
 2640 1983 00           	db 0
 2641 1984              ; 47 uint8_t HelpFooterViewY = 29;
 2642 1984              helpfooterviewy:
 2643 1984 1D           	db 29
 2644 1985              ; 48 uint8_t HelpFooterViewDX = 48;
 2645 1985              helpfooterviewdx:
 2646 1985 30           	db 48
 2647 1986              ; 49 uint8_t HelpFooterViewDY = 3;
 2648 1986              helpfooterviewdy:
 2649 1986 03           	db 3
 2650 1987              ; 53 uint8_t HelpFooterViewColor = 0x5f; //0x67;
 2651 1987              helpfooterviewcolor:
 2652 1987 5F           	db 95
 2653 1988              ; 56 uint8_t HelpFooterViewTitleF1[] = "F1: ..";
 2654 1988              helpfooterviewtitlef1:
 2655 1988 46           	db 70
 2656 1989 31           	db 49
 2657 198A 3A           	db 58
 2658 198B 20           	db 32
 2659 198C 2E           	db 46
 2660 198D 2E           	db 46
 2661 198E 00           	ds 1
 2662 198F              ; 57 uint8_t HelpFooterViewTitleF2[] = "F2: Wi-Fi";
 2663 198F              helpfooterviewtitlef2:
 2664 198F 46           	db 70
 2665 1990 32           	db 50
 2666 1991 3A           	db 58
 2667 1992 20           	db 32
 2668 1993 57           	db 87
 2669 1994 69           	db 105
 2670 1995 2D           	db 45
 2671 1996 46           	db 70
 2672 1997 69           	db 105
 2673 1998 00           	ds 1
 2674 1999              ; 58 uint8_t HelpFooterViewTitleF3[] = "F3: FTP ";
 2675 1999              helpfooterviewtitlef3:
 2676 1999 46           	db 70
 2677 199A 33           	db 51
 2678 199B 3A           	db 58
 2679 199C 20           	db 32
 2680 199D 46           	db 70
 2681 199E 54           	db 84
 2682 199F 50           	db 80
 2683 19A0 20           	db 32
 2684 19A1 00           	ds 1
 2685 19A2              ; 59 uint8_t HelpFooterViewTitleF4[] = "F4: Quit";
 2686 19A2              helpfooterviewtitlef4:
 2687 19A2 46           	db 70
 2688 19A3 34           	db 52
 2689 19A4 3A           	db 58
 2690 19A5 20           	db 32
 2691 19A6 51           	db 81
 2692 19A7 75           	db 117
 2693 19A8 69           	db 105
 2694 19A9 74           	db 116
 2695 19AA 00           	ds 1
 2696 19AB              ; 11 void FtpViewShow() {
 2697 19AB              ftpviewshow:
 2698 19AB              ; 12     push_pop(bc, hl, de) {
 2699 19AB C5           	push bc
 2700 19AC E5           	push hl
 2701 19AD D5           	push de
 2702 19AE              ; 13         bios(a = biosSetExtDRVConfigB, b = 0x02);
 2703 19AE 3E 53        	ld a, 83
 2704 19B0 06 02        	ld b, 2
 2705 19B2 CD 00 F0     	call bios
 2706 19B5              ; 14         c = (a = FtpViewColor);
 2707 19B5 3A 7C 1E     	ld a, (ftpviewcolor)
 2708 19B8 4F           	ld c, a
 2709 19B9              ; 15         l = (a = FtpViewX);
 2710 19B9 3A 78 1E     	ld a, (ftpviewx)
 2711 19BC 6F           	ld l, a
 2712 19BD              ; 16         h = (a = FtpViewY);
 2713 19BD 3A 79 1E     	ld a, (ftpviewy)
 2714 19C0 67           	ld h, a
 2715 19C1              ; 17         e = (a = FtpViewDX);
 2716 19C1 3A 7A 1E     	ld a, (ftpviewdx)
 2717 19C4 5F           	ld e, a
 2718 19C5              ; 18         d = (a = FtpViewDY);
 2719 19C5 3A 7B 1E     	ld a, (ftpviewdy)
 2720 19C8 57           	ld d, a
 2721 19C9              ; 19         bios(a = biosWindowOpen);
 2722 19C9 3E 55        	ld a, 85
 2723 19CB CD 00 F0     	call bios
 2724 19CE              ; 20         MyFuncSetFullScreen();
 2725 19CE CD 04 19     	call myfuncsetfullscreen
 2726 19D1              ; 21         FtpViewShowTitle();
 2727 19D1 CD DB 19     	call ftpviewshowtitle
 2728 19D4              ; 22
 2729 19D4              ; 23         #ifdef _IS_SIMULATOR
 2730 19D4              ; 24             FtpViewShowFileList();
 2731 19D4              ; 25             FtpViewShowPath();
 2732 19D4              ; 26             FtpViewFileCurrentPos = (a = 0);
 2733 19D4              ; 27             FtpViewShowSelectLineA(a = 1);
 2734 19D4              ; 28         #else
 2735 19D4              ; 29             FtpViewNetLoadAndUpdate();
 2736 19D4 CD A9 1C     	call ftpviewnetloadandupdate
 2737 19D7 D1           	pop de
 2738 19D8 E1           	pop hl
 2739 19D9 C1           	pop bc
 2740 19DA C9           	ret
 2741 19DB              ; 30         #endif
 2742 19DB              ; 31     }
 2743 19DB              ; 32 }
 2744 19DB              ; 33
 2745 19DB              ; 34 void FtpViewShowTitle() {
 2746 19DB              ftpviewshowtitle:
 2747 19DB              ; 35     a = FtpViewX;
 2748 19DB 3A 78 1E     	ld a, (ftpviewx)
 2749 19DE              ; 36     a++;
 2750 19DE 3C           	inc a
 2751 19DF              ; 37     l = a;
 2752 19DF 6F           	ld l, a
 2753 19E0              ; 38     h = (a = FtpViewY);
 2754 19E0 3A 79 1E     	ld a, (ftpviewy)
 2755 19E3 67           	ld h, a
 2756 19E4              ; 39     bios(a = biosSetPositionCursoreHL);
 2757 19E4 3E 1C        	ld a, 28
 2758 19E6 CD 00 F0     	call bios
 2759 19E9              ; 40     bios(a = biosPrintMessageHL, hl = FtpViewTitle);
 2760 19E9 3E 02        	ld a, 2
 2761 19EB 21 7E 1E     	ld hl, ftpviewtitle
 2762 19EE C3 00 F0     	jp bios
 2763 19F1              ; 41 }
 2764 19F1              ; 42
 2765 19F1              ; 43 /// Рисование линии прямым или инверсным цветом
 2766 19F1              ; 44 /// 0 - прямой
 2767 19F1              ; 45 /// 1 - инверсный
 2768 19F1              ; 46 void FtpViewShowSelectLineA() {
 2769 19F1              ftpviewshowselectlinea:
 2770 19F1              ; 47     push_pop(bc) {
 2771 19F1 C5           	push bc
 2772 19F2              ; 48         c = a;
 2773 19F2 4F           	ld c, a
 2774 19F3              ; 49         // HL
 2775 19F3              ; 50         a = FtpViewFileCurrentPos;
 2776 19F3 3A 94 1E     	ld a, (ftpviewfilecurrentpos)
 2777 19F6              ; 51         b = a;
 2778 19F6 47           	ld b, a
 2779 19F7              ; 52         a = FtpViewY;
 2780 19F7 3A 79 1E     	ld a, (ftpviewy)
 2781 19FA              ; 53         a += 2;
 2782 19FA C6 02        	add 2
 2783 19FC              ; 54         a += b;
 2784 19FC 80           	add b
 2785 19FD              ; 55         h = a;
 2786 19FD 67           	ld h, a
 2787 19FE              ; 56         a = FtpViewX;
 2788 19FE 3A 78 1E     	ld a, (ftpviewx)
 2789 1A01              ; 57         a += 1;
 2790 1A01 C6 01        	add 1
 2791 1A03              ; 58         l = a;
 2792 1A03 6F           	ld l, a
 2793 1A04              ; 59         // DE
 2794 1A04              ; 60         a = FtpViewDX;
 2795 1A04 3A 7A 1E     	ld a, (ftpviewdx)
 2796 1A07              ; 61         a -= 2;
 2797 1A07 D6 02        	sub 2
 2798 1A09              ; 62         e = a;
 2799 1A09 5F           	ld e, a
 2800 1A0A              ; 63         a = 1;
 2801 1A0A 3E 01        	ld a, 1
 2802 1A0C              ; 64         d = a;
 2803 1A0C 57           	ld d, a
 2804 1A0D              ; 65         // C
 2805 1A0D              ; 66         if ((a = c) == 0) {
 2806 1A0D 79           	ld a, c
 2807 1A0E B7           	or a
 2808 1A0F C2 18 1A     	jp nz, __l_187
 2809 1A12              ; 67             a = FtpViewColor;
 2810 1A12 3A 7C 1E     	ld a, (ftpviewcolor)
 2811 1A15 C3 1B 1A     	jp __l_188
 2812 1A18              __l_187:
 2813 1A18              ; 68         } else {
 2814 1A18              ; 69             a = FtpViewInvColor;
 2815 1A18 3A 7D 1E     	ld a, (ftpviewinvcolor)
 2816 1A1B              __l_188:
 2817 1A1B              ; 70         }
 2818 1A1B              ; 71         c = a;
 2819 1A1B 4F           	ld c, a
 2820 1A1C              ; 72         // A
 2821 1A1C              ; 73         MyViewChangeBoxColor();
 2822 1A1C CD 48 11     	call myviewchangeboxcolor
 2823 1A1F C1           	pop bc
 2824 1A20 C9           	ret
 2825 1A21              ; 74     }
 2826 1A21              ; 75 }
 2827 1A21              ; 76
 2828 1A21              ; 77 void FtpViewShowPath() {
 2829 1A21              ftpviewshowpath:
 2830 1A21              ; 78     push_pop(bc, de, hl) {
 2831 1A21 C5           	push bc
 2832 1A22 D5           	push de
 2833 1A23 E5           	push hl
 2834 1A24              ; 79         bios(c = (a = FtpViewColor), a = biosSetColorC);
 2835 1A24 3A 7C 1E     	ld a, (ftpviewcolor)
 2836 1A27 4F           	ld c, a
 2837 1A28 3E 12        	ld a, 18
 2838 1A2A CD 00 F0     	call bios
 2839 1A2D              ; 80         //--
 2840 1A2D              ; 81         a = FtpViewX;
 2841 1A2D 3A 78 1E     	ld a, (ftpviewx)
 2842 1A30              ; 82         b = a;
 2843 1A30 47           	ld b, a
 2844 1A31              ; 83         a = FtpViewDX;
 2845 1A31 3A 7A 1E     	ld a, (ftpviewdx)
 2846 1A34              ; 84         a += b;
 2847 1A34 80           	add b
 2848 1A35              ; 85         a -= 19;
 2849 1A35 D6 13        	sub 19
 2850 1A37              ; 86         l = a;
 2851 1A37 6F           	ld l, a
 2852 1A38              ; 87         h = (a = FtpViewY);
 2853 1A38 3A 79 1E     	ld a, (ftpviewy)
 2854 1A3B 67           	ld h, a
 2855 1A3C              ; 88         bios(a = biosSetPositionCursoreHL);
 2856 1A3C 3E 1C        	ld a, 28
 2857 1A3E CD 00 F0     	call bios
 2858 1A41              ; 89         de = FtpViewPath;
 2859 1A41 11 84 1E     	ld de, ftpviewpath
 2860 1A44              ; 90         bios(a = biosPrintC, c = 0x82);
 2861 1A44 3E 00        	ld a, 0
 2862 1A46 0E 82        	ld c, 130
 2863 1A48 CD 00 F0     	call bios
 2864 1A4B              ; 91         b = 16;
 2865 1A4B 06 10        	ld b, 16
 2866 1A4D              ; 92         c = 0;
 2867 1A4D 0E 00        	ld c, 0
 2868 1A4F              ; 93         do {
 2869 1A4F              __l_189:
 2870 1A4F              ; 94             a = *de;
 2871 1A4F 1A           	ld a, (de)
 2872 1A50              ; 95             de++;
 2873 1A50 13           	inc de
 2874 1A51              ; 96             if (a == 0) {
 2875 1A51 B7           	or a
 2876 1A52 C2 57 1A     	jp nz, __l_192
 2877 1A55              ; 97                 c = 1;
 2878 1A55 0E 01        	ld c, 1
 2879 1A57              __l_192:
 2880 1A57              ; 98             }
 2881 1A57              ; 99             h = a;
 2882 1A57 67           	ld h, a
 2883 1A58              ; 100             if ((a = c) == 0) {
 2884 1A58 79           	ld a, c
 2885 1A59 B7           	or a
 2886 1A5A C2 68 1A     	jp nz, __l_194
 2887 1A5D              ; 101                 push_pop(bc) {
 2888 1A5D C5           	push bc
 2889 1A5E              ; 102                     bios(a = biosPrintC, c = h);
 2890 1A5E 3E 00        	ld a, 0
 2891 1A60 4C           	ld c, h
 2892 1A61 CD 00 F0     	call bios
 2893 1A64 C1           	pop bc
 2894 1A65 C3 71 1A     	jp __l_195
 2895 1A68              __l_194:
 2896 1A68              ; 103                 }
 2897 1A68              ; 104             } else {
 2898 1A68              ; 105                 push_pop(bc) {
 2899 1A68 C5           	push bc
 2900 1A69              ; 106                     bios(a = biosPrintC, c = ' ');
 2901 1A69 3E 00        	ld a, 0
 2902 1A6B 0E 20        	ld c, 32
 2903 1A6D CD 00 F0     	call bios
 2904 1A70 C1           	pop bc
 2905 1A71              __l_195:
 2906 1A71              ; 107                 }
 2907 1A71              ; 108             }
 2908 1A71              ; 109             b--;
 2909 1A71 05           	dec b
 2910 1A72              __l_190:
 2911 1A72              ; 110         } while ((a = b) > 0);
 2912 1A72 78           	ld a, b
 2913 1A73 B7           	or a
 2914 1A74 C2 4F 1A     	jp nz, __l_189
 2915 1A77              ; 111         bios(a = biosPrintC, c = 0x92);
 2916 1A77 3E 00        	ld a, 0
 2917 1A79 0E 92        	ld c, 146
 2918 1A7B CD 00 F0     	call bios
 2919 1A7E E1           	pop hl
 2920 1A7F D1           	pop de
 2921 1A80 C1           	pop bc
 2922 1A81 C9           	ret
 2923 1A82              ; 112     }
 2924 1A82              ; 113 }
 2925 1A82              ; 114
 2926 1A82              ; 115 void FtpViewShowFileList() {
 2927 1A82              ftpviewshowfilelist:
 2928 1A82              ; 116     //-- нельзя обновлять, если есть хоть какое то открытое окно
 2929 1A82              ; 117     CurrentViewDiskOrFtpViewByIdA(a = CurrentViewId);
 2930 1A82 3A 4D 25     	ld a, (currentviewid)
 2931 1A85 CD 13 25     	call currentviewdiskorftpviewbyida
 2932 1A88              ; 118     if (a == 0) {
 2933 1A88 B7           	or a
 2934 1A89 C2 8D 1A     	jp nz, __l_196
 2935 1A8C              ; 119         return;
 2936 1A8C C9           	ret
 2937 1A8D              __l_196:
 2938 1A8D              ; 120     }
 2939 1A8D              ; 121     //--
 2940 1A8D              ; 122     push_pop(bc, de, hl) {
 2941 1A8D C5           	push bc
 2942 1A8E D5           	push de
 2943 1A8F E5           	push hl
 2944 1A90              ; 123         bios(c = (a = FtpViewColor), a = biosSetColorC);
 2945 1A90 3A 7C 1E     	ld a, (ftpviewcolor)
 2946 1A93 4F           	ld c, a
 2947 1A94 3E 12        	ld a, 18
 2948 1A96 CD 00 F0     	call bios
 2949 1A99              ; 124         // Заполнить пустыми строками
 2950 1A99              ; 125         a = FtpViewX;
 2951 1A99 3A 78 1E     	ld a, (ftpviewx)
 2952 1A9C              ; 126         a += 1;
 2953 1A9C C6 01        	add 1
 2954 1A9E              ; 127         d = a; // X
 2955 1A9E 57           	ld d, a
 2956 1A9F              ; 128         a = FtpViewY;
 2957 1A9F 3A 79 1E     	ld a, (ftpviewy)
 2958 1AA2              ; 129         a += 2;
 2959 1AA2 C6 02        	add 2
 2960 1AA4              ; 130         e = a; // Y
 2961 1AA4 5F           	ld e, a
 2962 1AA5              ; 131         //
 2963 1AA5              ; 132         a = FtpViewDY;
 2964 1AA5 3A 7B 1E     	ld a, (ftpviewdy)
 2965 1AA8              ; 133         a -= 4;
 2966 1AA8 D6 04        	sub 4
 2967 1AAA              ; 134         b = a;
 2968 1AAA 47           	ld b, a
 2969 1AAB              ; 135         c = 0;
 2970 1AAB 0E 00        	ld c, 0
 2971 1AAD              ; 136         do {
 2972 1AAD              __l_198:
 2973 1AAD              ; 137             a = e;
 2974 1AAD 7B           	ld a, e
 2975 1AAE              ; 138             a += c;
 2976 1AAE 81           	add c
 2977 1AAF              ; 139             push_pop(hl) {
 2978 1AAF E5           	push hl
 2979 1AB0              ; 140                 bios(l = d, h = a, a = biosSetPositionCursoreHL);
 2980 1AB0 6A           	ld l, d
 2981 1AB1 67           	ld h, a
 2982 1AB2 3E 1C        	ld a, 28
 2983 1AB4 CD 00 F0     	call bios
 2984 1AB7 E1           	pop hl
 2985 1AB8              ; 141             }
 2986 1AB8              ; 142             //
 2987 1AB8              ; 143             a = FtpViewDX;
 2988 1AB8 3A 7A 1E     	ld a, (ftpviewdx)
 2989 1ABB              ; 144             a -= 2;
 2990 1ABB D6 02        	sub 2
 2991 1ABD              ; 145             h = a;
 2992 1ABD 67           	ld h, a
 2993 1ABE              ; 146             do {
 2994 1ABE              __l_201:
 2995 1ABE              ; 147                 push_pop(bc) {
 2996 1ABE C5           	push bc
 2997 1ABF              ; 148                     bios(a = biosPrintC, c = ' ');
 2998 1ABF 3E 00        	ld a, 0
 2999 1AC1 0E 20        	ld c, 32
 3000 1AC3 CD 00 F0     	call bios
 3001 1AC6 C1           	pop bc
 3002 1AC7              ; 149                 }
 3003 1AC7              ; 150                 h--;
 3004 1AC7 25           	dec h
 3005 1AC8              __l_202:
 3006 1AC8              ; 151             } while ((a = h) > 0);
 3007 1AC8 7C           	ld a, h
 3008 1AC9 B7           	or a
 3009 1ACA C2 BE 1A     	jp nz, __l_201
 3010 1ACD              ; 152             b--;
 3011 1ACD 05           	dec b
 3012 1ACE              ; 153             c++;
 3013 1ACE 0C           	inc c
 3014 1ACF              __l_199:
 3015 1ACF              ; 154         } while ((a = b) > 0);
 3016 1ACF 78           	ld a, b
 3017 1AD0 B7           	or a
 3018 1AD1 C2 AD 1A     	jp nz, __l_198
 3019 1AD4              ; 155         //--
 3020 1AD4              ; 156         b = 0;
 3021 1AD4 06 00        	ld b, 0
 3022 1AD6              ; 157         a = FtpViewFilesListCount;
 3023 1AD6 3A 95 1E     	ld a, (ftpviewfileslistcount)
 3024 1AD9              ; 158         hl = FtpViewFilesList;
 3025 1AD9 21 96 1E     	ld hl, ftpviewfileslist
 3026 1ADC              ; 159         c = a;
 3027 1ADC 4F           	ld c, a
 3028 1ADD              ; 160         do {
 3029 1ADD              __l_204:
 3030 1ADD              ; 161             push_pop(hl) {
 3031 1ADD E5           	push hl
 3032 1ADE              ; 162                 a = FtpViewY;
 3033 1ADE 3A 79 1E     	ld a, (ftpviewy)
 3034 1AE1              ; 163                 a += 2;
 3035 1AE1 C6 02        	add 2
 3036 1AE3              ; 164                 a += b;
 3037 1AE3 80           	add b
 3038 1AE4              ; 165                 h = a;
 3039 1AE4 67           	ld h, a
 3040 1AE5              ; 166                 a = FtpViewX;
 3041 1AE5 3A 78 1E     	ld a, (ftpviewx)
 3042 1AE8              ; 167                 a += 2;
 3043 1AE8 C6 02        	add 2
 3044 1AEA              ; 168                 l = a;
 3045 1AEA 6F           	ld l, a
 3046 1AEB              ; 169                 bios(a = biosSetPositionCursoreHL);
 3047 1AEB 3E 1C        	ld a, 28
 3048 1AED CD 00 F0     	call bios
 3049 1AF0 E1           	pop hl
 3050 1AF1              ; 170             }
 3051 1AF1              ; 171             FtpViewShowFileHL();
 3052 1AF1 CD 07 1B     	call ftpviewshowfilehl
 3053 1AF4              ; 172             // HL + 16 next file
 3054 1AF4              ; 173             a ^= a;
 3055 1AF4 AF           	xor a
 3056 1AF5              ; 174             a = 16;
 3057 1AF5 3E 10        	ld a, 16
 3058 1AF7              ; 175             a += l;
 3059 1AF7 85           	add l
 3060 1AF8              ; 176             l = a;
 3061 1AF8 6F           	ld l, a
 3062 1AF9              ; 177             if (flag_c) {
 3063 1AF9 D2 FD 1A     	jp nc, __l_207
 3064 1AFC              ; 178                 h++;
 3065 1AFC 24           	inc h
 3066 1AFD              __l_207:
 3067 1AFD              ; 179             }
 3068 1AFD              ; 180             b++;
 3069 1AFD 04           	inc b
 3070 1AFE              __l_205:
 3071 1AFE              ; 181         } while ((a = b) < c);
 3072 1AFE 78           	ld a, b
 3073 1AFF B9           	cp c
 3074 1B00 DA DD 1A     	jp c, __l_204
 3075 1B03 E1           	pop hl
 3076 1B04 D1           	pop de
 3077 1B05 C1           	pop bc
 3078 1B06 C9           	ret
 3079 1B07              ; 182     }
 3080 1B07              ; 183 }
 3081 1B07              ; 184
 3082 1B07              ; 185 void FtpViewShowFileHL() {
 3083 1B07              ftpviewshowfilehl:
 3084 1B07              ; 186     push_pop(bc, hl) {
 3085 1B07 C5           	push bc
 3086 1B08 E5           	push hl
 3087 1B09              ; 187         if ((a = b) == 0) {
 3088 1B09 78           	ld a, b
 3089 1B0A B7           	or a
 3090 1B0B C2 14 1B     	jp nz, __l_209
 3091 1B0E              ; 188             FtpViewShowFileName();
 3092 1B0E CD 20 1B     	call ftpviewshowfilename
 3093 1B11 C3 1D 1B     	jp __l_210
 3094 1B14              __l_209:
 3095 1B14              ; 189         } else {
 3096 1B14              ; 190             FtpViewShowFileName();
 3097 1B14 CD 20 1B     	call ftpviewshowfilename
 3098 1B17              ; 191             FtpViewShowFileSize();
 3099 1B17 CD 33 1B     	call ftpviewshowfilesize
 3100 1B1A              ; 192             FtpViewShowFileDate();
 3101 1B1A CD 04 1C     	call ftpviewshowfiledate
 3102 1B1D              __l_210:
 3103 1B1D E1           	pop hl
 3104 1B1E C1           	pop bc
 3105 1B1F C9           	ret
 3106 1B20              ; 193         }
 3107 1B20              ; 194     }
 3108 1B20              ; 195 }
 3109 1B20              ; 196
 3110 1B20              ; 197 void FtpViewShowFileName() {
 3111 1B20              ftpviewshowfilename:
 3112 1B20              ; 198     push_pop(bc) {
 3113 1B20 C5           	push bc
 3114 1B21              ; 199         // X pos
 3115 1B21              ; 200         //    a = FtpViewX;
 3116 1B21              ; 201         //    a += 2;
 3117 1B21              ; 202         //    myCharPosX = a;
 3118 1B21              ; 203         //
 3119 1B21              ; 204         b = 8;
 3120 1B21 06 08        	ld b, 8
 3121 1B23              ; 205         do {
 3122 1B23              __l_211:
 3123 1B23              ; 206             bios(c = (a = *hl), a = biosPrintC);
 3124 1B23 7E           	ld a, (hl)
 3125 1B24 4F           	ld c, a
 3126 1B25 3E 00        	ld a, 0
 3127 1B27 CD 00 F0     	call bios
 3128 1B2A              ; 207             hl++;
 3129 1B2A 23           	inc hl
 3130 1B2B              ; 208             b--;
 3131 1B2B 05           	dec b
 3132 1B2C              __l_212:
 3133 1B2C              ; 209         } while ((a = b) > 0);
 3134 1B2C 78           	ld a, b
 3135 1B2D B7           	or a
 3136 1B2E C2 23 1B     	jp nz, __l_211
 3137 1B31 C1           	pop bc
 3138 1B32 C9           	ret
 3139 1B33              ; 210     }
 3140 1B33              ; 211 }
 3141 1B33              ; 212
 3142 1B33              ; 213 void FtpViewShowFileSize() {
 3143 1B33              ftpviewshowfilesize:
 3144 1B33              ; 214     push_pop(bc, de) {
 3145 1B33 C5           	push bc
 3146 1B34 D5           	push de
 3147 1B35              ; 215         // X pos
 3148 1B35              ; 216         push_pop(hl) {
 3149 1B35 E5           	push hl
 3150 1B36              ; 217             bios(a = biosGetPositionCursoreHL);
 3151 1B36 3E 1D        	ld a, 29
 3152 1B38 CD 00 F0     	call bios
 3153 1B3B              ; 218             a = FtpViewX;
 3154 1B3B 3A 78 1E     	ld a, (ftpviewx)
 3155 1B3E              ; 219             a += 11;
 3156 1B3E C6 0B        	add 11
 3157 1B40              ; 220             l = a;
 3158 1B40 6F           	ld l, a
 3159 1B41              ; 221             bios(a = biosSetPositionCursoreHL);
 3160 1B41 3E 1C        	ld a, 28
 3161 1B43 CD 00 F0     	call bios
 3162 1B46 E1           	pop hl
 3163 1B47              ; 222         }
 3164 1B47              ; 223         //
 3165 1B47              ; 224         a = *hl;
 3166 1B47 7E           	ld a, (hl)
 3167 1B48              ; 225         d = a;
 3168 1B48 57           	ld d, a
 3169 1B49              ; 226         hl++;
 3170 1B49 23           	inc hl
 3171 1B4A              ; 227         a = *hl;
 3172 1B4A 7E           	ld a, (hl)
 3173 1B4B              ; 228         e = a;
 3174 1B4B 5F           	ld e, a
 3175 1B4C              ; 229         hl++;
 3176 1B4C 23           	inc hl
 3177 1B4D              ; 230         a = *hl;
 3178 1B4D 7E           	ld a, (hl)
 3179 1B4E              ; 231         hl++;
 3180 1B4E 23           	inc hl
 3181 1B4F              ; 232         a &= 0x01;
 3182 1B4F E6 01        	and 1
 3183 1B51              ; 233         if (a == 0x00) {
 3184 1B51 B7           	or a
 3185 1B52 C2 96 1B     	jp nz, __l_214
 3186 1B55              ; 234             push_pop(hl) {
 3187 1B55 E5           	push hl
 3188 1B56              ; 235                 h = 0; // файл для Орион
 3189 1B56 26 00        	ld h, 0
 3190 1B58              ; 236                 if ((a = d) == 0xFF) {
 3191 1B58 7A           	ld a, d
 3192 1B59 FE FF        	cp 255
 3193 1B5B C2 66 1B     	jp nz, __l_216
 3194 1B5E              ; 237                     if ((a = e) == 0xFF) {
 3195 1B5E 7B           	ld a, e
 3196 1B5F FE FF        	cp 255
 3197 1B61 C2 66 1B     	jp nz, __l_218
 3198 1B64              ; 238                         h = 1; // Файл слишком большой для Орион
 3199 1B64 26 01        	ld h, 1
 3200 1B66              __l_218:
 3201 1B66              __l_216:
 3202 1B66              ; 239                     }
 3203 1B66              ; 240                 }
 3204 1B66              ; 241                 if ((a = h) == 0) { // Показываем размер
 3205 1B66 7C           	ld a, h
 3206 1B67 B7           	or a
 3207 1B68 C2 71 1B     	jp nz, __l_220
 3208 1B6B              ; 242                     FtpViewShow4CharSizeDE();
 3209 1B6B CD BA 1B     	call ftpviewshow4charsizede
 3210 1B6E C3 8D 1B     	jp __l_221
 3211 1B71              __l_220:
 3212 1B71              ; 243                 } else { // Файл слишком большой
 3213 1B71              ; 244                     bios(a = biosPrintC, c = ' ');
 3214 1B71 3E 00        	ld a, 0
 3215 1B73 0E 20        	ld c, 32
 3216 1B75 CD 00 F0     	call bios
 3217 1B78              ; 245                     bios(a = biosPrintC, c = 'B');
 3218 1B78 3E 00        	ld a, 0
 3219 1B7A 0E 42        	ld c, 66
 3220 1B7C CD 00 F0     	call bios
 3221 1B7F              ; 246                     bios(a = biosPrintC, c = 'I');
 3222 1B7F 3E 00        	ld a, 0
 3223 1B81 0E 49        	ld c, 73
 3224 1B83 CD 00 F0     	call bios
 3225 1B86              ; 247                     bios(a = biosPrintC, c = 'G');
 3226 1B86 3E 00        	ld a, 0
 3227 1B88 0E 47        	ld c, 71
 3228 1B8A CD 00 F0     	call bios
 3229 1B8D              __l_221:
 3230 1B8D E1           	pop hl
 3231 1B8E              ; 248                 }
 3232 1B8E              ; 249             }
 3233 1B8E              ; 250             FtpViewShowIsDirA(a = 0);
 3234 1B8E 3E 00        	ld a, 0
 3235 1B90 CD D5 1B     	call ftpviewshowisdira
 3236 1B93 C3 B7 1B     	jp __l_215
 3237 1B96              __l_214:
 3238 1B96              ; 251         } else {
 3239 1B96              ; 252             bios(a = biosPrintC, c = ' ');
 3240 1B96 3E 00        	ld a, 0
 3241 1B98 0E 20        	ld c, 32
 3242 1B9A CD 00 F0     	call bios
 3243 1B9D              ; 253             bios(a = biosPrintC, c = ' ');
 3244 1B9D 3E 00        	ld a, 0
 3245 1B9F 0E 20        	ld c, 32
 3246 1BA1 CD 00 F0     	call bios
 3247 1BA4              ; 254             bios(a = biosPrintC, c = ' ');
 3248 1BA4 3E 00        	ld a, 0
 3249 1BA6 0E 20        	ld c, 32
 3250 1BA8 CD 00 F0     	call bios
 3251 1BAB              ; 255             bios(a = biosPrintC, c = ' ');
 3252 1BAB 3E 00        	ld a, 0
 3253 1BAD 0E 20        	ld c, 32
 3254 1BAF CD 00 F0     	call bios
 3255 1BB2              ; 256             FtpViewShowIsDirA(a = 1);
 3256 1BB2 3E 01        	ld a, 1
 3257 1BB4 CD D5 1B     	call ftpviewshowisdira
 3258 1BB7              __l_215:
 3259 1BB7 D1           	pop de
 3260 1BB8 C1           	pop bc
 3261 1BB9 C9           	ret
 3262 1BBA              ; 257         }
 3263 1BBA              ; 258     }
 3264 1BBA              ; 259 }
 3265 1BBA              ; 260
 3266 1BBA              ; 261 void FtpViewShow4CharSizeDE() {
 3267 1BBA              ftpviewshow4charsizede:
 3268 1BBA              ; 262     push_pop(hl, bc) {
 3269 1BBA E5           	push hl
 3270 1BBB C5           	push bc
 3271 1BBC              ; 263         MyFunc4CharSizeDE();
 3272 1BBC CD 98 18     	call myfunc4charsizede
 3273 1BBF              ; 264         hl = MyFunc4Chars;
 3274 1BBF 21 BB 18     	ld hl, myfunc4chars
 3275 1BC2              ; 265         b = 4;
 3276 1BC2 06 04        	ld b, 4
 3277 1BC4              ; 266         do {
 3278 1BC4              __l_222:
 3279 1BC4              ; 267             bios(c = (a = *hl), a = biosPrintC);
 3280 1BC4 7E           	ld a, (hl)
 3281 1BC5 4F           	ld c, a
 3282 1BC6 3E 00        	ld a, 0
 3283 1BC8 CD 00 F0     	call bios
 3284 1BCB              ; 268             hl++;
 3285 1BCB 23           	inc hl
 3286 1BCC              ; 269             b--;
 3287 1BCC 05           	dec b
 3288 1BCD              __l_223:
 3289 1BCD              ; 270         } while ((a = b) > 0);
 3290 1BCD 78           	ld a, b
 3291 1BCE B7           	or a
 3292 1BCF C2 C4 1B     	jp nz, __l_222
 3293 1BD2 C1           	pop bc
 3294 1BD3 E1           	pop hl
 3295 1BD4 C9           	ret
 3296 1BD5              ; 271     }
 3297 1BD5              ; 272 }
 3298 1BD5              ; 273
 3299 1BD5              ; 274 // A = 1 - Dir
 3300 1BD5              ; 275 void FtpViewShowIsDirA() {
 3301 1BD5              ftpviewshowisdira:
 3302 1BD5              ; 276     push_pop(bc) {
 3303 1BD5 C5           	push bc
 3304 1BD6              ; 277         a &= 0x01;
 3305 1BD6 E6 01        	and 1
 3306 1BD8              ; 278         b = a;
 3307 1BD8 47           	ld b, a
 3308 1BD9              ; 279         push_pop(hl) {
 3309 1BD9 E5           	push hl
 3310 1BDA              ; 280             bios(a = biosGetPositionCursoreHL);
 3311 1BDA 3E 1D        	ld a, 29
 3312 1BDC CD 00 F0     	call bios
 3313 1BDF              ; 281             a = FtpViewX;
 3314 1BDF 3A 78 1E     	ld a, (ftpviewx)
 3315 1BE2              ; 282             a += 1;
 3316 1BE2 C6 01        	add 1
 3317 1BE4              ; 283             l = a;
 3318 1BE4 6F           	ld l, a
 3319 1BE5              ; 284             bios(a = biosSetPositionCursoreHL);
 3320 1BE5 3E 1C        	ld a, 28
 3321 1BE7 CD 00 F0     	call bios
 3322 1BEA E1           	pop hl
 3323 1BEB              ; 285         }
 3324 1BEB              ; 286         if ((a = b) == 1) {
 3325 1BEB 78           	ld a, b
 3326 1BEC FE 01        	cp 1
 3327 1BEE C2 FB 1B     	jp nz, __l_225
 3328 1BF1              ; 287             bios(a = biosPrintC, c = 0xB3);
 3329 1BF1 3E 00        	ld a, 0
 3330 1BF3 0E B3        	ld c, 179
 3331 1BF5 CD 00 F0     	call bios
 3332 1BF8 C3 02 1C     	jp __l_226
 3333 1BFB              __l_225:
 3334 1BFB              ; 288         } else {
 3335 1BFB              ; 289             bios(a = biosPrintC, c = ' ');
 3336 1BFB 3E 00        	ld a, 0
 3337 1BFD 0E 20        	ld c, 32
 3338 1BFF CD 00 F0     	call bios
 3339 1C02              __l_226:
 3340 1C02 C1           	pop bc
 3341 1C03 C9           	ret
 3342 1C04              ; 290         }
 3343 1C04              ; 291     }
 3344 1C04              ; 292 }
 3345 1C04              ; 293
 3346 1C04              ; 294 void FtpViewShowFileDate() {
 3347 1C04              ftpviewshowfiledate:
 3348 1C04              ; 295     push_pop(bc, de) {
 3349 1C04 C5           	push bc
 3350 1C05 D5           	push de
 3351 1C06              ; 296         // X pos
 3352 1C06              ; 297         push_pop(hl) {
 3353 1C06 E5           	push hl
 3354 1C07              ; 298             bios(a = biosGetPositionCursoreHL);
 3355 1C07 3E 1D        	ld a, 29
 3356 1C09 CD 00 F0     	call bios
 3357 1C0C              ; 299             a = FtpViewX;
 3358 1C0C 3A 78 1E     	ld a, (ftpviewx)
 3359 1C0F              ; 300             a += 16;
 3360 1C0F C6 10        	add 16
 3361 1C11              ; 301             l = a;
 3362 1C11 6F           	ld l, a
 3363 1C12              ; 302             bios(a = biosSetPositionCursoreHL);
 3364 1C12 3E 1C        	ld a, 28
 3365 1C14 CD 00 F0     	call bios
 3366 1C17 E1           	pop hl
 3367 1C18              ; 303         }
 3368 1C18              ; 304         //-- GGGG
 3369 1C18              ; 305         d = *hl;
 3370 1C18 56           	ld d, (hl)
 3371 1C19              ; 306         hl++;
 3372 1C19 23           	inc hl
 3373 1C1A              ; 307         e = *hl;
 3374 1C1A 5E           	ld e, (hl)
 3375 1C1B              ; 308         hl++;
 3376 1C1B 23           	inc hl
 3377 1C1C              ; 309         push_pop(hl) {
 3378 1C1C E5           	push hl
 3379 1C1D              ; 310             h = d;
 3380 1C1D 62           	ld h, d
 3381 1C1E              ; 311             l = e;
 3382 1C1E 6B           	ld l, e
 3383 1C1F              ; 312             bios(a = biosPrintWordHL, b = 0x01);
 3384 1C1F 3E 05        	ld a, 5
 3385 1C21 06 01        	ld b, 1
 3386 1C23 CD 00 F0     	call bios
 3387 1C26 E1           	pop hl
 3388 1C27              ; 313         }
 3389 1C27              ; 314         //--
 3390 1C27              ; 315         bios(a = biosPrintC, c = '-');
 3391 1C27 3E 00        	ld a, 0
 3392 1C29 0E 2D        	ld c, 45
 3393 1C2B CD 00 F0     	call bios
 3394 1C2E              ; 316         //--
 3395 1C2E              ; 317         push_pop(hl, bc) {
 3396 1C2E E5           	push hl
 3397 1C2F C5           	push bc
 3398 1C30              ; 318             a = *hl;
 3399 1C30 7E           	ld a, (hl)
 3400 1C31              ; 319             hl = MyFunc4Chars;
 3401 1C31 21 BB 18     	ld hl, myfunc4chars
 3402 1C34              ; 320             MyFuncDec099A();
 3403 1C34 CD 77 17     	call myfuncdec099a
 3404 1C37              ; 321             hl = MyFunc4Chars;
 3405 1C37 21 BB 18     	ld hl, myfunc4chars
 3406 1C3A              ; 322             bios(c = (a = *hl), a = biosPrintC);
 3407 1C3A 7E           	ld a, (hl)
 3408 1C3B 4F           	ld c, a
 3409 1C3C 3E 00        	ld a, 0
 3410 1C3E CD 00 F0     	call bios
 3411 1C41              ; 323             hl++;
 3412 1C41 23           	inc hl
 3413 1C42              ; 324             bios(c = (a = *hl), a = biosPrintC);
 3414 1C42 7E           	ld a, (hl)
 3415 1C43 4F           	ld c, a
 3416 1C44 3E 00        	ld a, 0
 3417 1C46 CD 00 F0     	call bios
 3418 1C49 C1           	pop bc
 3419 1C4A E1           	pop hl
 3420 1C4B              ; 325         }
 3421 1C4B              ; 326         hl++;
 3422 1C4B 23           	inc hl
 3423 1C4C              ; 327         //--
 3424 1C4C              ; 328         bios(a = biosPrintC, c = '-');
 3425 1C4C 3E 00        	ld a, 0
 3426 1C4E 0E 2D        	ld c, 45
 3427 1C50 CD 00 F0     	call bios
 3428 1C53              ; 329         //--
 3429 1C53              ; 330         push_pop(hl, bc) {
 3430 1C53 E5           	push hl
 3431 1C54 C5           	push bc
 3432 1C55              ; 331             a = *hl;
 3433 1C55 7E           	ld a, (hl)
 3434 1C56              ; 332             hl = MyFunc4Chars;
 3435 1C56 21 BB 18     	ld hl, myfunc4chars
 3436 1C59              ; 333             MyFuncDec099A();
 3437 1C59 CD 77 17     	call myfuncdec099a
 3438 1C5C              ; 334             hl = MyFunc4Chars;
 3439 1C5C 21 BB 18     	ld hl, myfunc4chars
 3440 1C5F              ; 335             bios(c = (a = *hl), a = biosPrintC);
 3441 1C5F 7E           	ld a, (hl)
 3442 1C60 4F           	ld c, a
 3443 1C61 3E 00        	ld a, 0
 3444 1C63 CD 00 F0     	call bios
 3445 1C66              ; 336             hl++;
 3446 1C66 23           	inc hl
 3447 1C67              ; 337             bios(c = (a = *hl), a = biosPrintC);
 3448 1C67 7E           	ld a, (hl)
 3449 1C68 4F           	ld c, a
 3450 1C69 3E 00        	ld a, 0
 3451 1C6B CD 00 F0     	call bios
 3452 1C6E C1           	pop bc
 3453 1C6F E1           	pop hl
 3454 1C70              ; 338         }
 3455 1C70              ; 339         hl++;
 3456 1C70 23           	inc hl
 3457 1C71 D1           	pop de
 3458 1C72 C1           	pop bc
 3459 1C73 C9           	ret
 3460 1C74              ; 340     }
 3461 1C74              ; 341 }
 3462 1C74              ; 342
 3463 1C74              ; 343 /// Обновление позиции
 3464 1C74              ; 344 /// вх[A]
 3465 1C74              ; 345 /// 0 - без изменений
 3466 1C74              ; 346 /// 1 - вверх
 3467 1C74              ; 347 /// 0xFF - вниз
 3468 1C74              ; 348 void FtpViewFileCurrentPosUpdateA() {
 3469 1C74              ftpviewfilecurrentposupdatea:
 3470 1C74              ; 349     push_pop(bc) {
 3471 1C74 C5           	push bc
 3472 1C75              ; 350         b = a;
 3473 1C75 47           	ld b, a
 3474 1C76              ; 351         if (a == 0) {
 3475 1C76 B7           	or a
 3476 1C77 C2 82 1C     	jp nz, __l_227
 3477 1C7A              ; 352             FtpViewShowSelectLineA(a = 1);
 3478 1C7A 3E 01        	ld a, 1
 3479 1C7C CD F1 19     	call ftpviewshowselectlinea
 3480 1C7F C3 A7 1C     	jp __l_228
 3481 1C82              __l_227:
 3482 1C82              ; 353         } else {
 3483 1C82              ; 354             a = FtpViewFilesListCount;
 3484 1C82 3A 95 1E     	ld a, (ftpviewfileslistcount)
 3485 1C85              ; 355             c = a;
 3486 1C85 4F           	ld c, a
 3487 1C86              ; 356             FtpViewShowSelectLineA(a = 0);
 3488 1C86 3E 00        	ld a, 0
 3489 1C88 CD F1 19     	call ftpviewshowselectlinea
 3490 1C8B              ; 357             a = FtpViewFileCurrentPos;
 3491 1C8B 3A 94 1E     	ld a, (ftpviewfilecurrentpos)
 3492 1C8E              ; 358             a += b;
 3493 1C8E 80           	add b
 3494 1C8F              ; 359             //
 3495 1C8F              ; 360             if (a == 0xFF) {
 3496 1C8F FE FF        	cp 255
 3497 1C91 C2 99 1C     	jp nz, __l_229
 3498 1C94              ; 361                 a = c;
 3499 1C94 79           	ld a, c
 3500 1C95              ; 362                 a--;
 3501 1C95 3D           	dec a
 3502 1C96 C3 9F 1C     	jp __l_230
 3503 1C99              __l_229:
 3504 1C99              ; 363             } else if (a == c) {
 3505 1C99 B9           	cp c
 3506 1C9A C2 9F 1C     	jp nz, __l_231
 3507 1C9D              ; 364                 a = 0;
 3508 1C9D 3E 00        	ld a, 0
 3509 1C9F              __l_231:
 3510 1C9F              __l_230:
 3511 1C9F              ; 365             }
 3512 1C9F              ; 366             FtpViewFileCurrentPos = a;
 3513 1C9F 32 94 1E     	ld (ftpviewfilecurrentpos), a
 3514 1CA2              ; 367             FtpViewShowSelectLineA(a = 1);
 3515 1CA2 3E 01        	ld a, 1
 3516 1CA4 CD F1 19     	call ftpviewshowselectlinea
 3517 1CA7              __l_228:
 3518 1CA7 C1           	pop bc
 3519 1CA8 C9           	ret
 3520 1CA9              ; 368         }
 3521 1CA9              ; 369     }
 3522 1CA9              ; 370 }
 3523 1CA9              ; 371
 3524 1CA9              ; 372 void FtpViewNetLoadAndUpdate() {
 3525 1CA9              ftpviewnetloadandupdate:
 3526 1CA9              ; 373     FtpViewShowSelectLineA(a = 0);
 3527 1CA9 3E 00        	ld a, 0
 3528 1CAB CD F1 19     	call ftpviewshowselectlinea
 3529 1CAE              ; 374     NetSetIsDsDos();
 3530 1CAE CD EC 2C     	call netsetisdsdos
 3531 1CB1              ; 375     NetFtpGetCurrentPath();
 3532 1CB1 CD D0 2E     	call netftpgetcurrentpath
 3533 1CB4              ; 376     if ((a = FtpHeaderViewStatus) == 1) {
 3534 1CB4 3A 59 13     	ld a, (ftpheaderviewstatus)
 3535 1CB7 FE 01        	cp 1
 3536 1CB9 C2 C5 1C     	jp nz, __l_233
 3537 1CBC              ; 377         NetSetIsDsDos();
 3538 1CBC CD EC 2C     	call netsetisdsdos
 3539 1CBF              ; 378         NetFtpUpdateList();
 3540 1CBF CD E3 2E     	call netftpupdatelist
 3541 1CC2              ; 379         NetFtpListFiles();
 3542 1CC2 CD F3 2E     	call netftplistfiles
 3543 1CC5              __l_233:
 3544 1CC5              ; 380     }
 3545 1CC5              ; 381     a = 0;
 3546 1CC5 3E 00        	ld a, 0
 3547 1CC7              ; 382     FtpViewFileCurrentPos = a;
 3548 1CC7 32 94 1E     	ld (ftpviewfilecurrentpos), a
 3549 1CCA              ; 383     FtpViewShowFileList();
 3550 1CCA CD 82 1A     	call ftpviewshowfilelist
 3551 1CCD              ; 384     FtpViewShowPath();
 3552 1CCD CD 21 1A     	call ftpviewshowpath
 3553 1CD0              ; 385     // Показываем курсор, если выбран FTP
 3554 1CD0              ; 386     if ((a = CurrentViewId) == FtpViewId) {
 3555 1CD0 3A 4D 25     	ld a, (currentviewid)
 3556 1CD3 FE 02        	cp 2
 3557 1CD5 C2 DD 1C     	jp nz, __l_235
 3558 1CD8              ; 387         FtpViewShowSelectLineA(a = 1);
 3559 1CD8 3E 01        	ld a, 1
 3560 1CDA CD F1 19     	call ftpviewshowselectlinea
 3561 1CDD              __l_235:
 3562 1CDD C9           	ret
 3563 1CDE              ; 388     }
 3564 1CDE              ; 389 }
 3565 1CDE              ; 390
 3566 1CDE              ; 391 void FtpViewGetFileNamePointByPosToHL() {
 3567 1CDE              ftpviewgetfilenamepointbypostohl:
 3568 1CDE              ; 392     push_pop(bc) {
 3569 1CDE C5           	push bc
 3570 1CDF              ; 393         hl = FtpViewFilesList;
 3571 1CDF 21 96 1E     	ld hl, ftpviewfileslist
 3572 1CE2              ; 394         //--
 3573 1CE2              ; 395         a ^= a;
 3574 1CE2 AF           	xor a
 3575 1CE3              ; 396         a = FtpViewFileCurrentPos;
 3576 1CE3 3A 94 1E     	ld a, (ftpviewfilecurrentpos)
 3577 1CE6              ; 397         a &= 0x3F;
 3578 1CE6 E6 3F        	and 63
 3579 1CE8              ; 398         b = 0;
 3580 1CE8 06 00        	ld b, 0
 3581 1CEA              ; 399         carry_rotate_left(a, 4);
 3582 1CEA 17           	rla
 3583 1CEB 17           	rla
 3584 1CEC 17           	rla
 3585 1CED 17           	rla
 3586 1CEE              ; 400         if (flag_c) { // Если переполняние младшего разряда, инкремент старшего
 3587 1CEE D2 F2 1C     	jp nc, __l_237
 3588 1CF1              ; 401             b++;
 3589 1CF1 04           	inc b
 3590 1CF2              __l_237:
 3591 1CF2              ; 402         }
 3592 1CF2              ; 403         c = a;
 3593 1CF2 4F           	ld c, a
 3594 1CF3              ; 404         //-- Смещаем на позицию файла
 3595 1CF3              ; 405         hl += bc;
 3596 1CF3 09           	add hl, bc
 3597 1CF4 C1           	pop bc
 3598 1CF5 C9           	ret
 3599 1CF6              ; 406     }
 3600 1CF6              ; 407 }
 3601 1CF6              ; 408
 3602 1CF6              ; 409 void FtpViewCurrentPosIsDir() {
 3603 1CF6              ftpviewcurrentposisdir:
 3604 1CF6              ; 410     push_pop(hl, bc) {
 3605 1CF6 E5           	push hl
 3606 1CF7 C5           	push bc
 3607 1CF8              ; 411         hl = FtpViewFilesList;
 3608 1CF8 21 96 1E     	ld hl, ftpviewfileslist
 3609 1CFB              ; 412         //--
 3610 1CFB              ; 413         a ^= a;
 3611 1CFB AF           	xor a
 3612 1CFC              ; 414         a = FtpViewFileCurrentPos;
 3613 1CFC 3A 94 1E     	ld a, (ftpviewfilecurrentpos)
 3614 1CFF              ; 415         a &= 0x3F;
 3615 1CFF E6 3F        	and 63
 3616 1D01              ; 416         b = 0;
 3617 1D01 06 00        	ld b, 0
 3618 1D03              ; 417         carry_rotate_left(a, 4);
 3619 1D03 17           	rla
 3620 1D04 17           	rla
 3621 1D05 17           	rla
 3622 1D06 17           	rla
 3623 1D07              ; 418         if (flag_c) { // Если переполняние младшего разряда, инкремент старшего
 3624 1D07 D2 0B 1D     	jp nc, __l_239
 3625 1D0A              ; 419             b++;
 3626 1D0A 04           	inc b
 3627 1D0B              __l_239:
 3628 1D0B              ; 420         }
 3629 1D0B              ; 421         c = a;
 3630 1D0B 4F           	ld c, a
 3631 1D0C              ; 422         //-- Смещаем на позицию файла
 3632 1D0C              ; 423         hl += bc;
 3633 1D0C 09           	add hl, bc
 3634 1D0D              ; 424         //-- Смещаем на признак директории
 3635 1D0D              ; 425         bc = 10;
 3636 1D0D 01 0A 00     	ld bc, 10
 3637 1D10              ; 426         hl += bc;
 3638 1D10 09           	add hl, bc
 3639 1D11              ; 427         //--
 3640 1D11              ; 428         a = *hl;
 3641 1D11 7E           	ld a, (hl)
 3642 1D12              ; 429         a &= 0x01;
 3643 1D12 E6 01        	and 1
 3644 1D14 C1           	pop bc
 3645 1D15 E1           	pop hl
 3646 1D16 C9           	ret
 3647 1D17              ; 430     }
 3648 1D17              ; 431 }
 3649 1D17              ; 432
 3650 1D17              ; 433 void FtpViewEmptyList() {
 3651 1D17              ftpviewemptylist:
 3652 1D17              ; 434     push_pop(hl) {
 3653 1D17 E5           	push hl
 3654 1D18              ; 435         a = 1;
 3655 1D18 3E 01        	ld a, 1
 3656 1D1A              ; 436         FtpViewFilesListCount = a;
 3657 1D1A 32 95 1E     	ld (ftpviewfileslistcount), a
 3658 1D1D              ; 437         a = 0;
 3659 1D1D 3E 00        	ld a, 0
 3660 1D1F              ; 438         FtpViewFileCurrentPos = a;
 3661 1D1F 32 94 1E     	ld (ftpviewfilecurrentpos), a
 3662 1D22              ; 439         hl = FtpViewFilesList;
 3663 1D22 21 96 1E     	ld hl, ftpviewfileslist
 3664 1D25              ; 440         //--
 3665 1D25              ; 441         *hl = '.';
 3666 1D25 36 2E        	ld (hl), 46
 3667 1D27              ; 442         hl++;
 3668 1D27 23           	inc hl
 3669 1D28              ; 443         *hl = '.';
 3670 1D28 36 2E        	ld (hl), 46
 3671 1D2A              ; 444         hl++;
 3672 1D2A 23           	inc hl
 3673 1D2B              ; 445         //--
 3674 1D2B              ; 446         *hl = ' ';
 3675 1D2B 36 20        	ld (hl), 32
 3676 1D2D              ; 447         hl++;
 3677 1D2D 23           	inc hl
 3678 1D2E              ; 448         *hl = ' ';
 3679 1D2E 36 20        	ld (hl), 32
 3680 1D30              ; 449         hl++;
 3681 1D30 23           	inc hl
 3682 1D31              ; 450         *hl = ' ';
 3683 1D31 36 20        	ld (hl), 32
 3684 1D33              ; 451         hl++;
 3685 1D33 23           	inc hl
 3686 1D34              ; 452         *hl = ' ';
 3687 1D34 36 20        	ld (hl), 32
 3688 1D36              ; 453         hl++;
 3689 1D36 23           	inc hl
 3690 1D37              ; 454         *hl = ' ';
 3691 1D37 36 20        	ld (hl), 32
 3692 1D39              ; 455         hl++;
 3693 1D39 23           	inc hl
 3694 1D3A              ; 456         *hl = ' ';
 3695 1D3A 36 20        	ld (hl), 32
 3696 1D3C              ; 457         hl++;
 3697 1D3C 23           	inc hl
 3698 1D3D E1           	pop hl
 3699 1D3E              ; 458     }
 3700 1D3E              ; 459     //--
 3701 1D3E              ; 460     FtpViewListUpdateUI();
 3702 1D3E              ; 461 }
 3703 1D3E              ; 462
 3704 1D3E              ; 463 void FtpViewListUpdateUI() {
 3705 1D3E              ftpviewlistupdateui:
 3706 1D3E              ; 464     FtpViewShowSelectLineA(a = 0);
 3707 1D3E 3E 00        	ld a, 0
 3708 1D40 CD F1 19     	call ftpviewshowselectlinea
 3709 1D43              ; 465     a = 0;
 3710 1D43 3E 00        	ld a, 0
 3711 1D45              ; 466     FtpViewFileCurrentPos = a;
 3712 1D45 32 94 1E     	ld (ftpviewfilecurrentpos), a
 3713 1D48              ; 467     FtpViewShowPath();
 3714 1D48 CD 21 1A     	call ftpviewshowpath
 3715 1D4B              ; 468     FtpViewShowFileList();
 3716 1D4B CD 82 1A     	call ftpviewshowfilelist
 3717 1D4E              ; 469     if ((a = CurrentViewId) == FtpViewId) {
 3718 1D4E 3A 4D 25     	ld a, (currentviewid)
 3719 1D51 FE 02        	cp 2
 3720 1D53 C2 5B 1D     	jp nz, __l_241
 3721 1D56              ; 470         FtpViewShowSelectLineA(a = 1);
 3722 1D56 3E 01        	ld a, 1
 3723 1D58 CD F1 19     	call ftpviewshowselectlinea
 3724 1D5B              __l_241:
 3725 1D5B C9           	ret
 3726 1D5C              ; 471     }
 3727 1D5C              ; 472 }
 3728 1D5C              ; 473
 3729 1D5C              ; 474 void FtpViewAccessDiskSpace() {
 3730 1D5C              ftpviewaccessdiskspace:
 3731 1D5C              ; 475     push_pop(de, hl) {
 3732 1D5C D5           	push de
 3733 1D5D E5           	push hl
 3734 1D5E              ; 476         // Находим указатель на файл
 3735 1D5E              ; 477         d = 0;
 3736 1D5E 16 00        	ld d, 0
 3737 1D60              ; 478         a ^= a;
 3738 1D60 AF           	xor a
 3739 1D61              ; 479         a = FtpViewFileCurrentPos;
 3740 1D61 3A 94 1E     	ld a, (ftpviewfilecurrentpos)
 3741 1D64              ; 480         carry_rotate_left(a, 4);
 3742 1D64 17           	rla
 3743 1D65 17           	rla
 3744 1D66 17           	rla
 3745 1D67 17           	rla
 3746 1D68              ; 481         e = a;
 3747 1D68 5F           	ld e, a
 3748 1D69              ; 482         if (flag_c) {
 3749 1D69 D2 6E 1D     	jp nc, __l_243
 3750 1D6C              ; 483             d = 1;
 3751 1D6C 16 01        	ld d, 1
 3752 1D6E              __l_243:
 3753 1D6E              ; 484         }
 3754 1D6E              ; 485         hl = FtpViewFilesList;
 3755 1D6E 21 96 1E     	ld hl, ftpviewfileslist
 3756 1D71              ; 486         hl += de;
 3757 1D71 19           	add hl, de
 3758 1D72              ; 487         // Сдвигаем к размеру файла и читаем размер
 3759 1D72              ; 488         de = 8;
 3760 1D72 11 08 00     	ld de, 8
 3761 1D75              ; 489         hl += de;
 3762 1D75 19           	add hl, de
 3763 1D76              ; 490         //
 3764 1D76              ; 491         a = *hl;
 3765 1D76 7E           	ld a, (hl)
 3766 1D77              ; 492         d = a;
 3767 1D77 57           	ld d, a
 3768 1D78              ; 493         hl++;
 3769 1D78 23           	inc hl
 3770 1D79              ; 494         a = *hl;
 3771 1D79 7E           	ld a, (hl)
 3772 1D7A              ; 495         e = a;
 3773 1D7A 5F           	ld e, a
 3774 1D7B              ; 496         //
 3775 1D7B              ; 497         DiskViewIsDiskSpaceDE();
 3776 1D7B CD FF 22     	call diskviewisdiskspacede
 3777 1D7E              ; 498         if (a == 1) {
 3778 1D7E FE 01        	cp 1
 3779 1D80 C2 89 1D     	jp nz, __l_245
 3780 1D83              ; 499             FtpViewLoadFile();
 3781 1D83 CD 92 1D     	call ftpviewloadfile
 3782 1D86 C3 8F 1D     	jp __l_246
 3783 1D89              __l_245:
 3784 1D89              ; 500         } else {
 3785 1D89              ; 501             AllertOkViewShowHL(hl = StringLocaleDiskFull);
 3786 1D89 21 2C 29     	ld hl, stringlocalediskfull
 3787 1D8C CD D1 3B     	call allertokviewshowhl
 3788 1D8F              __l_246:
 3789 1D8F E1           	pop hl
 3790 1D90 D1           	pop de
 3791 1D91 C9           	ret
 3792 1D92              ; 502         }
 3793 1D92              ; 503     }
 3794 1D92              ; 504 }
 3795 1D92              ; 505
 3796 1D92              ; 506 void FtpViewLoadFile() {
 3797 1D92              ftpviewloadfile:
 3798 1D92              ; 507     StringLocaleCreateLoadTitleA();
 3799 1D92 CD E0 27     	call stringlocalecreateloadtitlea
 3800 1D95              ; 508     //--
 3801 1D95              ; 509     LoadViewShowHL(hl = LoadViewLoadTitle);
 3802 1D95 21 8F 3D     	ld hl, loadviewloadtitle
 3803 1D98 CD 97 3C     	call loadviewshowhl
 3804 1D9B              ; 510     #ifdef _IS_SIMULATOR
 3805 1D9B              ; 511         push_pop(bc) {
 3806 1D9B              ; 512             b = 0;
 3807 1D9B              ; 513             do {
 3808 1D9B              ; 514                 LoadViewShowProgressA(a = b);
 3809 1D9B              ; 515                 c = 1;
 3810 1D9B              ; 516                 do {
 3811 1D9B              ; 517                     delay50ms();
 3812 1D9B              ; 518                     c--;
 3813 1D9B              ; 519                 } while ((a = c) > 0);
 3814 1D9B              ; 520                 b++;
 3815 1D9B              ; 521             } while ((a = b) < 40);
 3816 1D9B              ; 522             //--
 3817 1D9B              ; 523             push_pop(bc, de, hl) {
 3818 1D9B              ; 524                 hl = MockFileData;
 3819 1D9B              ; 525                 de = Net_buffer;
 3820 1D9B              ; 526                 b = 77;
 3821 1D9B              ; 527                 do {
 3822 1D9B              ; 528                     *de = (a = *hl);
 3823 1D9B              ; 529                     de++;
 3824 1D9B              ; 530                     hl++;
 3825 1D9B              ; 531                     b--;
 3826 1D9B              ; 532                 } while ((a = b) > 0);
 3827 1D9B              ; 533                 Net_buffer_len = (a = 77);
 3828 1D9B              ; 534                 l = 77;
 3829 1D9B              ; 535                 FileParserFtpLoadFileNextParse();
 3830 1D9B              ; 536             }
 3831 1D9B              ; 537             //--
 3832 1D9B              ; 538             LoadViewClose();
 3833 1D9B              ; 539             DiskViewUpdateDateAndUI();
 3834 1D9B              ; 540         }
 3835 1D9B              ; 541     #else
 3836 1D9B              ; 542         FtpViewNeedLoad();
 3837 1D9B CD A4 1D     	call ftpviewneedload
 3838 1D9E              ; 543         LoadViewClose();
 3839 1D9E CD CE 3C     	call loadviewclose
 3840 1DA1              ; 544         DiskViewUpdateDateAndUI();
 3841 1DA1 C3 A0 20     	jp diskviewupdatedateandui
 3842 1DA4              ; 545     #endif
 3843 1DA4              ; 546 }
 3844 1DA4              ; 547
 3845 1DA4              ; 548 void FtpViewNeedLoad() {
 3846 1DA4              ftpviewneedload:
 3847 1DA4              ; 549     NetFtpLoadFileA(a = FtpViewFileCurrentPos);
 3848 1DA4 3A 94 1E     	ld a, (ftpviewfilecurrentpos)
 3849 1DA7 CD 4B 2F     	call netftploadfilea
 3850 1DAA              ; 550     NetFtpLoadFileNext();
 3851 1DAA C3 59 2F     	jp netftploadfilenext
 3852 1DAD              ; 551 }
 3853 1DAD              ; 552
 3854 1DAD              ; 553 void FtpViewKeyA() {
 3855 1DAD              ftpviewkeya:
 3856 1DAD              ; 554     push_pop(hl) {
 3857 1DAD E5           	push hl
 3858 1DAE              ; 555         l = a;
 3859 1DAE 6F           	ld l, a
 3860 1DAF              ; 556         if ((a = CurrentViewId) == FtpViewId) {
 3861 1DAF 3A 4D 25     	ld a, (currentviewid)
 3862 1DB2 FE 02        	cp 2
 3863 1DB4 C2 76 1E     	jp nz, __l_247
 3864 1DB7              ; 557             if ((a = l) == 0x09) { //0x09 TAB
 3865 1DB7 7D           	ld a, l
 3866 1DB8 FE 09        	cp 9
 3867 1DBA C2 C5 1D     	jp nz, __l_249
 3868 1DBD              ; 558                 CurrentViewChangeIdA(a = DiskViewId);
 3869 1DBD 3E 01        	ld a, 1
 3870 1DBF CD 21 24     	call currentviewchangeida
 3871 1DC2 C3 76 1E     	jp __l_250
 3872 1DC5              __l_249:
 3873 1DC5              ; 559             } else if ((a = l) == 0x18) { //0x18 Вправо
 3874 1DC5 7D           	ld a, l
 3875 1DC6 FE 18        	cp 24
 3876 1DC8 C2 D3 1D     	jp nz, __l_251
 3877 1DCB              ; 560                 CurrentViewChangeIdA(a = DiskViewId);
 3878 1DCB 3E 01        	ld a, 1
 3879 1DCD CD 21 24     	call currentviewchangeida
 3880 1DD0 C3 76 1E     	jp __l_252
 3881 1DD3              __l_251:
 3882 1DD3              ; 561             } else {
 3883 1DD3              ; 562                 if ((a = l) == 0x1A) { //down
 3884 1DD3 7D           	ld a, l
 3885 1DD4 FE 1A        	cp 26
 3886 1DD6 C2 E1 1D     	jp nz, __l_253
 3887 1DD9              ; 563                     FtpViewFileCurrentPosUpdateA(a = 0x01);
 3888 1DD9 3E 01        	ld a, 1
 3889 1DDB CD 74 1C     	call ftpviewfilecurrentposupdatea
 3890 1DDE C3 76 1E     	jp __l_254
 3891 1DE1              __l_253:
 3892 1DE1              ; 564                 } else if ((a = l) == 0x19) { //up
 3893 1DE1 7D           	ld a, l
 3894 1DE2 FE 19        	cp 25
 3895 1DE4 C2 EF 1D     	jp nz, __l_255
 3896 1DE7              ; 565                     FtpViewFileCurrentPosUpdateA(a = 0xFF);
 3897 1DE7 3E FF        	ld a, 255
 3898 1DE9 CD 74 1C     	call ftpviewfilecurrentposupdatea
 3899 1DEC C3 76 1E     	jp __l_256
 3900 1DEF              __l_255:
 3901 1DEF              ; 566                 } else if ((a = l) == 0x0D) { //Enter
 3902 1DEF 7D           	ld a, l
 3903 1DF0 FE 0D        	cp 13
 3904 1DF2 C2 24 1E     	jp nz, __l_257
 3905 1DF5              ; 567                     if ((a = FtpViewFileCurrentPos) == 0) { // Dir UP
 3906 1DF5 3A 94 1E     	ld a, (ftpviewfilecurrentpos)
 3907 1DF8 B7           	or a
 3908 1DF9 C2 05 1E     	jp nz, __l_259
 3909 1DFC              ; 568                         #ifdef _IS_SIMULATOR
 3910 1DFC              ; 569
 3911 1DFC              ; 570                         #else
 3912 1DFC              ; 571                             NetFtpChangeDirUp();
 3913 1DFC CD 1B 2F     	call netftpchangedirup
 3914 1DFF              ; 572                             FtpViewNetLoadAndUpdate();
 3915 1DFF CD A9 1C     	call ftpviewnetloadandupdate
 3916 1E02 C3 21 1E     	jp __l_260
 3917 1E05              __l_259:
 3918 1E05              ; 573                         #endif
 3919 1E05              ; 574                     } else {
 3920 1E05              ; 575                         FtpViewCurrentPosIsDir();
 3921 1E05 CD F6 1C     	call ftpviewcurrentposisdir
 3922 1E08              ; 576                         if (a == 1) { // Enter Dir
 3923 1E08 FE 01        	cp 1
 3924 1E0A C2 1E 1E     	jp nz, __l_261
 3925 1E0D              ; 577                             #ifdef _IS_SIMULATOR
 3926 1E0D              ; 578
 3927 1E0D              ; 579                             #else
 3928 1E0D              ; 580                                 FtpViewShowSelectLineA(a = 0); // TODO надо убрать...
 3929 1E0D 3E 00        	ld a, 0
 3930 1E0F CD F1 19     	call ftpviewshowselectlinea
 3931 1E12              ; 581                                 NetFtpChangeDirIndexA(a = FtpViewFileCurrentPos);
 3932 1E12 3A 94 1E     	ld a, (ftpviewfilecurrentpos)
 3933 1E15 CD 25 2F     	call netftpchangedirindexa
 3934 1E18              ; 582                                 FtpViewNetLoadAndUpdate();
 3935 1E18 CD A9 1C     	call ftpviewnetloadandupdate
 3936 1E1B C3 21 1E     	jp __l_262
 3937 1E1E              __l_261:
 3938 1E1E              ; 583                             #endif
 3939 1E1E              ; 584                         } else { // Load file
 3940 1E1E              ; 585                             FtpViewAccessDiskSpace();
 3941 1E1E CD 5C 1D     	call ftpviewaccessdiskspace
 3942 1E21              __l_262:
 3943 1E21              __l_260:
 3944 1E21 C3 76 1E     	jp __l_258
 3945 1E24              __l_257:
 3946 1E24              ; 586                         }
 3947 1E24              ; 587                     }
 3948 1E24              ; 588                 } else if ((a = l) == 'R') { // Обновление папки
 3949 1E24 7D           	ld a, l
 3950 1E25 FE 52        	cp 82
 3951 1E27 C2 30 1E     	jp nz, __l_263
 3952 1E2A              ; 589                     FtpViewNetLoadAndUpdate();
 3953 1E2A CD A9 1C     	call ftpviewnetloadandupdate
 3954 1E2D C3 76 1E     	jp __l_264
 3955 1E30              __l_263:
 3956 1E30              ; 590                 } else if ((a = l) == 'C') { // загрузка файла
 3957 1E30 7D           	ld a, l
 3958 1E31 FE 43        	cp 67
 3959 1E33 C2 43 1E     	jp nz, __l_265
 3960 1E36              ; 591                     FtpViewCurrentPosIsDir();
 3961 1E36 CD F6 1C     	call ftpviewcurrentposisdir
 3962 1E39              ; 592                     if (a == 0) { // Проверим что это файл
 3963 1E39 B7           	or a
 3964 1E3A C2 40 1E     	jp nz, __l_267
 3965 1E3D              ; 593                         FtpViewAccessDiskSpace();
 3966 1E3D CD 5C 1D     	call ftpviewaccessdiskspace
 3967 1E40              __l_267:
 3968 1E40 C3 76 1E     	jp __l_266
 3969 1E43              __l_265:
 3970 1E43              ; 594                     }
 3971 1E43              ; 595                 } else if ((a = l) == 'H') { // Перейти в домашную папку
 3972 1E43 7D           	ld a, l
 3973 1E44 FE 48        	cp 72
 3974 1E46 C2 4F 1E     	jp nz, __l_269
 3975 1E49              ; 596                     ThreadsNetFtpGoToHomeDir();
 3976 1E49 CD C6 30     	call threadsnetftpgotohomedir
 3977 1E4C C3 76 1E     	jp __l_270
 3978 1E4F              __l_269:
 3979 1E4F              ; 597                 } else if ((a = l) == 'E') { // Удалить файл
 3980 1E4F 7D           	ld a, l
 3981 1E50 FE 45        	cp 69
 3982 1E52 C2 70 1E     	jp nz, __l_271
 3983 1E55              ; 598                     if ((a = FtpViewFileCurrentPos) > 0) {
 3984 1E55 3A 94 1E     	ld a, (ftpviewfilecurrentpos)
 3985 1E58 B7           	or a
 3986 1E59 CA 6D 1E     	jp z, __l_273
 3987 1E5C              ; 599                         AllertYesNoViewShowHL(hl = StringLocaleEraseFile);
 3988 1E5C 21 BE 28     	ld hl, stringlocaleerasefile
 3989 1E5F CD 70 3A     	call allertyesnoviewshowhl
 3990 1E62              ; 600                         if (a == 1) {
 3991 1E62 FE 01        	cp 1
 3992 1E64 C2 6D 1E     	jp nz, __l_275
 3993 1E67              ; 601                             #ifdef _IS_SIMULATOR
 3994 1E67              ; 602
 3995 1E67              ; 603                             #else
 3996 1E67              ; 604                                 ThreadsNetFtpDeleteFileA(a = FtpViewFileCurrentPos);
 3997 1E67 3A 94 1E     	ld a, (ftpviewfilecurrentpos)
 3998 1E6A CD E9 30     	call threadsnetftpdeletefilea
 3999 1E6D              __l_275:
 4000 1E6D              __l_273:
 4001 1E6D C3 76 1E     	jp __l_272
 4002 1E70              __l_271:
 4003 1E70              ; 605                             #endif
 4004 1E70              ; 606                         }
 4005 1E70              ; 607                     }
 4006 1E70              ; 608                 } else if ((a = l) == 'D') { // Создание новой папки
 4007 1E70 7D           	ld a, l
 4008 1E71 FE 44        	cp 68
 4009 1E73 C2 76 1E     	jp nz, __l_277
 4010 1E76              __l_277:
 4011 1E76              __l_272:
 4012 1E76              __l_270:
 4013 1E76              __l_266:
 4014 1E76              __l_264:
 4015 1E76              __l_258:
 4016 1E76              __l_256:
 4017 1E76              __l_254:
 4018 1E76              __l_252:
 4019 1E76              __l_250:
 4020 1E76              __l_247:
 4021 1E76 E1           	pop hl
 4022 1E77 C9           	ret
 4023 1E78              ; 609                     #ifdef _IS_SIMULATOR
 4024 1E78              ; 610
 4025 1E78              ; 611                     #else
 4026 1E78              ; 612                         //FtpMakeDirectoryShow()
 4027 1E78              ; 613                     #endif
 4028 1E78              ; 614                 }
 4029 1E78              ; 615             }
 4030 1E78              ; 616         }
 4031 1E78              ; 617     }
 4032 1E78              ; 618 }
 4033 1E78              ; 619
 4034 1E78              ; 620
 4035 1E78              ; 621 uint8_t FtpViewX = 0;
 4036 1E78              ftpviewx:
 4037 1E78 00           	db 0
 4038 1E79              ; 622 uint8_t FtpViewY = 4;
 4039 1E79              ftpviewy:
 4040 1E79 04           	db 4
 4041 1E7A              ; 623 uint8_t FtpViewDX = 28;
 4042 1E7A              ftpviewdx:
 4043 1E7A 1C           	db 28
 4044 1E7B              ; 624 uint8_t FtpViewDY = 25;
 4045 1E7B              ftpviewdy:
 4046 1E7B 19           	db 25
 4047 1E7C              ; 625 uint8_t FtpViewColor = 0x1F;
 4048 1E7C              ftpviewcolor:
 4049 1E7C 1F           	db 31
 4050 1E7D              ; 626 uint8_t FtpViewInvColor = 0xF1;
 4051 1E7D              ftpviewinvcolor:
 4052 1E7D F1           	db 241
 4053 1E7E              ; 628 uint8_t FtpViewTitle[] = {0x82, 'F', 'T', 'P', 0x92, '\0'};
 4054 1E7E              ftpviewtitle:
 4055 1E7E 82           	db 130
 4056 1E7F 46           	db 70
 4057 1E80 54           	db 84
 4058 1E81 50           	db 80
 4059 1E82 92           	db 146
 4060 1E83 00           	db 0
 4061 1E84              ; 629 uint8_t FtpViewPath[16] = "/";
 4062 1E84              ftpviewpath:
 4063 1E84 2F           	db 47
 4064 1E85 00 00 00...  	ds 15
 4065 1E94              ; 631 uint8_t FtpViewFileCurrentPos = 0;
 4066 1E94              ftpviewfilecurrentpos:
 4067 1E94 00           	db 0
 4068 1E95              ; 645 uint8_t FtpViewFilesListCount = 1;
 4069 1E95              ftpviewfileslistcount:
 4070 1E95 01           	db 1
 4071 1E96              ; 646 uint8_t FtpViewFilesList[16 * 23] = {
 4072 1E96              ftpviewfileslist:
 4073 1E96 2E           	db 46
 4074 1E97 2E           	db 46
 4075 1E98 20           	db 32
 4076 1E99 20           	db 32
 4077 1E9A 20           	db 32
 4078 1E9B 20           	db 32
 4079 1E9C 20           	db 32
 4080 1E9D 20           	db 32
 4081 1E9E 20           	db 32
 4082 1E9F 20           	db 32
 4083 1EA0 20           	db 32
 4084 1EA1 20           	db 32
 4085 1EA2 20           	db 32
 4086 1EA3 20           	db 32
 4087 1EA4 20           	db 32
 4088 1EA5 20           	db 32
 4089 1EA6 00 00 00...  	ds 352
 4090 2006              ; 11 void DiskViewStart() {
 4091 2006              diskviewstart:
 4092 2006              ; 12     DiskViewSetDiskNumA(a = 'A');
 4093 2006 3E 41        	ld a, 65
 4094 2008 CD 43 20     	call diskviewsetdisknuma
 4095 200B              ; 13     //DiskViewReload();
 4096 200B              ; 14     DiskViewShow();
 4097 200B              ; 15 }
 4098 200B              ; 16
 4099 200B              ; 17 void DiskViewShow() {
 4100 200B              diskviewshow:
 4101 200B              ; 18     c = (a = DiskViewColor);
 4102 200B 3A F6 23     	ld a, (diskviewcolor)
 4103 200E 4F           	ld c, a
 4104 200F              ; 19     l = (a = DiskViewX);
 4105 200F 3A F2 23     	ld a, (diskviewx)
 4106 2012 6F           	ld l, a
 4107 2013              ; 20     h = (a = DiskViewY);
 4108 2013 3A F3 23     	ld a, (diskviewy)
 4109 2016 67           	ld h, a
 4110 2017              ; 21     e = (a = DiskViewDX);
 4111 2017 3A F4 23     	ld a, (diskviewdx)
 4112 201A 5F           	ld e, a
 4113 201B              ; 22     d = (a = DiskViewDY);
 4114 201B 3A F5 23     	ld a, (diskviewdy)
 4115 201E 57           	ld d, a
 4116 201F              ; 23     b = MyViewByteFrame;
 4117 201F 06 02        	ld b, 2
 4118 2021              ; 24     MyViewShow();
 4119 2021 CD B7 11     	call myviewshow
 4120 2024              ; 25     DiskViewShowTitle();
 4121 2024 CD 2D 20     	call diskviewshowtitle
 4122 2027              ; 26     DiskViewUpdateDiskTitle();
 4123 2027 CD 79 20     	call diskviewupdatedisktitle
 4124 202A              ; 27     DiskViewReload();
 4125 202A C3 66 20     	jp diskviewreload
 4126 202D              ; 28 }
 4127 202D              ; 29
 4128 202D              ; 30 void DiskViewShowTitle() {
 4129 202D              diskviewshowtitle:
 4130 202D              ; 31     a = DiskViewX;
 4131 202D 3A F2 23     	ld a, (diskviewx)
 4132 2030              ; 32     a++;
 4133 2030 3C           	inc a
 4134 2031              ; 33     l = a;
 4135 2031 6F           	ld l, a
 4136 2032              ; 34     h = (a = DiskViewY);
 4137 2032 3A F3 23     	ld a, (diskviewy)
 4138 2035 67           	ld h, a
 4139 2036              ; 35     bios(a = biosSetPositionCursoreHL);
 4140 2036 3E 1C        	ld a, 28
 4141 2038 CD 00 F0     	call bios
 4142 203B              ; 36     bios(a = biosPrintMessageHL, hl = DiskViewTitle);
 4143 203B 3E 02        	ld a, 2
 4144 203D 21 04 24     	ld hl, diskviewtitle
 4145 2040 C3 00 F0     	jp bios
 4146 2043              ; 37 }
 4147 2043              ; 38
 4148 2043              ; 39 void DiskViewSetDiskNumA() {
 4149 2043              diskviewsetdisknuma:
 4150 2043              ; 40     push_pop(bc, de) {
 4151 2043 C5           	push bc
 4152 2044 D5           	push de
 4153 2045              ; 41         b = a;
 4154 2045 47           	ld b, a
 4155 2046              ; 42         bios(a = biosGetDiskC);
 4156 2046 3E 84        	ld a, 132
 4157 2048 CD 00 F0     	call bios
 4158 204B              ; 43         if ((a = b) != c) {
 4159 204B 78           	ld a, b
 4160 204C B9           	cp c
 4161 204D CA 63 20     	jp z, __l_279
 4162 2050              ; 44             d = c;
 4163 2050 51           	ld d, c
 4164 2051              ; 45             bios(a = biosSetDiskC, c = b);
 4165 2051 3E 83        	ld a, 131
 4166 2053 48           	ld c, b
 4167 2054 CD 00 F0     	call bios
 4168 2057              ; 46             if (flag_c) {
 4169 2057 D2 5D 20     	jp nc, __l_281
 4170 205A C3 63 20     	jp __l_282
 4171 205D              __l_281:
 4172 205D              ; 47
 4173 205D              ; 48             } else {
 4174 205D              ; 49                 #ifdef _IS_SIMULATOR
 4175 205D              ; 50
 4176 205D              ; 51                 #else
 4177 205D              ; 52                     NetDiskSetNum();
 4178 205D CD 22 2D     	call netdisksetnum
 4179 2060              ; 53                 #endif
 4180 2060              ; 54                 DiskViewReload();
 4181 2060 CD 66 20     	call diskviewreload
 4182 2063              __l_282:
 4183 2063              __l_279:
 4184 2063 D1           	pop de
 4185 2064 C1           	pop bc
 4186 2065 C9           	ret
 4187 2066              ; 55             }
 4188 2066              ; 56         }
 4189 2066              ; 57     }
 4190 2066              ; 58 }
 4191 2066              ; 59
 4192 2066              ; 60 void DiskViewReload() {
 4193 2066              diskviewreload:
 4194 2066              ; 61     DiskViewShowSelectLineA(a = 0);
 4195 2066 3E 00        	ld a, 0
 4196 2068 CD 21 22     	call diskviewshowselectlinea
 4197 206B              ; 62     a = 0;
 4198 206B 3E 00        	ld a, 0
 4199 206D              ; 63     DiskViewDirStartIndex = a;
 4200 206D 32 FC 23     	ld (diskviewdirstartindex), a
 4201 2070              ; 64     DiskViewFileCurrentPos = a;
 4202 2070 32 FB 23     	ld (diskviewfilecurrentpos), a
 4203 2073              ; 65     DiskViewUpdateDiskTitle();
 4204 2073 CD 79 20     	call diskviewupdatedisktitle
 4205 2076              ; 66     DiskViewUpdateDateAndUI();
 4206 2076 C3 A0 20     	jp diskviewupdatedateandui
 4207 2079              ; 67 }
 4208 2079              ; 68
 4209 2079              ; 69 void DiskViewUpdateDiskTitle() {
 4210 2079              diskviewupdatedisktitle:
 4211 2079              ; 70     push_pop(hl, bc) {
 4212 2079 E5           	push hl
 4213 207A C5           	push bc
 4214 207B              ; 71         bios(c = (a = DiskViewColor), a = biosSetColorC);
 4215 207B 3A F6 23     	ld a, (diskviewcolor)
 4216 207E 4F           	ld c, a
 4217 207F 3E 12        	ld a, 18
 4218 2081 CD 00 F0     	call bios
 4219 2084              ; 72         a = DiskViewX;
 4220 2084 3A F2 23     	ld a, (diskviewx)
 4221 2087              ; 73         a += 7;
 4222 2087 C6 07        	add 7
 4223 2089              ; 74         l = a;
 4224 2089 6F           	ld l, a
 4225 208A              ; 75         h = (a = DiskViewY);
 4226 208A 3A F3 23     	ld a, (diskviewy)
 4227 208D 67           	ld h, a
 4228 208E              ; 76         bios(a = biosSetPositionCursoreHL);
 4229 208E 3E 1C        	ld a, 28
 4230 2090 CD 00 F0     	call bios
 4231 2093              ; 77         bios(a = biosGetDiskC);
 4232 2093 3E 84        	ld a, 132
 4233 2095 CD 00 F0     	call bios
 4234 2098              ; 78         bios(a = biosPrintC);
 4235 2098 3E 00        	ld a, 0
 4236 209A CD 00 F0     	call bios
 4237 209D C1           	pop bc
 4238 209E E1           	pop hl
 4239 209F C9           	ret
 4240 20A0              ; 79     }
 4241 20A0              ; 80 }
 4242 20A0              ; 81
 4243 20A0              ; 82 void DiskViewUpdateDateAndUI() {
 4244 20A0              diskviewupdatedateandui:
 4245 20A0              ; 83     DiskViewUpdateDir();
 4246 20A0 CD 06 21     	call diskviewupdatedir
 4247 20A3              ; 84     DiskViewShowDir();
 4248 20A3 CD 9F 21     	call diskviewshowdir
 4249 20A6              ; 85     if ((a = CurrentViewId) == DiskViewId) {
 4250 20A6 3A 4D 25     	ld a, (currentviewid)
 4251 20A9 FE 01        	cp 1
 4252 20AB C2 B3 20     	jp nz, __l_283
 4253 20AE              ; 86         DiskViewShowSelectLineA(a = 1);
 4254 20AE 3E 01        	ld a, 1
 4255 20B0 CD 21 22     	call diskviewshowselectlinea
 4256 20B3              __l_283:
 4257 20B3              ; 87     }
 4258 20B3              ; 88     DiskViewShowFreeSpace();
 4259 20B3              ; 89 }
 4260 20B3              ; 90
 4261 20B3              ; 91 void DiskViewShowFreeSpace() {
 4262 20B3              diskviewshowfreespace:
 4263 20B3              ; 92     push_pop(de, hl, bc) {
 4264 20B3 D5           	push de
 4265 20B4 E5           	push hl
 4266 20B5 C5           	push bc
 4267 20B6              ; 93         a = DiskViewX;
 4268 20B6 3A F2 23     	ld a, (diskviewx)
 4269 20B9              ; 94         e = a;
 4270 20B9 5F           	ld e, a
 4271 20BA              ; 95         a = DiskViewDX;
 4272 20BA 3A F4 23     	ld a, (diskviewdx)
 4273 20BD              ; 96         a += e;
 4274 20BD 83           	add e
 4275 20BE              ; 97         a -= 7;
 4276 20BE D6 07        	sub 7
 4277 20C0              ; 98         l = a;
 4278 20C0 6F           	ld l, a
 4279 20C1              ; 99         a = DiskViewY;
 4280 20C1 3A F3 23     	ld a, (diskviewy)
 4281 20C4              ; 100         e = a;
 4282 20C4 5F           	ld e, a
 4283 20C5              ; 101         a = DiskViewDY;
 4284 20C5 3A F5 23     	ld a, (diskviewdy)
 4285 20C8              ; 102         a += e;
 4286 20C8 83           	add e
 4287 20C9              ; 103         a--;
 4288 20C9 3D           	dec a
 4289 20CA              ; 104         h = a;
 4290 20CA 67           	ld h, a
 4291 20CB              ; 105         bios(a = biosSetPositionCursoreHL);
 4292 20CB 3E 1C        	ld a, 28
 4293 20CD CD 00 F0     	call bios
 4294 20D0              ; 106         //-- 0x82
 4295 20D0              ; 107         bios(a = biosPrintC, c = 0x82);
 4296 20D0 3E 00        	ld a, 0
 4297 20D2 0E 82        	ld c, 130
 4298 20D4 CD 00 F0     	call bios
 4299 20D7              ; 108         //--
 4300 20D7              ; 109         bios(a = biosUpdateInfoDisk);
 4301 20D7 3E 90        	ld a, 144
 4302 20D9 CD 00 F0     	call bios
 4303 20DC              ; 110         bios(a = biosGetInfoDisk, c = 0x01);
 4304 20DC 3E 93        	ld a, 147
 4305 20DE 0E 01        	ld c, 1
 4306 20E0 CD 00 F0     	call bios
 4307 20E3              ; 111         d = h;
 4308 20E3 54           	ld d, h
 4309 20E4              ; 112         e = l;
 4310 20E4 5D           	ld e, l
 4311 20E5              ; 113         MyFunc4CharSizeDE();
 4312 20E5 CD 98 18     	call myfunc4charsizede
 4313 20E8              ; 114         //--
 4314 20E8              ; 115         hl = MyFunc4Chars;
 4315 20E8 21 BB 18     	ld hl, myfunc4chars
 4316 20EB              ; 116         b = 4;
 4317 20EB 06 04        	ld b, 4
 4318 20ED              ; 117         do {
 4319 20ED              __l_285:
 4320 20ED              ; 118             bios(c = (a = *hl), a = biosPrintC);
 4321 20ED 7E           	ld a, (hl)
 4322 20EE 4F           	ld c, a
 4323 20EF 3E 00        	ld a, 0
 4324 20F1 CD 00 F0     	call bios
 4325 20F4              ; 119             hl++;
 4326 20F4 23           	inc hl
 4327 20F5              ; 120             b--;
 4328 20F5 05           	dec b
 4329 20F6              __l_286:
 4330 20F6              ; 121         } while ((a = b) > 0);
 4331 20F6 78           	ld a, b
 4332 20F7 B7           	or a
 4333 20F8 C2 ED 20     	jp nz, __l_285
 4334 20FB              ; 122         //-- 0x92
 4335 20FB              ; 123         bios(a = biosPrintC, c = 0x92);
 4336 20FB 3E 00        	ld a, 0
 4337 20FD 0E 92        	ld c, 146
 4338 20FF CD 00 F0     	call bios
 4339 2102 C1           	pop bc
 4340 2103 E1           	pop hl
 4341 2104 D1           	pop de
 4342 2105 C9           	ret
 4343 2106              ; 124     }
 4344 2106              ; 125 }
 4345 2106              ; 126
 4346 2106              ; 127 void DiskViewUpdateDir() {
 4347 2106              diskviewupdatedir:
 4348 2106              ; 128     push_pop(hl, bc) {
 4349 2106 E5           	push hl
 4350 2107 C5           	push bc
 4351 2108              ; 129         //[C] – номер первого
 4352 2108              ; 130         c = (a = DiskViewDirStartIndex);
 4353 2108 3A FC 23     	ld a, (diskviewdirstartindex)
 4354 210B 4F           	ld c, a
 4355 210C              ; 131         c++;
 4356 210C 0C           	inc c
 4357 210D              ; 132         //[B] – max кол-во
 4358 210D              ; 133         b = (a = DiskViewDirPageCoint);
 4359 210D 3A FE 23     	ld a, (diskviewdirpagecoint)
 4360 2110 47           	ld b, a
 4361 2111              ; 134         hl = DiskViewDirBufer;
 4362 2111 2A F9 23     	ld hl, (diskviewdirbufer)
 4363 2114              ; 135         bios(a = biosUpdateDirHL);
 4364 2114 3E 8D        	ld a, 141
 4365 2116 CD 00 F0     	call bios
 4366 2119              ; 136         if (flag_c) {
 4367 2119 D2 24 21     	jp nc, __l_288
 4368 211C              ; 137             a = 0;
 4369 211C 3E 00        	ld a, 0
 4370 211E              ; 138             DiskViewDirCount = a;
 4371 211E 32 F8 23     	ld (diskviewdircount), a
 4372 2121 C3 27 21     	jp __l_289
 4373 2124              __l_288:
 4374 2124              ; 139         } else {
 4375 2124              ; 140             DiskViewDirCount = a;
 4376 2124 32 F8 23     	ld (diskviewdircount), a
 4377 2127              __l_289:
 4378 2127 C1           	pop bc
 4379 2128 E1           	pop hl
 4380 2129 C9           	ret
 4381 212A              ; 141         }
 4382 212A              ; 142     }
 4383 212A              ; 143 }
 4384 212A              ; 144
 4385 212A              ; 145 void DiskViewShowFileSizeHL() {
 4386 212A              diskviewshowfilesizehl:
 4387 212A              ; 146     e = (a = *hl);
 4388 212A 7E           	ld a, (hl)
 4389 212B 5F           	ld e, a
 4390 212C              ; 147     hl++;
 4391 212C 23           	inc hl
 4392 212D              ; 148     d = (a = *hl);
 4393 212D 7E           	ld a, (hl)
 4394 212E 57           	ld d, a
 4395 212F              ; 149     hl++;
 4396 212F 23           	inc hl
 4397 2130              ; 150     MyFunc4CharSizeDE();
 4398 2130 CD 98 18     	call myfunc4charsizede
 4399 2133              ; 151     //--
 4400 2133              ; 152     push_pop(bc, hl) {
 4401 2133 C5           	push bc
 4402 2134 E5           	push hl
 4403 2135              ; 153         // Отступ
 4404 2135              ; 154         b = 4;
 4405 2135 06 04        	ld b, 4
 4406 2137              ; 155         do {
 4407 2137              __l_290:
 4408 2137              ; 156             bios(c = ' ', a = biosPrintC);
 4409 2137 0E 20        	ld c, 32
 4410 2139 3E 00        	ld a, 0
 4411 213B CD 00 F0     	call bios
 4412 213E              ; 157             b--;
 4413 213E 05           	dec b
 4414 213F              __l_291:
 4415 213F              ; 158         } while ((a = b) > 0);
 4416 213F 78           	ld a, b
 4417 2140 B7           	or a
 4418 2141 C2 37 21     	jp nz, __l_290
 4419 2144              ; 159         //--
 4420 2144              ; 160         hl = MyFunc4Chars;
 4421 2144 21 BB 18     	ld hl, myfunc4chars
 4422 2147              ; 161         b = 4;
 4423 2147 06 04        	ld b, 4
 4424 2149              ; 162         do {
 4425 2149              __l_293:
 4426 2149              ; 163             bios(c = (a = *hl), a = biosPrintC);
 4427 2149 7E           	ld a, (hl)
 4428 214A 4F           	ld c, a
 4429 214B 3E 00        	ld a, 0
 4430 214D CD 00 F0     	call bios
 4431 2150              ; 164             hl++;
 4432 2150 23           	inc hl
 4433 2151              ; 165             b--;
 4434 2151 05           	dec b
 4435 2152              __l_294:
 4436 2152              ; 166         } while ((a = b) > 0);
 4437 2152 78           	ld a, b
 4438 2153 B7           	or a
 4439 2154 C2 49 21     	jp nz, __l_293
 4440 2157 E1           	pop hl
 4441 2158 C1           	pop bc
 4442 2159 C9           	ret
 4443 215A              ; 167     }
 4444 215A              ; 168 }
 4445 215A              ; 169
 4446 215A              ; 170 void DiskViewShowFileNameHL() {
 4447 215A              diskviewshowfilenamehl:
 4448 215A              ; 171     push_pop(bc) {
 4449 215A C5           	push bc
 4450 215B              ; 172         b = 8;
 4451 215B 06 08        	ld b, 8
 4452 215D              ; 173         do {
 4453 215D              __l_296:
 4454 215D              ; 174             bios(c = (a = *hl), a = biosPrintC);
 4455 215D 7E           	ld a, (hl)
 4456 215E 4F           	ld c, a
 4457 215F 3E 00        	ld a, 0
 4458 2161 CD 00 F0     	call bios
 4459 2164              ; 175             //--
 4460 2164              ; 176             hl++;
 4461 2164 23           	inc hl
 4462 2165              ; 177             b--;
 4463 2165 05           	dec b
 4464 2166              __l_297:
 4465 2166              ; 178         } while ((a = b) > 0);
 4466 2166 78           	ld a, b
 4467 2167 B7           	or a
 4468 2168 C2 5D 21     	jp nz, __l_296
 4469 216B C1           	pop bc
 4470 216C C9           	ret
 4471 216D              ; 179     }
 4472 216D              ; 180 }
 4473 216D              ; 181
 4474 216D              ; 182 void DiskViewShowFilePosB() {
 4475 216D              diskviewshowfileposb:
 4476 216D              ; 183     push_pop(hl, de, bc) {
 4477 216D E5           	push hl
 4478 216E D5           	push de
 4479 216F C5           	push bc
 4480 2170              ; 184         h = 0;
 4481 2170 26 00        	ld h, 0
 4482 2172              ; 185         l = b;
 4483 2172 68           	ld l, b
 4484 2173              ; 186         hl <<= 4;
 4485 2173 29           	add hl, hl
 4486 2174 29           	add hl, hl
 4487 2175 29           	add hl, hl
 4488 2176 29           	add hl, hl
 4489 2177              ; 187         d = h;
 4490 2177 54           	ld d, h
 4491 2178              ; 188         e = l;
 4492 2178 5D           	ld e, l
 4493 2179              ; 189         hl = DiskViewDirBufer;
 4494 2179 2A F9 23     	ld hl, (diskviewdirbufer)
 4495 217C              ; 190         hl += de;
 4496 217C 19           	add hl, de
 4497 217D              ; 191         //--
 4498 217D              ; 192         DiskViewShowFileNameHL();
 4499 217D CD 5A 21     	call diskviewshowfilenamehl
 4500 2180              ; 193         hl++;
 4501 2180 23           	inc hl
 4502 2181              ; 194         hl++;
 4503 2181 23           	inc hl
 4504 2182              ; 195         DiskViewShowFileSizeHL();
 4505 2182 CD 2A 21     	call diskviewshowfilesizehl
 4506 2185 C1           	pop bc
 4507 2186 D1           	pop de
 4508 2187 E1           	pop hl
 4509 2188 C9           	ret
 4510 2189              ; 196     }
 4511 2189              ; 197 }
 4512 2189              ; 198
 4513 2189              ; 199 void DiskViewShowEmptyFile() {
 4514 2189              diskviewshowemptyfile:
 4515 2189              ; 200     push_pop(bc) {
 4516 2189 C5           	push bc
 4517 218A              ; 201         a = DiskViewDX;
 4518 218A 3A F4 23     	ld a, (diskviewdx)
 4519 218D              ; 202         a -= 4;
 4520 218D D6 04        	sub 4
 4521 218F              ; 203         b = a;
 4522 218F 47           	ld b, a
 4523 2190              ; 204         do {
 4524 2190              __l_299:
 4525 2190              ; 205             bios(a = biosPrintC, c = ' ');
 4526 2190 3E 00        	ld a, 0
 4527 2192 0E 20        	ld c, 32
 4528 2194 CD 00 F0     	call bios
 4529 2197              ; 206             b--;
 4530 2197 05           	dec b
 4531 2198              __l_300:
 4532 2198              ; 207         } while ((a = b) > 0);
 4533 2198 78           	ld a, b
 4534 2199 B7           	or a
 4535 219A C2 90 21     	jp nz, __l_299
 4536 219D C1           	pop bc
 4537 219E C9           	ret
 4538 219F              ; 208     }
 4539 219F              ; 209 }
 4540 219F              ; 210
 4541 219F              ; 211 void DiskViewShowDir() {
 4542 219F              diskviewshowdir:
 4543 219F              ; 212     push_pop(hl, bc, de) {
 4544 219F E5           	push hl
 4545 21A0 C5           	push bc
 4546 21A1 D5           	push de
 4547 21A2              ; 213         bios(c = (a = DiskViewColor), a = biosSetColorC);
 4548 21A2 3A F6 23     	ld a, (diskviewcolor)
 4549 21A5 4F           	ld c, a
 4550 21A6 3E 12        	ld a, 18
 4551 21A8 CD 00 F0     	call bios
 4552 21AB              ; 214         a = DiskViewX;
 4553 21AB 3A F2 23     	ld a, (diskviewx)
 4554 21AE              ; 215         a += 2;
 4555 21AE C6 02        	add 2
 4556 21B0              ; 216         l = a;
 4557 21B0 6F           	ld l, a
 4558 21B1              ; 217         a = DiskViewY;
 4559 21B1 3A F3 23     	ld a, (diskviewy)
 4560 21B4              ; 218         a += 2;
 4561 21B4 C6 02        	add 2
 4562 21B6              ; 219         h = a;
 4563 21B6 67           	ld h, a
 4564 21B7              ; 220         //-- HL позиция
 4565 21B7              ; 221         a = DiskViewDirCount;
 4566 21B7 3A F8 23     	ld a, (diskviewdircount)
 4567 21BA              ; 222         if (a > 0) {
 4568 21BA B7           	or a
 4569 21BB CA E3 21     	jp z, __l_302
 4570 21BE              ; 223             b = 0;
 4571 21BE 06 00        	ld b, 0
 4572 21C0              ; 224             do {
 4573 21C0              __l_304:
 4574 21C0              ; 225                 bios(a = biosSetPositionCursoreHL);
 4575 21C0 3E 1C        	ld a, 28
 4576 21C2 CD 00 F0     	call bios
 4577 21C5              ; 226                 h++;
 4578 21C5 24           	inc h
 4579 21C6              ; 227                 //--
 4580 21C6              ; 228                 a = DiskViewDirCount;
 4581 21C6 3A F8 23     	ld a, (diskviewdircount)
 4582 21C9              ; 229                 a--;
 4583 21C9 3D           	dec a
 4584 21CA              ; 230                 if (a >= b) {
 4585 21CA B8           	cp b
 4586 21CB DA D4 21     	jp c, __l_307
 4587 21CE              ; 231                     DiskViewShowFilePosB();
 4588 21CE CD 6D 21     	call diskviewshowfileposb
 4589 21D1 C3 D7 21     	jp __l_308
 4590 21D4              __l_307:
 4591 21D4              ; 232                 } else {
 4592 21D4              ; 233                     DiskViewShowEmptyFile();
 4593 21D4 CD 89 21     	call diskviewshowemptyfile
 4594 21D7              __l_308:
 4595 21D7              ; 234                 }
 4596 21D7              ; 235                 //--
 4597 21D7              ; 236                 b++;
 4598 21D7 04           	inc b
 4599 21D8              ; 237                 a = DiskViewDirPageCoint;
 4600 21D8 3A FE 23     	ld a, (diskviewdirpagecoint)
 4601 21DB              ; 238                 a--;
 4602 21DB 3D           	dec a
 4603 21DC              __l_305:
 4604 21DC              ; 239             } while (a >= b);
 4605 21DC B8           	cp b
 4606 21DD D2 C0 21     	jp nc, __l_304
 4607 21E0 C3 F6 21     	jp __l_303
 4608 21E3              __l_302:
 4609 21E3              ; 240         } else {
 4610 21E3              ; 241             b = (a = DiskViewDirPageCoint);
 4611 21E3 3A FE 23     	ld a, (diskviewdirpagecoint)
 4612 21E6 47           	ld b, a
 4613 21E7              ; 242             do {
 4614 21E7              __l_309:
 4615 21E7              ; 243                 bios(a = biosSetPositionCursoreHL);
 4616 21E7 3E 1C        	ld a, 28
 4617 21E9 CD 00 F0     	call bios
 4618 21EC              ; 244                 h++;
 4619 21EC 24           	inc h
 4620 21ED              ; 245                 DiskViewShowEmptyFile();
 4621 21ED CD 89 21     	call diskviewshowemptyfile
 4622 21F0              ; 246                 b--;
 4623 21F0 05           	dec b
 4624 21F1              __l_310:
 4625 21F1              ; 247             } while ((a = b) > 0);
 4626 21F1 78           	ld a, b
 4627 21F2 B7           	or a
 4628 21F3 C2 E7 21     	jp nz, __l_309
 4629 21F6              __l_303:
 4630 21F6 D1           	pop de
 4631 21F7 C1           	pop bc
 4632 21F8 E1           	pop hl
 4633 21F9 C9           	ret
 4634 21FA              ; 248         }
 4635 21FA              ; 249     }
 4636 21FA              ; 250
 4637 21FA              ; 251     //DiskViewDirProgress();
 4638 21FA              ; 252 //    push_pop(hl, bc, de) {
 4639 21FA              ; 253 //        a = DiskViewX;
 4640 21FA              ; 254 //        a += 2;
 4641 21FA              ; 255 //        l = a;
 4642 21FA              ; 256 //        a = DiskViewY;
 4643 21FA              ; 257 //        a += 2;
 4644 21FA              ; 258 //        h = a;
 4645 21FA              ; 259 //        // В HL храним курсор
 4646 21FA              ; 260 //        //-- RootTitle
 4647 21FA              ; 261 //        bios(a = biosSetPositionCursoreHL);
 4648 21FA              ; 262 //        push_pop(hl) {
 4649 21FA              ; 263 //            bios(a = biosPrintMessageHL, hl = DiskViewDirRootTitle);
 4650 21FA              ; 264 //        }
 4651 21FA              ; 265 //        //-- List DiskViewDirPageCoint
 4652 21FA              ; 266 //        b = 0;
 4653 21FA              ; 267 //        c = (a = DiskViewDirCount);
 4654 21FA              ; 268 //        c--;
 4655 21FA              ; 269 //        do {
 4656 21FA              ; 270 //            h++;
 4657 21FA              ; 271 //            bios(a = biosSetPositionCursoreHL);
 4658 21FA              ; 272 //            push_pop(hl) {
 4659 21FA              ; 273 //                if ((a = c) >= b) {
 4660 21FA              ; 274 //                    DiskViewDirBuferBIndexToHL();
 4661 21FA              ; 275 //                    DiskViewDirBuferFileName();
 4662 21FA              ; 276 //                } else {
 4663 21FA              ; 277 //                    MyFuncPrintHLStrLenA(hl = DiskViewDirNameEmpty, a = 16);
 4664 21FA              ; 278 //                }
 4665 21FA              ; 279 //            }
 4666 21FA              ; 280 //            b++;
 4667 21FA              ; 281 //            a = DiskViewDirPageCoint;
 4668 21FA              ; 282 //            a--;
 4669 21FA              ; 283 //        } while (a >= b);
 4670 21FA              ; 284 //    }
 4671 21FA              ; 285 }
 4672 21FA              ; 286
 4673 21FA              ; 287 void DiskViewDirBuferFileName() {
 4674 21FA              diskviewdirbuferfilename:
 4675 21FA              ; 288     push_pop(bc) {
 4676 21FA C5           	push bc
 4677 21FB              ; 289         b = 8;
 4678 21FB 06 08        	ld b, 8
 4679 21FD              ; 290         do {
 4680 21FD              __l_312:
 4681 21FD              ; 291             bios(a = biosPrintC, c = (a = *hl));
 4682 21FD 3E 00        	ld a, 0
 4683 21FF 7E           	ld a, (hl)
 4684 2200 4F           	ld c, a
 4685 2201 CD 00 F0     	call bios
 4686 2204              ; 292             hl++;
 4687 2204 23           	inc hl
 4688 2205              ; 293             b--;
 4689 2205 05           	dec b
 4690 2206              __l_313:
 4691 2206              ; 294         } while ((a = b) > 0);
 4692 2206 78           	ld a, b
 4693 2207 B7           	or a
 4694 2208 C2 FD 21     	jp nz, __l_312
 4695 220B C1           	pop bc
 4696 220C C9           	ret
 4697 220D              ; 295     }
 4698 220D              ; 296 }
 4699 220D              ; 297
 4700 220D              ; 298 void DiskViewDirBuferBIndexToHL() {
 4701 220D              diskviewdirbuferbindextohl:
 4702 220D              ; 299     push_pop(de) {
 4703 220D D5           	push de
 4704 220E              ; 300         hl = DiskViewDirBufer;
 4705 220E 2A F9 23     	ld hl, (diskviewdirbufer)
 4706 2211              ; 301         d = 0;
 4707 2211 16 00        	ld d, 0
 4708 2213              ; 302         a ^= a;
 4709 2213 AF           	xor a
 4710 2214              ; 303         a = b;
 4711 2214 78           	ld a, b
 4712 2215              ; 304         carry_rotate_left(a, 4);
 4713 2215 17           	rla
 4714 2216 17           	rla
 4715 2217 17           	rla
 4716 2218 17           	rla
 4717 2219              ; 305         e = a;
 4718 2219 5F           	ld e, a
 4719 221A              ; 306         if (flag_c) { // Если переполняние младшего разряда, инкремент старшего
 4720 221A D2 1E 22     	jp nc, __l_315
 4721 221D              ; 307             d++;
 4722 221D 14           	inc d
 4723 221E              __l_315:
 4724 221E              ; 308         }
 4725 221E              ; 309         hl += de;
 4726 221E 19           	add hl, de
 4727 221F D1           	pop de
 4728 2220 C9           	ret
 4729 2221              ; 310     }
 4730 2221              ; 311 }
 4731 2221              ; 312
 4732 2221              ; 313 /// Рисование линии прямым или инверсным цветом
 4733 2221              ; 314 /// 0 - прямой
 4734 2221              ; 315 /// 1 - инверсный
 4735 2221              ; 316 void DiskViewShowSelectLineA() {
 4736 2221              diskviewshowselectlinea:
 4737 2221              ; 317     push_pop(bc, hl, de) {
 4738 2221 C5           	push bc
 4739 2222 E5           	push hl
 4740 2223 D5           	push de
 4741 2224              ; 318         c = a;
 4742 2224 4F           	ld c, a
 4743 2225              ; 319         // HL
 4744 2225              ; 320         a = DiskViewFileCurrentPos;
 4745 2225 3A FB 23     	ld a, (diskviewfilecurrentpos)
 4746 2228              ; 321         b = a;
 4747 2228 47           	ld b, a
 4748 2229              ; 322         a = DiskViewY;
 4749 2229 3A F3 23     	ld a, (diskviewy)
 4750 222C              ; 323         a += 2;
 4751 222C C6 02        	add 2
 4752 222E              ; 324         a += b;
 4753 222E 80           	add b
 4754 222F              ; 325         h = a;
 4755 222F 67           	ld h, a
 4756 2230              ; 326         a = DiskViewX;
 4757 2230 3A F2 23     	ld a, (diskviewx)
 4758 2233              ; 327         a += 1;
 4759 2233 C6 01        	add 1
 4760 2235              ; 328         l = a;
 4761 2235 6F           	ld l, a
 4762 2236              ; 329         // DE
 4763 2236              ; 330         a = DiskViewDX;
 4764 2236 3A F4 23     	ld a, (diskviewdx)
 4765 2239              ; 331         a -= 2;
 4766 2239 D6 02        	sub 2
 4767 223B              ; 332         e = a;
 4768 223B 5F           	ld e, a
 4769 223C              ; 333         a = 1;
 4770 223C 3E 01        	ld a, 1
 4771 223E              ; 334         d = a;
 4772 223E 57           	ld d, a
 4773 223F              ; 335         // C
 4774 223F              ; 336         if ((a = c) == 0) {
 4775 223F 79           	ld a, c
 4776 2240 B7           	or a
 4777 2241 C2 4A 22     	jp nz, __l_317
 4778 2244              ; 337             a = DiskViewColor;
 4779 2244 3A F6 23     	ld a, (diskviewcolor)
 4780 2247 C3 4D 22     	jp __l_318
 4781 224A              __l_317:
 4782 224A              ; 338         } else {
 4783 224A              ; 339             a = DiskViewInvColor;
 4784 224A 3A F7 23     	ld a, (diskviewinvcolor)
 4785 224D              __l_318:
 4786 224D              ; 340         }
 4787 224D              ; 341         c = a;
 4788 224D 4F           	ld c, a
 4789 224E              ; 342         // A
 4790 224E              ; 343         MyViewChangeBoxColor();
 4791 224E CD 48 11     	call myviewchangeboxcolor
 4792 2251 D1           	pop de
 4793 2252 E1           	pop hl
 4794 2253 C1           	pop bc
 4795 2254 C9           	ret
 4796 2255              ; 344     }
 4797 2255              ; 345 }
 4798 2255              ; 346
 4799 2255              ; 347 void DiskViewDirEndIndexCalc() {
 4800 2255              diskviewdirendindexcalc:
 4801 2255              ; 348     push_pop(bc) {
 4802 2255 C5           	push bc
 4803 2256              ; 349         //--
 4804 2256              ; 350         a = DiskViewDirPageCoint;
 4805 2256 3A FE 23     	ld a, (diskviewdirpagecoint)
 4806 2259              ; 351         c = a;
 4807 2259 4F           	ld c, a
 4808 225A              ; 352         //--
 4809 225A              ; 353         a = DiskViewDirStartIndex;
 4810 225A 3A FC 23     	ld a, (diskviewdirstartindex)
 4811 225D              ; 354         b = a;
 4812 225D 47           	ld b, a
 4813 225E              ; 355         a = DiskViewDirCount;
 4814 225E 3A F8 23     	ld a, (diskviewdircount)
 4815 2261              ; 356         a -= b;
 4816 2261 90           	sub b
 4817 2262              ; 357         if (a >= c) {
 4818 2262 B9           	cp c
 4819 2263 DA 67 22     	jp c, __l_319
 4820 2266              ; 358             a = c;
 4821 2266 79           	ld a, c
 4822 2267              __l_319:
 4823 2267              ; 359         }
 4824 2267              ; 360         DiskViewDirEndIndex = a;
 4825 2267 32 FD 23     	ld (diskviewdirendindex), a
 4826 226A C1           	pop bc
 4827 226B C9           	ret
 4828 226C              ; 361     }
 4829 226C              ; 362 }
 4830 226C              ; 363
 4831 226C              ; 364 /// Обновление позиции
 4832 226C              ; 365 /// вх[A]
 4833 226C              ; 366 /// 0 - без изменений
 4834 226C              ; 367 /// 1 - вверх
 4835 226C              ; 368 /// 0xFF - вниз
 4836 226C              ; 369 void DiskViewFileCurrentPosUpdateA() {
 4837 226C              diskviewfilecurrentposupdatea:
 4838 226C              ; 370     push_pop(bc, de) {
 4839 226C C5           	push bc
 4840 226D D5           	push de
 4841 226E              ; 371         b = a;
 4842 226E 47           	ld b, a
 4843 226F              ; 372         DiskViewDirEndIndexCalc();
 4844 226F CD 55 22     	call diskviewdirendindexcalc
 4845 2272              ; 373         if (a == 0) {
 4846 2272 B7           	or a
 4847 2273 C2 7E 22     	jp nz, __l_321
 4848 2276              ; 374             DiskViewShowSelectLineA(a = 1);
 4849 2276 3E 01        	ld a, 1
 4850 2278 CD 21 22     	call diskviewshowselectlinea
 4851 227B C3 FC 22     	jp __l_322
 4852 227E              __l_321:
 4853 227E              ; 375         } else {
 4854 227E              ; 376             a = DiskViewDirEndIndex; //DiskViewDirCount;
 4855 227E 3A FD 23     	ld a, (diskviewdirendindex)
 4856 2281              ; 377             a += 1;
 4857 2281 C6 01        	add 1
 4858 2283              ; 378             c = a;
 4859 2283 4F           	ld c, a
 4860 2284              ; 379             DiskViewShowSelectLineA(a = 0);
 4861 2284 3E 00        	ld a, 0
 4862 2286 CD 21 22     	call diskviewshowselectlinea
 4863 2289              ; 380             a = DiskViewFileCurrentPos;
 4864 2289 3A FB 23     	ld a, (diskviewfilecurrentpos)
 4865 228C              ; 381             a += b;
 4866 228C 80           	add b
 4867 228D              ; 382             d = a;
 4868 228D 57           	ld d, a
 4869 228E              ; 383             //
 4870 228E              ; 384             if (a == 0xFF) {
 4871 228E FE FF        	cp 255
 4872 2290 C2 C7 22     	jp nz, __l_323
 4873 2293              ; 385                 // Можно ли скролить вверх
 4874 2293              ; 386                 a = DiskViewDirStartIndex;
 4875 2293 3A FC 23     	ld a, (diskviewdirstartindex)
 4876 2296              ; 387                 if (a > 0) {
 4877 2296 B7           	or a
 4878 2297 CA A6 22     	jp z, __l_325
 4879 229A              ; 388                     a--;
 4880 229A 3D           	dec a
 4881 229B              ; 389                     DiskViewDirStartIndex = a;
 4882 229B 32 FC 23     	ld (diskviewdirstartindex), a
 4883 229E              ; 390                     DiskViewShowDir();
 4884 229E CD 9F 21     	call diskviewshowdir
 4885 22A1              ; 391                     a = 0;
 4886 22A1 3E 00        	ld a, 0
 4887 22A3 C3 C4 22     	jp __l_326
 4888 22A6              __l_325:
 4889 22A6              ; 392                 } else {
 4890 22A6              ; 393                     #ifdef _IS_CYCLIC_MOVEMENT_THROUGH_THE_LIST_OF_FILES
 4891 22A6              ; 394                         a = 0;
 4892 22A6              ; 395                     #else
 4893 22A6              ; 396                         push_pop(bc) {
 4894 22A6 C5           	push bc
 4895 22A7              ; 397                             a = DiskViewDirPageCoint;
 4896 22A7 3A FE 23     	ld a, (diskviewdirpagecoint)
 4897 22AA              ; 398                             b = a;
 4898 22AA 47           	ld b, a
 4899 22AB              ; 399                             a = DiskViewDirCount;
 4900 22AB 3A F8 23     	ld a, (diskviewdircount)
 4901 22AE              ; 400                             if (a >= b) {
 4902 22AE B8           	cp b
 4903 22AF DA B9 22     	jp c, __l_327
 4904 22B2              ; 401                                 a -= b;
 4905 22B2 90           	sub b
 4906 22B3              ; 402                                 DiskViewDirStartIndex = a;
 4907 22B3 32 FC 23     	ld (diskviewdirstartindex), a
 4908 22B6 C3 BE 22     	jp __l_328
 4909 22B9              __l_327:
 4910 22B9              ; 403                             } else {
 4911 22B9              ; 404                                 a = 0;
 4912 22B9 3E 00        	ld a, 0
 4913 22BB              ; 405                                 DiskViewDirStartIndex = a;
 4914 22BB 32 FC 23     	ld (diskviewdirstartindex), a
 4915 22BE              __l_328:
 4916 22BE C1           	pop bc
 4917 22BF              ; 406                             }
 4918 22BF              ; 407                         }
 4919 22BF              ; 408                         DiskViewShowDir();
 4920 22BF CD 9F 21     	call diskviewshowdir
 4921 22C2              ; 409                         a = c;
 4922 22C2 79           	ld a, c
 4923 22C3              ; 410                         a--;
 4924 22C3 3D           	dec a
 4925 22C4              __l_326:
 4926 22C4 C3 F4 22     	jp __l_324
 4927 22C7              __l_323:
 4928 22C7              ; 411                     #endif
 4929 22C7              ; 412                 }
 4930 22C7              ; 413             } else if (a == c) {
 4931 22C7 B9           	cp c
 4932 22C8 C2 F4 22     	jp nz, __l_329
 4933 22CB              ; 414                 // Можно ли еще скролить вниз
 4934 22CB              ; 415                 push_pop(bc) {
 4935 22CB C5           	push bc
 4936 22CC              ; 416                     b = a;
 4937 22CC 47           	ld b, a
 4938 22CD              ; 417                     a = DiskViewDirCount;
 4939 22CD 3A F8 23     	ld a, (diskviewdircount)
 4940 22D0              ; 418                     a++;
 4941 22D0 3C           	inc a
 4942 22D1              ; 419                     c = a;
 4943 22D1 4F           	ld c, a
 4944 22D2              ; 420                     a = DiskViewDirStartIndex;
 4945 22D2 3A FC 23     	ld a, (diskviewdirstartindex)
 4946 22D5              ; 421                     a += b;
 4947 22D5 80           	add b
 4948 22D6              ; 422                     if (a < c) {
 4949 22D6 B9           	cp c
 4950 22D7 D2 E9 22     	jp nc, __l_331
 4951 22DA              ; 423                         a = DiskViewDirStartIndex;
 4952 22DA 3A FC 23     	ld a, (diskviewdirstartindex)
 4953 22DD              ; 424                         a++;
 4954 22DD 3C           	inc a
 4955 22DE              ; 425                         DiskViewDirStartIndex = a;
 4956 22DE 32 FC 23     	ld (diskviewdirstartindex), a
 4957 22E1              ; 426                         DiskViewShowDir();
 4958 22E1 CD 9F 21     	call diskviewshowdir
 4959 22E4              ; 427                         a = b;
 4960 22E4 78           	ld a, b
 4961 22E5              ; 428                         a--;
 4962 22E5 3D           	dec a
 4963 22E6 C3 F3 22     	jp __l_332
 4964 22E9              __l_331:
 4965 22E9              ; 429                     } else {
 4966 22E9              ; 430                         #ifdef _IS_CYCLIC_MOVEMENT_THROUGH_THE_LIST_OF_FILES
 4967 22E9              ; 431                             a = d;
 4968 22E9              ; 432                             a--;
 4969 22E9              ; 433                         #else
 4970 22E9              ; 434                             a = 0;
 4971 22E9 3E 00        	ld a, 0
 4972 22EB              ; 435                             DiskViewDirStartIndex = a;
 4973 22EB 32 FC 23     	ld (diskviewdirstartindex), a
 4974 22EE              ; 436                             DiskViewShowDir();
 4975 22EE CD 9F 21     	call diskviewshowdir
 4976 22F1              ; 437                             a = 0;
 4977 22F1 3E 00        	ld a, 0
 4978 22F3              __l_332:
 4979 22F3 C1           	pop bc
 4980 22F4              __l_329:
 4981 22F4              __l_324:
 4982 22F4              ; 438                         #endif
 4983 22F4              ; 439                     }
 4984 22F4              ; 440                 }
 4985 22F4              ; 441             }
 4986 22F4              ; 442             DiskViewFileCurrentPos = a;
 4987 22F4 32 FB 23     	ld (diskviewfilecurrentpos), a
 4988 22F7              ; 443             DiskViewShowSelectLineA(a = 1);
 4989 22F7 3E 01        	ld a, 1
 4990 22F9 CD 21 22     	call diskviewshowselectlinea
 4991 22FC              __l_322:
 4992 22FC D1           	pop de
 4993 22FD C1           	pop bc
 4994 22FE C9           	ret
 4995 22FF              ; 444         }
 4996 22FF              ; 445     }
 4997 22FF              ; 446 }
 4998 22FF              ; 447
 4999 22FF              ; 448 /// Проверка, хватит ли места на текущем диске для файла
 5000 22FF              ; 449 /// вх[DE] - размер предпологаемого файла. Еще надо прибавить 16 - для заголовка
 5001 22FF              ; 450 /// вых[A] - 0 - места нет, 1 - место есть
 5002 22FF              ; 451 void DiskViewIsDiskSpaceDE() {
 5003 22FF              diskviewisdiskspacede:
 5004 22FF              ; 452     push_pop(hl, de) {
 5005 22FF E5           	push hl
 5006 2300 D5           	push de
 5007 2301              ; 453         //-- Add 16
 5008 2301              ; 454         hl = 16;
 5009 2301 21 10 00     	ld hl, 16
 5010 2304              ; 455         hl += de;
 5011 2304 19           	add hl, de
 5012 2305              ; 456         //-- byte -> kByte
 5013 2305              ; 457         a = h;
 5014 2305 7C           	ld a, h
 5015 2306              ; 458         a &= 0xFC;
 5016 2306 E6 FC        	and 252
 5017 2308              ; 459         cyclic_rotate_right(a, 2);
 5018 2308 0F           	rrca
 5019 2309 0F           	rrca
 5020 230A              ; 460         if (a == 0) {
 5021 230A B7           	or a
 5022 230B C2 0F 23     	jp nz, __l_333
 5023 230E              ; 461             a++;
 5024 230E 3C           	inc a
 5025 230F              __l_333:
 5026 230F              ; 462         }
 5027 230F              ; 463         d = 0;
 5028 230F 16 00        	ld d, 0
 5029 2311              ; 464         e = a;
 5030 2311 5F           	ld e, a
 5031 2312              ; 465         //--
 5032 2312              ; 466         DiskViewDiskFreeSpaceHL();
 5033 2312 CD 1B 23     	call diskviewdiskfreespacehl
 5034 2315              ; 467         //--
 5035 2315              ; 468         DiskViewHLSubDE();
 5036 2315 CD 2C 23     	call diskviewhlsubde
 5037 2318 D1           	pop de
 5038 2319 E1           	pop hl
 5039 231A C9           	ret
 5040 231B              ; 469     }
 5041 231B              ; 470 }
 5042 231B              ; 471
 5043 231B              ; 472 /// Возвращает свободное место на диске
 5044 231B              ; 473 /// вых[HL] - результат
 5045 231B              ; 474 void DiskViewDiskFreeSpaceHL() {
 5046 231B              diskviewdiskfreespacehl:
 5047 231B              ; 475     push_pop(bc, de) {
 5048 231B C5           	push bc
 5049 231C D5           	push de
 5050 231D              ; 476         bios(a = biosUpdateInfoDisk);
 5051 231D 3E 90        	ld a, 144
 5052 231F CD 00 F0     	call bios
 5053 2322              ; 477         bios(a = biosGetInfoDisk, c = 0x01);
 5054 2322 3E 93        	ld a, 147
 5055 2324 0E 01        	ld c, 1
 5056 2326 CD 00 F0     	call bios
 5057 2329 D1           	pop de
 5058 232A C1           	pop bc
 5059 232B C9           	ret
 5060 232C              ; 478 //        d = h;
 5061 232C              ; 479 //        e = l;
 5062 232C              ; 480     }
 5063 232C              ; 481 }
 5064 232C              ; 482
 5065 232C              ; 483 /// HL = HL + (-DE)
 5066 232C              ; 484 /// вх[DE,HL]
 5067 232C              ; 485 /// вых[HL, A] - HL - результат вычитания , A = 1 HL > DE
 5068 232C              ; 486 void DiskViewHLSubDE() {
 5069 232C              diskviewhlsubde:
 5070 232C              ; 487     push_pop(de) {
 5071 232C D5           	push de
 5072 232D              ; 488         a = d; // Инвертируем старший байт D
 5073 232D 7A           	ld a, d
 5074 232E              ; 489         invert(a);
 5075 232E 2F           	cpl
 5076 232F              ; 490         d = a;
 5077 232F 57           	ld d, a
 5078 2330              ; 491         a = e; // Инвертируем младший байт E
 5079 2330 7B           	ld a, e
 5080 2331              ; 492         invert(a);
 5081 2331 2F           	cpl
 5082 2332              ; 493         e = a;
 5083 2332 5F           	ld e, a
 5084 2333              ; 494         de++; // Получаем точный дополнительный код DE (-DE)
 5085 2333 13           	inc de
 5086 2334              ; 495         a ^= a;
 5087 2334 AF           	xor a
 5088 2335              ; 496         hl += de; // HL = HL + (-DE), что эквивалентно HL - DE
 5089 2335 19           	add hl, de
 5090 2336              ; 497         if (flag_c) { // Если HL > DE: перенос будет C = 1.
 5091 2336 D2 3E 23     	jp nc, __l_335
 5092 2339              ; 498             a = 1;
 5093 2339 3E 01        	ld a, 1
 5094 233B C3 40 23     	jp __l_336
 5095 233E              __l_335:
 5096 233E              ; 499         } else {
 5097 233E              ; 500             a = 0;
 5098 233E 3E 00        	ld a, 0
 5099 2340              __l_336:
 5100 2340 D1           	pop de
 5101 2341 C9           	ret
 5102 2342              ; 501         }
 5103 2342              ; 502     }
 5104 2342              ; 503 }
 5105 2342              ; 504
 5106 2342              ; 505 void DiskViewCopyFileNameByHL() {
 5107 2342              diskviewcopyfilenamebyhl:
 5108 2342              ; 506     push_pop(hl, de, bc) {
 5109 2342 E5           	push hl
 5110 2343 D5           	push de
 5111 2344 C5           	push bc
 5112 2345              ; 507         de = DiskViewFileName;
 5113 2345 11 0D 24     	ld de, diskviewfilename
 5114 2348              ; 508         b = 8;
 5115 2348 06 08        	ld b, 8
 5116 234A              ; 509         do {
 5117 234A              __l_337:
 5118 234A              ; 510             *de = (a = *hl);
 5119 234A 7E           	ld a, (hl)
 5120 234B 12           	ld (de), a
 5121 234C              ; 511             hl++;
 5122 234C 23           	inc hl
 5123 234D              ; 512             de++;
 5124 234D 13           	inc de
 5125 234E              ; 513             b--;
 5126 234E 05           	dec b
 5127 234F              __l_338:
 5128 234F              ; 514         } while ((a = b) > 0);
 5129 234F 78           	ld a, b
 5130 2350 B7           	or a
 5131 2351 C2 4A 23     	jp nz, __l_337
 5132 2354              ; 515         *de = (a = 0);
 5133 2354 3E 00        	ld a, 0
 5134 2356 12           	ld (de), a
 5135 2357 C1           	pop bc
 5136 2358 D1           	pop de
 5137 2359 E1           	pop hl
 5138 235A C9           	ret
 5139 235B              ; 516     }
 5140 235B              ; 517 }
 5141 235B              ; 518
 5142 235B              ; 519 void DiskViewKeyA() {
 5143 235B              diskviewkeya:
 5144 235B              ; 520     push_pop(hl) {
 5145 235B E5           	push hl
 5146 235C              ; 521         l = a;
 5147 235C 6F           	ld l, a
 5148 235D              ; 522         if ((a = CurrentViewId) == DiskViewId) {
 5149 235D 3A 4D 25     	ld a, (currentviewid)
 5150 2360 FE 01        	cp 1
 5151 2362 C2 F0 23     	jp nz, __l_340
 5152 2365              ; 523             if ((a = l) == 0x09) { //0x09 TAB
 5153 2365 7D           	ld a, l
 5154 2366 FE 09        	cp 9
 5155 2368 C2 73 23     	jp nz, __l_342
 5156 236B              ; 524                 CurrentViewChangeIdA(a = FtpViewId);
 5157 236B 3E 02        	ld a, 2
 5158 236D CD 21 24     	call currentviewchangeida
 5159 2370 C3 F0 23     	jp __l_343
 5160 2373              __l_342:
 5161 2373              ; 525             } else if ((a = l) == 0x08) { // 0x08 Влево
 5162 2373 7D           	ld a, l
 5163 2374 FE 08        	cp 8
 5164 2376 C2 81 23     	jp nz, __l_344
 5165 2379              ; 526                 CurrentViewChangeIdA(a = FtpViewId);
 5166 2379 3E 02        	ld a, 2
 5167 237B CD 21 24     	call currentviewchangeida
 5168 237E C3 F0 23     	jp __l_345
 5169 2381              __l_344:
 5170 2381              ; 527             } else {
 5171 2381              ; 528                 if ((a = l) == 0x1A) { //down
 5172 2381 7D           	ld a, l
 5173 2382 FE 1A        	cp 26
 5174 2384 C2 8F 23     	jp nz, __l_346
 5175 2387              ; 529                     DiskViewFileCurrentPosUpdateA(a = 0x01);
 5176 2387 3E 01        	ld a, 1
 5177 2389 CD 6C 22     	call diskviewfilecurrentposupdatea
 5178 238C C3 F0 23     	jp __l_347
 5179 238F              __l_346:
 5180 238F              ; 530                 } else if ((a = l) == 0x19) { //up
 5181 238F 7D           	ld a, l
 5182 2390 FE 19        	cp 25
 5183 2392 C2 9D 23     	jp nz, __l_348
 5184 2395              ; 531                     DiskViewFileCurrentPosUpdateA(a = 0xFF);
 5185 2395 3E FF        	ld a, 255
 5186 2397 CD 6C 22     	call diskviewfilecurrentposupdatea
 5187 239A C3 F0 23     	jp __l_349
 5188 239D              __l_348:
 5189 239D              ; 532                 } else if ((a = l) == 0x0D) { //Enter
 5190 239D 7D           	ld a, l
 5191 239E FE 0D        	cp 13
 5192 23A0 C2 B0 23     	jp nz, __l_350
 5193 23A3              ; 533                     if ((a = DiskViewFileCurrentPos) == 0) { // Смена диска
 5194 23A3 3A FB 23     	ld a, (diskviewfilecurrentpos)
 5195 23A6 B7           	or a
 5196 23A7 C2 AD 23     	jp nz, __l_352
 5197 23AA C3 AD 23     	jp __l_353
 5198 23AD              __l_352:
 5199 23AD              ; 534                         //DiskViewNextDiskNum();
 5200 23AD              ; 535                     } else { // Запуск приложения
 5201 23AD              __l_353:
 5202 23AD C3 F0 23     	jp __l_351
 5203 23B0              __l_350:
 5204 23B0              ; 536                         //DiskViewSelectFileExec();
 5205 23B0              ; 537                     }
 5206 23B0              ; 538                 } else if ((a = l) == 'E') {
 5207 23B0 7D           	ld a, l
 5208 23B1 FE 45        	cp 69
 5209 23B3 C2 CB 23     	jp nz, __l_354
 5210 23B6              ; 539                     if ((a = DiskViewFileCurrentPos) > 0) {
 5211 23B6 3A FB 23     	ld a, (diskviewfilecurrentpos)
 5212 23B9 B7           	or a
 5213 23BA CA C8 23     	jp z, __l_356
 5214 23BD              ; 540                         AllertYesNoViewShowHL(hl = StringLocaleEraseFile);
 5215 23BD 21 BE 28     	ld hl, stringlocaleerasefile
 5216 23C0 CD 70 3A     	call allertyesnoviewshowhl
 5217 23C3              ; 541                         if (a == 1) {
 5218 23C3 FE 01        	cp 1
 5219 23C5 C2 C8 23     	jp nz, __l_358
 5220 23C8              __l_358:
 5221 23C8              __l_356:
 5222 23C8 C3 F0 23     	jp __l_355
 5223 23CB              __l_354:
 5224 23CB              ; 542                             //DiskViewDeleteSelectedFile();
 5225 23CB              ; 543                         }
 5226 23CB              ; 544                     }
 5227 23CB              ; 545                 } else if ((a = l) == 'D') { //  Показать выбор диска
 5228 23CB 7D           	ld a, l
 5229 23CC FE 44        	cp 68
 5230 23CE C2 D7 23     	jp nz, __l_360
 5231 23D1              ; 546                     SelectDiskViewShow();
 5232 23D1 CD FA 25     	call selectdiskviewshow
 5233 23D4 C3 F0 23     	jp __l_361
 5234 23D7              __l_360:
 5235 23D7              ; 547                 } else if ((a = l) == 'C') { // Загрузка файла на FTP
 5236 23D7 7D           	ld a, l
 5237 23D8 FE 43        	cp 67
 5238 23DA C2 EA 23     	jp nz, __l_362
 5239 23DD              ; 548                     if ((a = DiskViewFileCurrentPos) != 0) {
 5240 23DD 3A FB 23     	ld a, (diskviewfilecurrentpos)
 5241 23E0 B7           	or a
 5242 23E1 CA E7 23     	jp z, __l_364
 5243 23E4              ; 549                         //DiskViewUploadSelectedFile();
 5244 23E4              ; 550                         FtpViewNetLoadAndUpdate(); // обновляем список файлов FTP
 5245 23E4 CD A9 1C     	call ftpviewnetloadandupdate
 5246 23E7              __l_364:
 5247 23E7 C3 F0 23     	jp __l_363
 5248 23EA              __l_362:
 5249 23EA              ; 551                     }
 5250 23EA              ; 552                 } else if ((a = l) == 'F') { //  Отформатировать диск
 5251 23EA 7D           	ld a, l
 5252 23EB FE 46        	cp 70
 5253 23ED C2 F0 23     	jp nz, __l_366
 5254 23F0              __l_366:
 5255 23F0              __l_363:
 5256 23F0              __l_361:
 5257 23F0              __l_355:
 5258 23F0              __l_351:
 5259 23F0              __l_349:
 5260 23F0              __l_347:
 5261 23F0              __l_345:
 5262 23F0              __l_343:
 5263 23F0              __l_340:
 5264 23F0 E1           	pop hl
 5265 23F1 C9           	ret
 5266 23F2              ; 553                     //DiskViewFormat();
 5267 23F2              ; 554                 }
 5268 23F2              ; 555             }
 5269 23F2              ; 556         }
 5270 23F2              ; 557     }
 5271 23F2              ; 558 }
 5272 23F2              ; 559
 5273 23F2              ; 560 uint8_t DiskViewX = 28;
 5274 23F2              diskviewx:
 5275 23F2 1C           	db 28
 5276 23F3              ; 561 uint8_t DiskViewY = 4;
 5277 23F3              diskviewy:
 5278 23F3 04           	db 4
 5279 23F4              ; 562 uint8_t DiskViewDX = 20;
 5280 23F4              diskviewdx:
 5281 23F4 14           	db 20
 5282 23F5              ; 563 uint8_t DiskViewDY = 25;
 5283 23F5              diskviewdy:
 5284 23F5 19           	db 25
 5285 23F6              ; 564 uint8_t DiskViewColor = 0x1F;
 5286 23F6              diskviewcolor:
 5287 23F6 1F           	db 31
 5288 23F7              ; 565 uint8_t DiskViewInvColor = 0xF1;
 5289 23F7              diskviewinvcolor:
 5290 23F7 F1           	db 241
 5291 23F8              ; 567 uint8_t DiskViewDirCount = 0;
 5292 23F8              diskviewdircount:
 5293 23F8 00           	db 0
 5294 23F9              ; 568 uint16_t DiskViewDirBufer = 0x0000;
 5295 23F9              diskviewdirbufer:
 5296 23F9 00 00        	dw 0
 5297 23FB              ; 569 uint8_t DiskViewFileCurrentPos = 0;
 5298 23FB              diskviewfilecurrentpos:
 5299 23FB 00           	db 0
 5300 23FC              ; 571 uint8_t DiskViewDirStartIndex = 0;
 5301 23FC              diskviewdirstartindex:
 5302 23FC 00           	db 0
 5303 23FD              ; 572 uint8_t DiskViewDirEndIndex = 0;
 5304 23FD              diskviewdirendindex:
 5305 23FD 00           	db 0
 5306 23FE              ; 573 uint8_t DiskViewDirPageCoint = 20;
 5307 23FE              diskviewdirpagecoint:
 5308 23FE 14           	db 20
 5309 23FF              ; 575 uint8_t DiskViewDirProgressLen = 0;
 5310 23FF              diskviewdirprogresslen:
 5311 23FF 00           	db 0
 5312 2400              ; 577 uint8_t DiskViewDirRootTitle[] = "..";
 5313 2400              diskviewdirroottitle:
 5314 2400 2E           	db 46
 5315 2401 2E           	db 46
 5316 2402 00           	ds 1
 5317 2403              ; 578 uint8_t DiskViewDirNameEmpty[] = "";
 5318 2403              diskviewdirnameempty:
 5319 2403 00           	ds 1
 5320 2404              ; 579 uint8_t DiskViewTitle[] = {0x82, 'D', 'i', 's', 'k', ':', 'A', 0x92, '\0'};
 5321 2404              diskviewtitle:
 5322 2404 82           	db 130
 5323 2405 44           	db 68
 5324 2406 69           	db 105
 5325 2407 73           	db 115
 5326 2408 6B           	db 107
 5327 2409 3A           	db 58
 5328 240A 41           	db 65
 5329 240B 92           	db 146
 5330 240C 00           	db 0
 5331 240D              ; 581 uint8_t DiskViewFileName[9];
 5332 240D              diskviewfilename:
 5333 240D 00 00 00...  	ds 9
 5334 2416              ; 11 void CurrentViewChangeAndPushIdA() {
 5335 2416              currentviewchangeandpushida:
 5336 2416              ; 12     push_pop(bc) {
 5337 2416 C5           	push bc
 5338 2417              ; 13         b = a;
 5339 2417 47           	ld b, a
 5340 2418              ; 14         // Save old Id
 5341 2418              ; 15         CurrentViewPushCurrentId();
 5342 2418 CD D9 24     	call currentviewpushcurrentid
 5343 241B              ; 16         //
 5344 241B              ; 17         a = b;
 5345 241B 78           	ld a, b
 5346 241C              ; 18         CurrentViewSetIdA();
 5347 241C CD 29 24     	call currentviewsetida
 5348 241F C1           	pop bc
 5349 2420 C9           	ret
 5350 2421              ; 19     }
 5351 2421              ; 20 }
 5352 2421              ; 21
 5353 2421              ; 22 void CurrentViewChangeIdA() {
 5354 2421              currentviewchangeida:
 5355 2421              ; 23     push_pop(bc) {
 5356 2421 C5           	push bc
 5357 2422              ; 24         b = a;
 5358 2422 47           	ld b, a
 5359 2423              ; 25         // Save new
 5360 2423              ; 26         a = b;
 5361 2423 78           	ld a, b
 5362 2424              ; 27         CurrentViewSetIdA();
 5363 2424 CD 29 24     	call currentviewsetida
 5364 2427 C1           	pop bc
 5365 2428 C9           	ret
 5366 2429              ; 28     }
 5367 2429              ; 29 }
 5368 2429              ; 30
 5369 2429              ; 31 void CurrentViewSetIdA() {
 5370 2429              currentviewsetida:
 5371 2429              ; 32     CurrentViewId = a;
 5372 2429 32 4D 25     	ld (currentviewid), a
 5373 242C              ; 33
 5374 242C              ; 34     if ((a = CurrentViewReturnIdPos) == 0) {
 5375 242C 3A 4C 25     	ld a, (currentviewreturnidpos)
 5376 242F B7           	or a
 5377 2430 C2 D8 24     	jp nz, __l_368
 5378 2433              ; 35         if ((a = CurrentViewId) == DiskViewId) {
 5379 2433 3A 4D 25     	ld a, (currentviewid)
 5380 2436 FE 01        	cp 1
 5381 2438 C2 48 24     	jp nz, __l_370
 5382 243B              ; 36             FtpViewShowSelectLineA(a = 0);
 5383 243B 3E 00        	ld a, 0
 5384 243D CD F1 19     	call ftpviewshowselectlinea
 5385 2440              ; 37             DiskViewShowSelectLineA(a = 1);
 5386 2440 3E 01        	ld a, 1
 5387 2442 CD 21 22     	call diskviewshowselectlinea
 5388 2445 C3 D8 24     	jp __l_371
 5389 2448              __l_370:
 5390 2448              ; 38         } else if ((a = CurrentViewId) == FtpViewId) {
 5391 2448 3A 4D 25     	ld a, (currentviewid)
 5392 244B FE 02        	cp 2
 5393 244D C2 5D 24     	jp nz, __l_372
 5394 2450              ; 39             FtpViewShowSelectLineA(a = 1);
 5395 2450 3E 01        	ld a, 1
 5396 2452 CD F1 19     	call ftpviewshowselectlinea
 5397 2455              ; 40             DiskViewShowSelectLineA(a = 0);
 5398 2455 3E 00        	ld a, 0
 5399 2457 CD 21 22     	call diskviewshowselectlinea
 5400 245A C3 D8 24     	jp __l_373
 5401 245D              __l_372:
 5402 245D              ; 41         } else if ((a = CurrentViewId) == SelectDiskViewId) {
 5403 245D 3A 4D 25     	ld a, (currentviewid)
 5404 2460 FE 03        	cp 3
 5405 2462 C2 72 24     	jp nz, __l_374
 5406 2465              ; 42             FtpViewShowSelectLineA(a = 0);
 5407 2465 3E 00        	ld a, 0
 5408 2467 CD F1 19     	call ftpviewshowselectlinea
 5409 246A              ; 43             DiskViewShowSelectLineA(a = 0);
 5410 246A 3E 00        	ld a, 0
 5411 246C CD 21 22     	call diskviewshowselectlinea
 5412 246F C3 D8 24     	jp __l_375
 5413 2472              __l_374:
 5414 2472              ; 44         } else if ((a = CurrentViewId) == LoadViewId) {
 5415 2472 3A 4D 25     	ld a, (currentviewid)
 5416 2475 FE 04        	cp 4
 5417 2477 C2 87 24     	jp nz, __l_376
 5418 247A              ; 45             FtpViewShowSelectLineA(a = 0);
 5419 247A 3E 00        	ld a, 0
 5420 247C CD F1 19     	call ftpviewshowselectlinea
 5421 247F              ; 46             DiskViewShowSelectLineA(a = 0);
 5422 247F 3E 00        	ld a, 0
 5423 2481 CD 21 22     	call diskviewshowselectlinea
 5424 2484 C3 D8 24     	jp __l_377
 5425 2487              __l_376:
 5426 2487              ; 47         } else if ((a = CurrentViewId) == WiFiSettingsViewId) {
 5427 2487 3A 4D 25     	ld a, (currentviewid)
 5428 248A FE 05        	cp 5
 5429 248C C2 9C 24     	jp nz, __l_378
 5430 248F              ; 48             FtpViewShowSelectLineA(a = 0);
 5431 248F 3E 00        	ld a, 0
 5432 2491 CD F1 19     	call ftpviewshowselectlinea
 5433 2494              ; 49             DiskViewShowSelectLineA(a = 0);
 5434 2494 3E 00        	ld a, 0
 5435 2496 CD 21 22     	call diskviewshowselectlinea
 5436 2499 C3 D8 24     	jp __l_379
 5437 249C              __l_378:
 5438 249C              ; 50         } else if ((a = CurrentViewId) == FtpSettingsViewId) {
 5439 249C 3A 4D 25     	ld a, (currentviewid)
 5440 249F FE 08        	cp 8
 5441 24A1 C2 B1 24     	jp nz, __l_380
 5442 24A4              ; 51             FtpViewShowSelectLineA(a = 0);
 5443 24A4 3E 00        	ld a, 0
 5444 24A6 CD F1 19     	call ftpviewshowselectlinea
 5445 24A9              ; 52             DiskViewShowSelectLineA(a = 0);
 5446 24A9 3E 00        	ld a, 0
 5447 24AB CD 21 22     	call diskviewshowselectlinea
 5448 24AE C3 D8 24     	jp __l_381
 5449 24B1              __l_380:
 5450 24B1              ; 53         } else if ((a = CurrentViewId) == FtpMakeDirectoryId) {
 5451 24B1 3A 4D 25     	ld a, (currentviewid)
 5452 24B4 FE 0B        	cp 11
 5453 24B6 C2 C6 24     	jp nz, __l_382
 5454 24B9              ; 54             FtpViewShowSelectLineA(a = 0);
 5455 24B9 3E 00        	ld a, 0
 5456 24BB CD F1 19     	call ftpviewshowselectlinea
 5457 24BE              ; 55             DiskViewShowSelectLineA(a = 0);
 5458 24BE 3E 00        	ld a, 0
 5459 24C0 CD 21 22     	call diskviewshowselectlinea
 5460 24C3 C3 D8 24     	jp __l_383
 5461 24C6              __l_382:
 5462 24C6              ; 56         } else if ((a = CurrentViewId) == HelpInfoViewId) {
 5463 24C6 3A 4D 25     	ld a, (currentviewid)
 5464 24C9 FE 0C        	cp 12
 5465 24CB C2 D8 24     	jp nz, __l_384
 5466 24CE              ; 57             FtpViewShowSelectLineA(a = 0);
 5467 24CE 3E 00        	ld a, 0
 5468 24D0 CD F1 19     	call ftpviewshowselectlinea
 5469 24D3              ; 58             DiskViewShowSelectLineA(a = 0);
 5470 24D3 3E 00        	ld a, 0
 5471 24D5 CD 21 22     	call diskviewshowselectlinea
 5472 24D8              __l_384:
 5473 24D8              __l_383:
 5474 24D8              __l_381:
 5475 24D8              __l_379:
 5476 24D8              __l_377:
 5477 24D8              __l_375:
 5478 24D8              __l_373:
 5479 24D8              __l_371:
 5480 24D8              __l_368:
 5481 24D8 C9           	ret
 5482 24D9              ; 59         }
 5483 24D9              ; 60     }
 5484 24D9              ; 61 }
 5485 24D9              ; 62
 5486 24D9              ; 63 void CurrentViewPushCurrentId() {
 5487 24D9              currentviewpushcurrentid:
 5488 24D9              ; 64     push_pop(de, hl) {
 5489 24D9 D5           	push de
 5490 24DA E5           	push hl
 5491 24DB              ; 65         hl = CurrentViewReturnIds;
 5492 24DB 21 3C 25     	ld hl, currentviewreturnids
 5493 24DE              ; 66         // Add delta
 5494 24DE              ; 67         d = 0;
 5495 24DE 16 00        	ld d, 0
 5496 24E0              ; 68         a = CurrentViewReturnIdPos;
 5497 24E0 3A 4C 25     	ld a, (currentviewreturnidpos)
 5498 24E3              ; 69         e = a;
 5499 24E3 5F           	ld e, a
 5500 24E4              ; 70         a++;
 5501 24E4 3C           	inc a
 5502 24E5              ; 71         CurrentViewReturnIdPos = a;
 5503 24E5 32 4C 25     	ld (currentviewreturnidpos), a
 5504 24E8              ; 72         hl += de;
 5505 24E8 19           	add hl, de
 5506 24E9              ; 73         // Save current ID
 5507 24E9              ; 74         a = CurrentViewId;
 5508 24E9 3A 4D 25     	ld a, (currentviewid)
 5509 24EC              ; 75         *hl = a;
 5510 24EC 77           	ld (hl), a
 5511 24ED E1           	pop hl
 5512 24EE D1           	pop de
 5513 24EF C9           	ret
 5514 24F0              ; 76     }
 5515 24F0              ; 77 }
 5516 24F0              ; 78
 5517 24F0              ; 79 // Return A - ID
 5518 24F0              ; 80 void CurrentViewPopId() {
 5519 24F0              currentviewpopid:
 5520 24F0              ; 81     if ((a = CurrentViewReturnIdPos) > 0) {
 5521 24F0 3A 4C 25     	ld a, (currentviewreturnidpos)
 5522 24F3 B7           	or a
 5523 24F4 CA 09 25     	jp z, __l_386
 5524 24F7              ; 82         // Decriment
 5525 24F7              ; 83         a = CurrentViewReturnIdPos;
 5526 24F7 3A 4C 25     	ld a, (currentviewreturnidpos)
 5527 24FA              ; 84         a--;
 5528 24FA 3D           	dec a
 5529 24FB              ; 85         CurrentViewReturnIdPos = a;
 5530 24FB 32 4C 25     	ld (currentviewreturnidpos), a
 5531 24FE              ; 86         //--
 5532 24FE              ; 87         e = a;
 5533 24FE 5F           	ld e, a
 5534 24FF              ; 88         d = 0;
 5535 24FF 16 00        	ld d, 0
 5536 2501              ; 89         hl = CurrentViewReturnIds;
 5537 2501 21 3C 25     	ld hl, currentviewreturnids
 5538 2504              ; 90         hl += de;
 5539 2504 19           	add hl, de
 5540 2505              ; 91         a = *hl;
 5541 2505 7E           	ld a, (hl)
 5542 2506 C3 0C 25     	jp __l_387
 5543 2509              __l_386:
 5544 2509              ; 92     } else {
 5545 2509              ; 93         a = CurrentViewId;
 5546 2509 3A 4D 25     	ld a, (currentviewid)
 5547 250C              __l_387:
 5548 250C C9           	ret
 5549 250D              ; 94     }
 5550 250D              ; 95 }
 5551 250D              ; 96
 5552 250D              ; 97 void CurrentViewReturn() {
 5553 250D              currentviewreturn:
 5554 250D              ; 98     CurrentViewPopId();
 5555 250D CD F0 24     	call currentviewpopid
 5556 2510              ; 99     CurrentViewChangeIdA();
 5557 2510 C3 21 24     	jp currentviewchangeida
 5558 2513              ; 100 }
 5559 2513              ; 101
 5560 2513              ; 102 /// вых [A] 1 - если активное окно DiskView или FtpView
 5561 2513              ; 103 /// 0 - если любое другое
 5562 2513              ; 104 void CurrentViewDiskOrFtpViewByIdA() {
 5563 2513              currentviewdiskorftpviewbyida:
 5564 2513              ; 105     push_pop(bc) {
 5565 2513 C5           	push bc
 5566 2514              ; 106         b = a;
 5567 2514 47           	ld b, a
 5568 2515              ; 107         if ((a = b) == DiskViewId) {
 5569 2515 78           	ld a, b
 5570 2516 FE 01        	cp 1
 5571 2518 C2 23 25     	jp nz, __l_388
 5572 251B              ; 108             a = 1;
 5573 251B 3E 01        	ld a, 1
 5574 251D              ; 109             CurrentViewDiskOrFtpViewFocus = a;
 5575 251D 32 3B 25     	ld (currentviewdiskorftpviewfocus), a
 5576 2520 C3 36 25     	jp __l_389
 5577 2523              __l_388:
 5578 2523              ; 110         } else if ((a = b) == FtpViewId) {
 5579 2523 78           	ld a, b
 5580 2524 FE 02        	cp 2
 5581 2526 C2 31 25     	jp nz, __l_390
 5582 2529              ; 111             a = 1;
 5583 2529 3E 01        	ld a, 1
 5584 252B              ; 112             CurrentViewDiskOrFtpViewFocus = a;
 5585 252B 32 3B 25     	ld (currentviewdiskorftpviewfocus), a
 5586 252E C3 36 25     	jp __l_391
 5587 2531              __l_390:
 5588 2531              ; 113         } else {
 5589 2531              ; 114             a = 0;
 5590 2531 3E 00        	ld a, 0
 5591 2533              ; 115             CurrentViewDiskOrFtpViewFocus = a;
 5592 2533 32 3B 25     	ld (currentviewdiskorftpviewfocus), a
 5593 2536              __l_391:
 5594 2536              __l_389:
 5595 2536 C1           	pop bc
 5596 2537              ; 116         }
 5597 2537              ; 117     }
 5598 2537              ; 118     a =  CurrentViewDiskOrFtpViewFocus;
 5599 2537 3A 3B 25     	ld a, (currentviewdiskorftpviewfocus)
 5600 253A C9           	ret
 5601 253B              ; 119 }
 5602 253B              ; 120
 5603 253B              ; 121 uint8_t CurrentViewDiskOrFtpViewFocus = 0;
 5604 253B              currentviewdiskorftpviewfocus:
 5605 253B 00           	db 0
 5606 253C              ; 123 uint8_t CurrentViewReturnIds[16];
 5607 253C              currentviewreturnids:
 5608 253C 00 00 00...  	ds 16
 5609 254C              ; 124 uint8_t CurrentViewReturnIdPos = 0;
 5610 254C              currentviewreturnidpos:
 5611 254C 00           	db 0
 5612 254D              ; 125 uint8_t CurrentViewId = FtpViewId;
 5613 254D              currentviewid:
 5614 254D 02           	db 2
 5615 254E              ; 126 uint8_t FtpNetStateChange = 0;
 5616 254E              ftpnetstatechange:
 5617 254E 00           	db 0
 5618 254F              ; 127 uint8_t WiFiNetStateChange = 0;
 5619 254F              wifinetstatechange:
 5620 254F 00           	db 0
 5621 2550              ; 11 void Debug00Start() {
 5622 2550              debug00start:
 5623 2550              ; 12     push_pop(hl, bc, de) {
 5624 2550 E5           	push hl
 5625 2551 C5           	push bc
 5626 2552 D5           	push de
 5627 2553              ; 13         Debug00X = (a = 0);
 5628 2553 3E 00        	ld a, 0
 5629 2555 32 E6 25     	ld (debug00x), a
 5630 2558              ; 14         Debug00Y = (a = 0);
 5631 2558 3E 00        	ld a, 0
 5632 255A 32 E7 25     	ld (debug00y), a
 5633 255D              ; 15
 5634 255D              ; 16         Debug00CharPrintA(a = 'D');
 5635 255D 3E 44        	ld a, 68
 5636 255F CD 84 25     	call debug00charprinta
 5637 2562              ; 17         Debug00CharPrintA(a = 'e');
 5638 2562 3E 65        	ld a, 101
 5639 2564 CD 84 25     	call debug00charprinta
 5640 2567              ; 18         Debug00CharPrintA(a = 'b');
 5641 2567 3E 62        	ld a, 98
 5642 2569 CD 84 25     	call debug00charprinta
 5643 256C              ; 19         Debug00CharPrintA(a = 'u');
 5644 256C 3E 75        	ld a, 117
 5645 256E CD 84 25     	call debug00charprinta
 5646 2571              ; 20         Debug00CharPrintA(a = 'g');
 5647 2571 3E 67        	ld a, 103
 5648 2573 CD 84 25     	call debug00charprinta
 5649 2576              ; 21         Debug00CharPrintA(a = '-');
 5650 2576 3E 2D        	ld a, 45
 5651 2578 CD 84 25     	call debug00charprinta
 5652 257B              ; 22         Debug00CharPrintA(a = '>');
 5653 257B 3E 3E        	ld a, 62
 5654 257D CD 84 25     	call debug00charprinta
 5655 2580 D1           	pop de
 5656 2581 C1           	pop bc
 5657 2582 E1           	pop hl
 5658 2583 C9           	ret
 5659 2584              ; 23     }
 5660 2584              ; 24 }
 5661 2584              ; 25
 5662 2584              ; 26 void Debug00CharPrintA() {
 5663 2584              debug00charprinta:
 5664 2584              ; 27     push_pop(bc, hl) {
 5665 2584 C5           	push bc
 5666 2585 E5           	push hl
 5667 2586              ; 28         c = a;
 5668 2586 4F           	ld c, a
 5669 2587              ; 29         h = (a = Debug00Y);
 5670 2587 3A E7 25     	ld a, (debug00y)
 5671 258A 67           	ld h, a
 5672 258B              ; 30         l = (a = Debug00X);
 5673 258B 3A E6 25     	ld a, (debug00x)
 5674 258E 6F           	ld l, a
 5675 258F              ; 31         bios(a = biosSetPositionCursoreHL);
 5676 258F 3E 1C        	ld a, 28
 5677 2591 CD 00 F0     	call bios
 5678 2594              ; 32         bios(a = biosPrintC);
 5679 2594 3E 00        	ld a, 0
 5680 2596 CD 00 F0     	call bios
 5681 2599              ; 33         Debug00PosIncrement();
 5682 2599 CD BD 25     	call debug00posincrement
 5683 259C E1           	pop hl
 5684 259D C1           	pop bc
 5685 259E C9           	ret
 5686 259F              ; 34     }
 5687 259F              ; 35 }
 5688 259F              ; 36
 5689 259F              ; 37 void Debug00HexPrintA() {
 5690 259F              debug00hexprinta:
 5691 259F              ; 38     push_pop(bc, hl) {
 5692 259F C5           	push bc
 5693 25A0 E5           	push hl
 5694 25A1              ; 39         c = a;
 5695 25A1 4F           	ld c, a
 5696 25A2              ; 40         h = (a = Debug00Y);
 5697 25A2 3A E7 25     	ld a, (debug00y)
 5698 25A5 67           	ld h, a
 5699 25A6              ; 41         l = (a = Debug00X);
 5700 25A6 3A E6 25     	ld a, (debug00x)
 5701 25A9 6F           	ld l, a
 5702 25AA              ; 42         bios(a = biosSetPositionCursoreHL);
 5703 25AA 3E 1C        	ld a, 28
 5704 25AC CD 00 F0     	call bios
 5705 25AF              ; 43         bios(a = biosPrintByteC);
 5706 25AF 3E 04        	ld a, 4
 5707 25B1 CD 00 F0     	call bios
 5708 25B4              ; 44         Debug00PosIncrement();
 5709 25B4 CD BD 25     	call debug00posincrement
 5710 25B7              ; 45         Debug00PosIncrement();
 5711 25B7 CD BD 25     	call debug00posincrement
 5712 25BA E1           	pop hl
 5713 25BB C1           	pop bc
 5714 25BC C9           	ret
 5715 25BD              ; 46     }
 5716 25BD              ; 47 }
 5717 25BD              ; 48
 5718 25BD              ; 49 void Debug00PosIncrement() {
 5719 25BD              debug00posincrement:
 5720 25BD              ; 50     a = Debug00X; // 48 32
 5721 25BD 3A E6 25     	ld a, (debug00x)
 5722 25C0              ; 51     a++;
 5723 25C0 3C           	inc a
 5724 25C1              ; 52     if (a >= 49) {
 5725 25C1 FE 31        	cp 49
 5726 25C3 DA E2 25     	jp c, __l_392
 5727 25C6              ; 53         Debug00X = (a = 0);
 5728 25C6 3E 00        	ld a, 0
 5729 25C8 32 E6 25     	ld (debug00x), a
 5730 25CB              ; 54         a = Debug00Y;
 5731 25CB 3A E7 25     	ld a, (debug00y)
 5732 25CE              ; 55         a++;
 5733 25CE 3C           	inc a
 5734 25CF              ; 56         if (a >= 33) {
 5735 25CF FE 21        	cp 33
 5736 25D1 DA DC 25     	jp c, __l_394
 5737 25D4              ; 57             Debug00Y = (a = 0);
 5738 25D4 3E 00        	ld a, 0
 5739 25D6 32 E7 25     	ld (debug00y), a
 5740 25D9 C3 DF 25     	jp __l_395
 5741 25DC              __l_394:
 5742 25DC              ; 58         } else {
 5743 25DC              ; 59             Debug00Y = a;
 5744 25DC 32 E7 25     	ld (debug00y), a
 5745 25DF              __l_395:
 5746 25DF C3 E5 25     	jp __l_393
 5747 25E2              __l_392:
 5748 25E2              ; 60         }
 5749 25E2              ; 61     } else {
 5750 25E2              ; 62         Debug00X = a;
 5751 25E2 32 E6 25     	ld (debug00x), a
 5752 25E5              __l_393:
 5753 25E5 C9           	ret
 5754 25E6              ; 63     }
 5755 25E6              ; 64
 5756 25E6              ; 65 }
 5757 25E6              ; 66
 5758 25E6              ; 67 uint8_t Debug00X = 0;
 5759 25E6              debug00x:
 5760 25E6 00           	db 0
 5761 25E7              ; 68 uint8_t Debug00Y = 0;
 5762 25E7              debug00y:
 5763 25E7 00           	db 0
 5764 25E8              ; 70 uint8_t DebugRegA = 0;
 5765 25E8              debugrega:
 5766 25E8 00           	db 0
 5767 25E9              ; 71 uint8_t DebugRegB = 0;
 5768 25E9              debugregb:
 5769 25E9 00           	db 0
 5770 25EA              ; 72 uint8_t DebugRegC = 0;
 5771 25EA              debugregc:
 5772 25EA 00           	db 0
 5773 25EB              ; 73 uint8_t DebugRegD = 0;
 5774 25EB              debugregd:
 5775 25EB 00           	db 0
 5776 25EC              ; 74 uint8_t DebugRegE = 0;
 5777 25EC              debugrege:
 5778 25EC 00           	db 0
 5779 25ED              ; 75 uint8_t DebugRegH = 0;
 5780 25ED              debugregh:
 5781 25ED 00           	db 0
 5782 25EE              ; 76 uint8_t DebugRegL = 0;
 5783 25EE              debugregl:
 5784 25EE 00           	db 0
 5785 25EF              ; 78 uint8_t DebugError[] = "Error!";
 5786 25EF              debugerror:
 5787 25EF 45           	db 69
 5788 25F0 72           	db 114
 5789 25F1 72           	db 114
 5790 25F2 6F           	db 111
 5791 25F3 72           	db 114
 5792 25F4 21           	db 33
 5793 25F5 00           	ds 1
 5794 25F6              ; 79 uint8_t DebugOk[] = "Ok!";
 5795 25F6              debugok:
 5796 25F6 4F           	db 79
 5797 25F7 6B           	db 107
 5798 25F8 21           	db 33
 5799 25F9 00           	ds 1
 5800 25FA              ; 11 void SelectDiskViewShow() {
 5801 25FA              selectdiskviewshow:
 5802 25FA              ; 12     CurrentViewChangeAndPushIdA(a = SelectDiskViewId);
 5803 25FA 3E 03        	ld a, 3
 5804 25FC CD 16 24     	call currentviewchangeandpushida
 5805 25FF              ; 13     push_pop(bc, hl, de) {
 5806 25FF C5           	push bc
 5807 2600 E5           	push hl
 5808 2601 D5           	push de
 5809 2602              ; 14         SelectDiskViewUpdateDiskList();
 5810 2602 CD AA 27     	call selectdiskviewupdatedisklist
 5811 2605              ; 15         SelectDiskViewUpdateSize();
 5812 2605 CD 94 27     	call selectdiskviewupdatesize
 5813 2608              ; 16         bios(a = biosSetExtDRVConfigB, b = 0x02);
 5814 2608 3E 53        	ld a, 83
 5815 260A 06 02        	ld b, 2
 5816 260C CD 00 F0     	call bios
 5817 260F              ; 17         c = (a = SelectDiskViewColor);
 5818 260F 3A C5 27     	ld a, (selectdiskviewcolor)
 5819 2612 4F           	ld c, a
 5820 2613              ; 18         l = (a = SelectDiskViewX);
 5821 2613 3A C1 27     	ld a, (selectdiskviewx)
 5822 2616 6F           	ld l, a
 5823 2617              ; 19         h = (a = SelectDiskViewY);
 5824 2617 3A C2 27     	ld a, (selectdiskviewy)
 5825 261A 67           	ld h, a
 5826 261B              ; 20         e = (a = SelectDiskViewDX);
 5827 261B 3A C3 27     	ld a, (selectdiskviewdx)
 5828 261E 5F           	ld e, a
 5829 261F              ; 21         d = (a = SelectDiskViewDY);
 5830 261F 3A C4 27     	ld a, (selectdiskviewdy)
 5831 2622 57           	ld d, a
 5832 2623              ; 22         bios(a = biosWindowSafeOpen);
 5833 2623 3E 57        	ld a, 87
 5834 2625 CD 00 F0     	call bios
 5835 2628              ; 23         MyFuncSetFullScreen();
 5836 2628 CD 04 19     	call myfuncsetfullscreen
 5837 262B              ; 24         //--
 5838 262B              ; 25         SelectDiskViewShowTitle();
 5839 262B CD 3A 26     	call selectdiskviewshowtitle
 5840 262E              ; 26         SelectDiskViewShowList();
 5841 262E CD A8 26     	call selectdiskviewshowlist
 5842 2631              ; 27         SelectDiskViewUpdateSelectA(a = 1);
 5843 2631 3E 01        	ld a, 1
 5844 2633 CD F4 26     	call selectdiskviewupdateselecta
 5845 2636 D1           	pop de
 5846 2637 E1           	pop hl
 5847 2638 C1           	pop bc
 5848 2639 C9           	ret
 5849 263A              ; 28     }
 5850 263A              ; 29 }
 5851 263A              ; 30
 5852 263A              ; 31 void SelectDiskViewShowTitle() {
 5853 263A              selectdiskviewshowtitle:
 5854 263A              ; 32     push_pop(bc, hl) {
 5855 263A C5           	push bc
 5856 263B E5           	push hl
 5857 263C              ; 33         c = (a = SelectDiskViewY);
 5858 263C 3A C2 27     	ld a, (selectdiskviewy)
 5859 263F 4F           	ld c, a
 5860 2640              ; 34         c++;
 5861 2640 0C           	inc c
 5862 2641              ; 35         // Title 1 = 7
 5863 2641              ; 36         b = 7;
 5864 2641 06 07        	ld b, 7
 5865 2643              ; 37         a = SelectDiskViewDX;
 5866 2643 3A C3 27     	ld a, (selectdiskviewdx)
 5867 2646              ; 38         a -= b;
 5868 2646 90           	sub b
 5869 2647              ; 39         cyclic_rotate_right(a, 1);
 5870 2647 0F           	rrca
 5871 2648              ; 40         a &= 0x7F;
 5872 2648 E6 7F        	and 127
 5873 264A              ; 41         a++;
 5874 264A 3C           	inc a
 5875 264B              ; 42         b = a;
 5876 264B 47           	ld b, a
 5877 264C              ; 43         a = SelectDiskViewX;
 5878 264C 3A C1 27     	ld a, (selectdiskviewx)
 5879 264F              ; 44         a += b;
 5880 264F 80           	add b
 5881 2650              ; 45         l = a;
 5882 2650 6F           	ld l, a
 5883 2651              ; 46         h = c;
 5884 2651 61           	ld h, c
 5885 2652              ; 47         c++;
 5886 2652 0C           	inc c
 5887 2653              ; 48         push_pop(bc) {
 5888 2653 C5           	push bc
 5889 2654              ; 49             bios(a = biosSetPositionCursoreHL);
 5890 2654 3E 1C        	ld a, 28
 5891 2656 CD 00 F0     	call bios
 5892 2659              ; 50             bios(a = biosPrintMessageHL, hl = SelectDiskViewSelectTitle);
 5893 2659 3E 02        	ld a, 2
 5894 265B 21 C8 27     	ld hl, selectdiskviewselecttitle
 5895 265E CD 00 F0     	call bios
 5896 2661 C1           	pop bc
 5897 2662              ; 51         }
 5898 2662              ; 52         // Title 2 = 7
 5899 2662              ; 53         b = 7;
 5900 2662 06 07        	ld b, 7
 5901 2664              ; 54         a = SelectDiskViewDX;
 5902 2664 3A C3 27     	ld a, (selectdiskviewdx)
 5903 2667              ; 55         a -= b;
 5904 2667 90           	sub b
 5905 2668              ; 56         cyclic_rotate_right(a, 1);
 5906 2668 0F           	rrca
 5907 2669              ; 57         a &= 0x7F;
 5908 2669 E6 7F        	and 127
 5909 266B              ; 58         a++;
 5910 266B 3C           	inc a
 5911 266C              ; 59         b = a;
 5912 266C 47           	ld b, a
 5913 266D              ; 60         a = SelectDiskViewX;
 5914 266D 3A C1 27     	ld a, (selectdiskviewx)
 5915 2670              ; 61         a += b;
 5916 2670 80           	add b
 5917 2671              ; 62         l = a;
 5918 2671 6F           	ld l, a
 5919 2672              ; 63         h = c;
 5920 2672 61           	ld h, c
 5921 2673              ; 64         push_pop(bc) {
 5922 2673 C5           	push bc
 5923 2674              ; 65             bios(a = biosSetPositionCursoreHL);
 5924 2674 3E 1C        	ld a, 28
 5925 2676 CD 00 F0     	call bios
 5926 2679              ; 66             bios(a = biosPrintMessageHL, hl = SelectDiskViewSelectSubTitle);
 5927 2679 3E 02        	ld a, 2
 5928 267B 21 CF 27     	ld hl, selectdiskviewselectsubtitle
 5929 267E CD 00 F0     	call bios
 5930 2681 C1           	pop bc
 5931 2682              ; 67         }
 5932 2682              ; 68         c++;
 5933 2682 0C           	inc c
 5934 2683              ; 69         c++;
 5935 2683 0C           	inc c
 5936 2684              ; 70         //-- Line
 5937 2684              ; 71         a = SelectDiskViewX;
 5938 2684 3A C1 27     	ld a, (selectdiskviewx)
 5939 2687              ; 72         a += 1;
 5940 2687 C6 01        	add 1
 5941 2689              ; 73         l = a;
 5942 2689 6F           	ld l, a
 5943 268A              ; 74         h = c;
 5944 268A 61           	ld h, c
 5945 268B              ; 75         push_pop(bc) {
 5946 268B C5           	push bc
 5947 268C              ; 76             bios(a = biosSetPositionCursoreHL);
 5948 268C 3E 1C        	ld a, 28
 5949 268E CD 00 F0     	call bios
 5950 2691              ; 77             a = SelectDiskViewDX;
 5951 2691 3A C3 27     	ld a, (selectdiskviewdx)
 5952 2694              ; 78             a -= 2;
 5953 2694 D6 02        	sub 2
 5954 2696              ; 79             b = a;
 5955 2696 47           	ld b, a
 5956 2697              ; 80             c = 0x90;
 5957 2697 0E 90        	ld c, 144
 5958 2699              ; 81             do {
 5959 2699              __l_396:
 5960 2699              ; 82                 bios(a = biosPrintC);
 5961 2699 3E 00        	ld a, 0
 5962 269B CD 00 F0     	call bios
 5963 269E              ; 83                 b--;
 5964 269E 05           	dec b
 5965 269F              __l_397:
 5966 269F              ; 84             } while ((a = b) > 0);
 5967 269F 78           	ld a, b
 5968 26A0 B7           	or a
 5969 26A1 C2 99 26     	jp nz, __l_396
 5970 26A4 C1           	pop bc
 5971 26A5 E1           	pop hl
 5972 26A6 C1           	pop bc
 5973 26A7 C9           	ret
 5974 26A8              ; 85         }
 5975 26A8              ; 86     }
 5976 26A8              ; 87 }
 5977 26A8              ; 88
 5978 26A8              ; 89 void SelectDiskViewShowList() {
 5979 26A8              selectdiskviewshowlist:
 5980 26A8              ; 90     push_pop(bc, hl, de) {
 5981 26A8 C5           	push bc
 5982 26A9 E5           	push hl
 5983 26AA D5           	push de
 5984 26AB              ; 91         a = SelectDiskViewX;
 5985 26AB 3A C1 27     	ld a, (selectdiskviewx)
 5986 26AE              ; 92         a += 2;
 5987 26AE C6 02        	add 2
 5988 26B0              ; 93         l = a;
 5989 26B0 6F           	ld l, a
 5990 26B1              ; 94         e = a;
 5991 26B1 5F           	ld e, a
 5992 26B2              ; 95         a = SelectDiskViewY;
 5993 26B2 3A C2 27     	ld a, (selectdiskviewy)
 5994 26B5              ; 96         a += 6;
 5995 26B5 C6 06        	add 6
 5996 26B7              ; 97         h = a;
 5997 26B7 67           	ld h, a
 5998 26B8              ; 98         d = a;
 5999 26B8 57           	ld d, a
 6000 26B9              ; 99         bios(a = biosSetPositionCursoreHL);
 6001 26B9 3E 1C        	ld a, 28
 6002 26BB CD 00 F0     	call bios
 6003 26BE              ; 100         //--
 6004 26BE              ; 101         b = (a = SelectDiskViewListCount);
 6005 26BE 3A DF 27     	ld a, (selectdiskviewlistcount)
 6006 26C1 47           	ld b, a
 6007 26C2              ; 102         hl = SelectDiskViewListDisk;
 6008 26C2 21 D6 27     	ld hl, selectdiskviewlistdisk
 6009 26C5              ; 103         do {
 6010 26C5              __l_399:
 6011 26C5              ; 104             bios(a = biosPrintC, c = *hl);
 6012 26C5 3E 00        	ld a, 0
 6013 26C7 4E           	ld c, (hl)
 6014 26C8 CD 00 F0     	call bios
 6015 26CB              ; 105             //--
 6016 26CB              ; 106             push_pop(hl) {
 6017 26CB E5           	push hl
 6018 26CC              ; 107                 h = d;
 6019 26CC 62           	ld h, d
 6020 26CD              ; 108                 e++;
 6021 26CD 1C           	inc e
 6022 26CE              ; 109                 e++;
 6023 26CE 1C           	inc e
 6024 26CF              ; 110                 e++;
 6025 26CF 1C           	inc e
 6026 26D0              ; 111                 l = e;
 6027 26D0 6B           	ld l, e
 6028 26D1              ; 112                 bios(a = biosSetPositionCursoreHL);
 6029 26D1 3E 1C        	ld a, 28
 6030 26D3 CD 00 F0     	call bios
 6031 26D6 E1           	pop hl
 6032 26D7              ; 113             }
 6033 26D7              ; 114             hl++;
 6034 26D7 23           	inc hl
 6035 26D8              ; 115             b--;
 6036 26D8 05           	dec b
 6037 26D9              __l_400:
 6038 26D9              ; 116         } while ((a = b) > 0);
 6039 26D9 78           	ld a, b
 6040 26DA B7           	or a
 6041 26DB C2 C5 26     	jp nz, __l_399
 6042 26DE D1           	pop de
 6043 26DF E1           	pop hl
 6044 26E0 C1           	pop bc
 6045 26E1 C9           	ret
 6046 26E2              ; 117     }
 6047 26E2              ; 118 }
 6048 26E2              ; 119
 6049 26E2              ; 120 void SelectDiskViewSetCurrentPosA() {
 6050 26E2              selectdiskviewsetcurrentposa:
 6051 26E2              ; 121     push_pop(bc) {
 6052 26E2 C5           	push bc
 6053 26E3              ; 122         b = a;
 6054 26E3 47           	ld b, a
 6055 26E4              ; 123         SelectDiskViewUpdateSelectA(a = 0);
 6056 26E4 3E 00        	ld a, 0
 6057 26E6 CD F4 26     	call selectdiskviewupdateselecta
 6058 26E9              ; 124         a = b;
 6059 26E9 78           	ld a, b
 6060 26EA              ; 125         SelectDiskViewCurrentPos = a;
 6061 26EA 32 C7 27     	ld (selectdiskviewcurrentpos), a
 6062 26ED              ; 126         SelectDiskViewUpdateSelectA(a = 1);
 6063 26ED 3E 01        	ld a, 1
 6064 26EF CD F4 26     	call selectdiskviewupdateselecta
 6065 26F2 C1           	pop bc
 6066 26F3 C9           	ret
 6067 26F4              ; 127     }
 6068 26F4              ; 128 }
 6069 26F4              ; 129
 6070 26F4              ; 130 /// 0 - прямой
 6071 26F4              ; 131 /// 1 - инверсный
 6072 26F4              ; 132 void SelectDiskViewUpdateSelectA() {
 6073 26F4              selectdiskviewupdateselecta:
 6074 26F4              ; 133     push_pop(bc, hl, de) {
 6075 26F4 C5           	push bc
 6076 26F5 E5           	push hl
 6077 26F6 D5           	push de
 6078 26F7              ; 134         if (a == 0) {
 6079 26F7 B7           	or a
 6080 26F8 C2 01 27     	jp nz, __l_402
 6081 26FB              ; 135             a = SelectDiskViewColor;
 6082 26FB 3A C5 27     	ld a, (selectdiskviewcolor)
 6083 26FE C3 04 27     	jp __l_403
 6084 2701              __l_402:
 6085 2701              ; 136         } else {
 6086 2701              ; 137             a = SelectDiskViewInvColor;
 6087 2701 3A C6 27     	ld a, (selectdiskviewinvcolor)
 6088 2704              __l_403:
 6089 2704              ; 138         }
 6090 2704              ; 139         c = a;
 6091 2704 4F           	ld c, a
 6092 2705              ; 140         //--
 6093 2705              ; 141         a = SelectDiskViewCurrentPos;
 6094 2705 3A C7 27     	ld a, (selectdiskviewcurrentpos)
 6095 2708              ; 142         b = a;
 6096 2708 47           	ld b, a
 6097 2709              ; 143         a += b;
 6098 2709 80           	add b
 6099 270A              ; 144         a += b;
 6100 270A 80           	add b
 6101 270B              ; 145         b = a;
 6102 270B 47           	ld b, a
 6103 270C              ; 146         a = SelectDiskViewX;
 6104 270C 3A C1 27     	ld a, (selectdiskviewx)
 6105 270F              ; 147         a += b;
 6106 270F 80           	add b
 6107 2710              ; 148         a += 1;
 6108 2710 C6 01        	add 1
 6109 2712              ; 149         l = a;
 6110 2712 6F           	ld l, a
 6111 2713              ; 150         //--
 6112 2713              ; 151         a = SelectDiskViewY;
 6113 2713 3A C2 27     	ld a, (selectdiskviewy)
 6114 2716              ; 152         a += 5;
 6115 2716 C6 05        	add 5
 6116 2718              ; 153         h = a;
 6117 2718 67           	ld h, a
 6118 2719              ; 154         //--
 6119 2719              ; 155         d = 3;
 6120 2719 16 03        	ld d, 3
 6121 271B              ; 156         e = 3;
 6122 271B 1E 03        	ld e, 3
 6123 271D              ; 157         MyViewChangeBoxColor();
 6124 271D CD 48 11     	call myviewchangeboxcolor
 6125 2720 D1           	pop de
 6126 2721 E1           	pop hl
 6127 2722 C1           	pop bc
 6128 2723 C9           	ret
 6129 2724              ; 158     }
 6130 2724              ; 159 }
 6131 2724              ; 160
 6132 2724              ; 161 void SelectDiskViewClose() {
 6133 2724              selectdiskviewclose:
 6134 2724              ; 162     bios(a = biosWindowSafeClose);
 6135 2724 3E 58        	ld a, 88
 6136 2726 CD 00 F0     	call bios
 6137 2729              ; 163     CurrentViewReturn();
 6138 2729 C3 0D 25     	jp currentviewreturn
 6139 272C              ; 164 }
 6140 272C              ; 165
 6141 272C              ; 166 void SelectDiskViewKeyA() {
 6142 272C              selectdiskviewkeya:
 6143 272C              ; 167     push_pop(hl) {
 6144 272C E5           	push hl
 6145 272D              ; 168         l = a;
 6146 272D 6F           	ld l, a
 6147 272E              ; 169         if ((a = CurrentViewId) == SelectDiskViewId) {
 6148 272E 3A 4D 25     	ld a, (currentviewid)
 6149 2731 FE 03        	cp 3
 6150 2733 C2 92 27     	jp nz, __l_404
 6151 2736              ; 170             if ((a = l) == 0x1B) { //ESC выход
 6152 2736 7D           	ld a, l
 6153 2737 FE 1B        	cp 27
 6154 2739 C2 42 27     	jp nz, __l_406
 6155 273C              ; 171                 SelectDiskViewClose();
 6156 273C CD 24 27     	call selectdiskviewclose
 6157 273F C3 92 27     	jp __l_407
 6158 2742              __l_406:
 6159 2742              ; 172             } else if ((a = l) == 0x0D) { // Выбор диска
 6160 2742 7D           	ld a, l
 6161 2743 FE 0D        	cp 13
 6162 2745 C2 60 27     	jp nz, __l_408
 6163 2748              ; 173                 SelectDiskViewClose();
 6164 2748 CD 24 27     	call selectdiskviewclose
 6165 274B              ; 174                 push_pop(hl, de) {
 6166 274B E5           	push hl
 6167 274C D5           	push de
 6168 274D              ; 175                     e = (a = SelectDiskViewCurrentPos);
 6169 274D 3A C7 27     	ld a, (selectdiskviewcurrentpos)
 6170 2750 5F           	ld e, a
 6171 2751              ; 176                     d = 0;
 6172 2751 16 00        	ld d, 0
 6173 2753              ; 177                     hl = SelectDiskViewListDisk;
 6174 2753 21 D6 27     	ld hl, selectdiskviewlistdisk
 6175 2756              ; 178                     hl += de;
 6176 2756 19           	add hl, de
 6177 2757              ; 179                     a = *hl;
 6178 2757 7E           	ld a, (hl)
 6179 2758 D1           	pop de
 6180 2759 E1           	pop hl
 6181 275A              ; 180                 }
 6182 275A              ; 181                 DiskViewSetDiskNumA();
 6183 275A CD 43 20     	call diskviewsetdisknuma
 6184 275D C3 92 27     	jp __l_409
 6185 2760              __l_408:
 6186 2760              ; 182             } else if ((a = l) == 0x18) { // Вправо
 6187 2760 7D           	ld a, l
 6188 2761 FE 18        	cp 24
 6189 2763 C2 7A 27     	jp nz, __l_410
 6190 2766              ; 183                 h = (a = SelectDiskViewListCount);
 6191 2766 3A DF 27     	ld a, (selectdiskviewlistcount)
 6192 2769 67           	ld h, a
 6193 276A              ; 184                 a = SelectDiskViewCurrentPos;
 6194 276A 3A C7 27     	ld a, (selectdiskviewcurrentpos)
 6195 276D              ; 185                 a++;
 6196 276D 3C           	inc a
 6197 276E              ; 186                 if (a == h) {
 6198 276E BC           	cp h
 6199 276F C2 74 27     	jp nz, __l_412
 6200 2772              ; 187                     a = 0;
 6201 2772 3E 00        	ld a, 0
 6202 2774              __l_412:
 6203 2774              ; 188                 }
 6204 2774              ; 189                 SelectDiskViewSetCurrentPosA();
 6205 2774 CD E2 26     	call selectdiskviewsetcurrentposa
 6206 2777 C3 92 27     	jp __l_411
 6207 277A              __l_410:
 6208 277A              ; 190             } else if ((a = l) == 0x08) { // Влево
 6209 277A 7D           	ld a, l
 6210 277B FE 08        	cp 8
 6211 277D C2 92 27     	jp nz, __l_414
 6212 2780              ; 191                 a = SelectDiskViewCurrentPos;
 6213 2780 3A C7 27     	ld a, (selectdiskviewcurrentpos)
 6214 2783              ; 192                 if (a == 0) {
 6215 2783 B7           	or a
 6216 2784 C2 8E 27     	jp nz, __l_416
 6217 2787              ; 193                     a = SelectDiskViewListCount;
 6218 2787 3A DF 27     	ld a, (selectdiskviewlistcount)
 6219 278A              ; 194                     a--;
 6220 278A 3D           	dec a
 6221 278B C3 8F 27     	jp __l_417
 6222 278E              __l_416:
 6223 278E              ; 195                 } else {
 6224 278E              ; 196                     a--;
 6225 278E 3D           	dec a
 6226 278F              __l_417:
 6227 278F              ; 197                 }
 6228 278F              ; 198                 SelectDiskViewSetCurrentPosA();
 6229 278F CD E2 26     	call selectdiskviewsetcurrentposa
 6230 2792              __l_414:
 6231 2792              __l_411:
 6232 2792              __l_409:
 6233 2792              __l_407:
 6234 2792              __l_404:
 6235 2792 E1           	pop hl
 6236 2793 C9           	ret
 6237 2794              ; 199             }
 6238 2794              ; 200         }
 6239 2794              ; 201     }
 6240 2794              ; 202 }
 6241 2794              ; 203
 6242 2794              ; 204 void SelectDiskViewUpdateSize() {
 6243 2794              selectdiskviewupdatesize:
 6244 2794              ; 205     //x = 48
 6245 2794              ; 206     push_pop(bc) {
 6246 2794 C5           	push bc
 6247 2795              ; 207         a = SelectDiskViewListCount;
 6248 2795 3A DF 27     	ld a, (selectdiskviewlistcount)
 6249 2798              ; 208         b = a;
 6250 2798 47           	ld b, a
 6251 2799              ; 209         a += b;
 6252 2799 80           	add b
 6253 279A              ; 210         a += b;
 6254 279A 80           	add b
 6255 279B              ; 211         a += 2;
 6256 279B C6 02        	add 2
 6257 279D              ; 212         SelectDiskViewDX = a;
 6258 279D 32 C3 27     	ld (selectdiskviewdx), a
 6259 27A0              ; 213         b = a;
 6260 27A0 47           	ld b, a
 6261 27A1              ; 214         a = 48;
 6262 27A1 3E 30        	ld a, 48
 6263 27A3              ; 215         a -= b;
 6264 27A3 90           	sub b
 6265 27A4              ; 216         cyclic_rotate_right(a, 1);
 6266 27A4 0F           	rrca
 6267 27A5              ; 217         SelectDiskViewX = a;
 6268 27A5 32 C1 27     	ld (selectdiskviewx), a
 6269 27A8 C1           	pop bc
 6270 27A9 C9           	ret
 6271 27AA              ; 218     }
 6272 27AA              ; 219 }
 6273 27AA              ; 220
 6274 27AA              ; 221 void SelectDiskViewUpdateDiskList() {
 6275 27AA              selectdiskviewupdatedisklist:
 6276 27AA              ; 222     push_pop(bc, hl) {
 6277 27AA C5           	push bc
 6278 27AB E5           	push hl
 6279 27AC              ; 223         hl = SelectDiskViewListDisk;
 6280 27AC 21 D6 27     	ld hl, selectdiskviewlistdisk
 6281 27AF              ; 224         *hl = (a = 'A');
 6282 27AF 3E 41        	ld a, 65
 6283 27B1 77           	ld (hl), a
 6284 27B2              ; 225         hl++;
 6285 27B2 23           	inc hl
 6286 27B3              ; 226         *hl = (a = 'B');
 6287 27B3 3E 42        	ld a, 66
 6288 27B5 77           	ld (hl), a
 6289 27B6              ; 227         hl++;
 6290 27B6 23           	inc hl
 6291 27B7              ; 228         *hl = 0;
 6292 27B7 36 00        	ld (hl), 0
 6293 27B9              ; 229         SelectDiskViewListCount = (a = 2);
 6294 27B9 3E 02        	ld a, 2
 6295 27BB 32 DF 27     	ld (selectdiskviewlistcount), a
 6296 27BE E1           	pop hl
 6297 27BF C1           	pop bc
 6298 27C0 C9           	ret
 6299 27C1              ; 230 //        SelectDiskViewListCount = (a = 0);
 6300 27C1              ; 231 //        //--
 6301 27C1              ; 232 //        b = 8;
 6302 27C1              ; 233 //        c = 'A';
 6303 27C1              ; 234 //        hl = SelectDiskViewListDisk;
 6304 27C1              ; 235 //        do {
 6305 27C1              ; 236 //            bios(a = biosGetAccessDiskC);
 6306 27C1              ; 237 //            if (flag_c) {
 6307 27C1              ; 238 //                *hl = (a = c);
 6308 27C1              ; 239 //                hl++;
 6309 27C1              ; 240 //                a = SelectDiskViewListCount;
 6310 27C1              ; 241 //                a++;
 6311 27C1              ; 242 //                SelectDiskViewListCount = a;
 6312 27C1              ; 243 //            }
 6313 27C1              ; 244 //            c++;
 6314 27C1              ; 245 //            b--;
 6315 27C1              ; 246 //        } while ((a = b) > 0);
 6316 27C1              ; 247 //        *hl = 0;
 6317 27C1              ; 248     }
 6318 27C1              ; 249 }
 6319 27C1              ; 250
 6320 27C1              ; 251 uint8_t SelectDiskViewX = 17;
 6321 27C1              selectdiskviewx:
 6322 27C1 11           	db 17
 6323 27C2              ; 252 uint8_t SelectDiskViewY = 12;
 6324 27C2              selectdiskviewy:
 6325 27C2 0C           	db 12
 6326 27C3              ; 253 uint8_t SelectDiskViewDX = 14;
 6327 27C3              selectdiskviewdx:
 6328 27C3 0E           	db 14
 6329 27C4              ; 254 uint8_t SelectDiskViewDY = 9;
 6330 27C4              selectdiskviewdy:
 6331 27C4 09           	db 9
 6332 27C5              ; 255 uint8_t SelectDiskViewColor = 0x70; //0x1F;
 6333 27C5              selectdiskviewcolor:
 6334 27C5 70           	db 112
 6335 27C6              ; 256 uint8_t SelectDiskViewInvColor = 0x20; //0x2E;
 6336 27C6              selectdiskviewinvcolor:
 6337 27C6 20           	db 32
 6338 27C7              ; 258 uint8_t SelectDiskViewCurrentPos = 0;
 6339 27C7              selectdiskviewcurrentpos:
 6340 27C7 00           	db 0
 6341 27C8              ; 260 uint8_t SelectDiskViewSelectTitle[7] = "Choose";
 6342 27C8              selectdiskviewselecttitle:
 6343 27C8 43           	db 67
 6344 27C9 68           	db 104
 6345 27CA 6F           	db 111
 6346 27CB 6F           	db 111
 6347 27CC 73           	db 115
 6348 27CD 65           	db 101
 6349 27CE 00           	ds 1
 6350 27CF              ; 261 uint8_t SelectDiskViewSelectSubTitle[7] = "drive:";
 6351 27CF              selectdiskviewselectsubtitle:
 6352 27CF 64           	db 100
 6353 27D0 72           	db 114
 6354 27D1 69           	db 105
 6355 27D2 76           	db 118
 6356 27D3 65           	db 101
 6357 27D4 3A           	db 58
 6358 27D5 00           	ds 1
 6359 27D6              ; 263 uint8_t SelectDiskViewListDisk[9] = {0x00, 0x00, 0x00, 0x00, 0x00, 0x00, 0x00, 0x00, 0x00};
 6360 27D6              selectdiskviewlistdisk:
 6361 27D6 00           	db 0
 6362 27D7 00           	db 0
 6363 27D8 00           	db 0
 6364 27D9 00           	db 0
 6365 27DA 00           	db 0
 6366 27DB 00           	db 0
 6367 27DC 00           	db 0
 6368 27DD 00           	db 0
 6369 27DE 00           	db 0
 6370 27DF              ; 264 uint8_t SelectDiskViewListCount = 0;
 6371 27DF              selectdiskviewlistcount:
 6372 27DF 00           	db 0
 6373 27E0              ; 11 void StringLocaleCreateLoadTitleA() {
 6374 27E0              stringlocalecreateloadtitlea:
 6375 27E0              ; 12     push_pop(bc, hl, de) {
 6376 27E0 C5           	push bc
 6377 27E1 E5           	push hl
 6378 27E2 D5           	push de
 6379 27E3              ; 13         hl = LoadViewInfoString;
 6380 27E3 21 A6 3D     	ld hl, loadviewinfostring
 6381 27E6              ; 14         // From
 6382 27E6              ; 15         de = LoadViewStrFrom;
 6383 27E6 11 F8 3D     	ld de, loadviewstrfrom
 6384 27E9              ; 16         StringLocaleAddDEInHL();
 6385 27E9 CD A2 28     	call stringlocaleadddeinhl
 6386 27EC              ; 17         StringLocaleAddSpaceInHL();
 6387 27EC CD AF 28     	call stringlocaleaddspaceinhl
 6388 27EF              ; 18         // ftp path
 6389 27EF              ; 19         de = FtpViewPath;
 6390 27EF 11 84 1E     	ld de, ftpviewpath
 6391 27F2              ; 20         b = 27 - 7;
 6392 27F2 06 14        	ld b, 20
 6393 27F4              ; 21         c = 0;
 6394 27F4 0E 00        	ld c, 0
 6395 27F6              ; 22         do {
 6396 27F6              __l_418:
 6397 27F6              ; 23             if ((a = c) == 0) {
 6398 27F6 79           	ld a, c
 6399 27F7 B7           	or a
 6400 27F8 C2 0E 28     	jp nz, __l_421
 6401 27FB              ; 24                 a = *de;
 6402 27FB 1A           	ld a, (de)
 6403 27FC              ; 25                 if (a > 0) {
 6404 27FC B7           	or a
 6405 27FD CA 06 28     	jp z, __l_423
 6406 2800              ; 26                     *hl = a;
 6407 2800 77           	ld (hl), a
 6408 2801              ; 27                     de++;
 6409 2801 13           	inc de
 6410 2802              ; 28                     hl++;
 6411 2802 23           	inc hl
 6412 2803 C3 0B 28     	jp __l_424
 6413 2806              __l_423:
 6414 2806              ; 29                 } else {
 6415 2806              ; 30                     c = 1;
 6416 2806 0E 01        	ld c, 1
 6417 2808              ; 31                     StringLocaleAddSpaceInHL();
 6418 2808 CD AF 28     	call stringlocaleaddspaceinhl
 6419 280B              __l_424:
 6420 280B C3 11 28     	jp __l_422
 6421 280E              __l_421:
 6422 280E              ; 32                 }
 6423 280E              ; 33             } else {
 6424 280E              ; 34                 StringLocaleAddSpaceInHL();
 6425 280E CD AF 28     	call stringlocaleaddspaceinhl
 6426 2811              __l_422:
 6427 2811              ; 35             }
 6428 2811              ; 36             b--;
 6429 2811 05           	dec b
 6430 2812              __l_419:
 6431 2812              ; 37         } while ((a = b) > 0);
 6432 2812 78           	ld a, b
 6433 2813 B7           	or a
 6434 2814 C2 F6 27     	jp nz, __l_418
 6435 2817              ; 38         // Name
 6436 2817              ; 39         de = LoadViewStrName;
 6437 2817 11 02 3E     	ld de, loadviewstrname
 6438 281A              ; 40         StringLocaleAddDEInHL();
 6439 281A CD A2 28     	call stringlocaleadddeinhl
 6440 281D              ; 41         StringLocaleAddSpaceInHL();
 6441 281D CD AF 28     	call stringlocaleaddspaceinhl
 6442 2820              ; 42         // FileName
 6443 2820              ; 43         de = FtpViewFilesList;
 6444 2820 11 96 1E     	ld de, ftpviewfileslist
 6445 2823              ; 44         push_pop(hl) {
 6446 2823 E5           	push hl
 6447 2824              ; 45             a ^= a;
 6448 2824 AF           	xor a
 6449 2825              ; 46             d = 0;
 6450 2825 16 00        	ld d, 0
 6451 2827              ; 47             a = FtpViewFileCurrentPos;
 6452 2827 3A 94 1E     	ld a, (ftpviewfilecurrentpos)
 6453 282A              ; 48             carry_rotate_left(a, 4);
 6454 282A 17           	rla
 6455 282B 17           	rla
 6456 282C 17           	rla
 6457 282D 17           	rla
 6458 282E              ; 49             e = a;
 6459 282E 5F           	ld e, a
 6460 282F              ; 50             if (flag_c) {
 6461 282F D2 33 28     	jp nc, __l_425
 6462 2832              ; 51                 d++;
 6463 2832 14           	inc d
 6464 2833              __l_425:
 6465 2833              ; 52             }
 6466 2833              ; 53             hl = FtpViewFilesList;
 6467 2833 21 96 1E     	ld hl, ftpviewfileslist
 6468 2836              ; 54             hl += de;
 6469 2836 19           	add hl, de
 6470 2837              ; 55             d = h;
 6471 2837 54           	ld d, h
 6472 2838              ; 56             e = l;
 6473 2838 5D           	ld e, l
 6474 2839              ; 57             // get address
 6475 2839              ; 58             push_pop(de) {
 6476 2839 D5           	push de
 6477 283A              ; 59                 de = 8;
 6478 283A 11 08 00     	ld de, 8
 6479 283D              ; 60                 hl += de;
 6480 283D 19           	add hl, de
 6481 283E              ; 61                 d = h;
 6482 283E 54           	ld d, h
 6483 283F              ; 62                 e = l;
 6484 283F 5D           	ld e, l
 6485 2840              ; 63                 a = *de;
 6486 2840 1A           	ld a, (de)
 6487 2841              ; 64                 h = a;
 6488 2841 67           	ld h, a
 6489 2842              ; 65                 de++;
 6490 2842 13           	inc de
 6491 2843              ; 66                 a = *de;
 6492 2843 1A           	ld a, (de)
 6493 2844              ; 67                 l = a;
 6494 2844 6F           	ld l, a
 6495 2845              ; 68                 StringLocaleAddress = hl;
 6496 2845 22 5B 29     	ld (stringlocaleaddress), hl
 6497 2848 D1           	pop de
 6498 2849 E1           	pop hl
 6499 284A              ; 69             }
 6500 284A              ; 70         }
 6501 284A              ; 71         b = 8;
 6502 284A 06 08        	ld b, 8
 6503 284C              ; 72         do {
 6504 284C              __l_427:
 6505 284C              ; 73             a = *de;
 6506 284C 1A           	ld a, (de)
 6507 284D              ; 74             *hl = a;
 6508 284D 77           	ld (hl), a
 6509 284E              ; 75             de++;
 6510 284E 13           	inc de
 6511 284F              ; 76             hl++;
 6512 284F 23           	inc hl
 6513 2850              ; 77             b--;
 6514 2850 05           	dec b
 6515 2851              __l_428:
 6516 2851              ; 78         } while ((a = b) > 0);
 6517 2851 78           	ld a, b
 6518 2852 B7           	or a
 6519 2853 C2 4C 28     	jp nz, __l_427
 6520 2856              ; 79         // Stop
 6521 2856              ; 80         *hl = 0;
 6522 2856 36 00        	ld (hl), 0
 6523 2858              ; 81
 6524 2858              ; 82         hl = LoadViewInfoSubString;
 6525 2858 21 CF 3D     	ld hl, loadviewinfosubstring
 6526 285B              ; 83         // to
 6527 285B              ; 84         de = LoadViewStrTo;
 6528 285B 11 FE 3D     	ld de, loadviewstrto
 6529 285E              ; 85         StringLocaleAddDEInHL();
 6530 285E CD A2 28     	call stringlocaleadddeinhl
 6531 2861              ; 86         StringLocaleAddSpaceInHL();
 6532 2861 CD AF 28     	call stringlocaleaddspaceinhl
 6533 2864              ; 87         // Disk
 6534 2864              ; 88         bios(a = biosGetDiskC);
 6535 2864 3E 84        	ld a, 132
 6536 2866 CD 00 F0     	call bios
 6537 2869              ; 89         *hl = (a = c);
 6538 2869 79           	ld a, c
 6539 286A 77           	ld (hl), a
 6540 286B              ; 90         hl++;
 6541 286B 23           	inc hl
 6542 286C              ; 91         *hl = ':';
 6543 286C 36 3A        	ld (hl), 58
 6544 286E              ; 92         hl++;
 6545 286E 23           	inc hl
 6546 286F              ; 93         // Space 27
 6547 286F              ; 94         b = 27 - 7;
 6548 286F 06 14        	ld b, 20
 6549 2871              ; 95         do {
 6550 2871              __l_430:
 6551 2871              ; 96             StringLocaleAddSpaceInHL();
 6552 2871 CD AF 28     	call stringlocaleaddspaceinhl
 6553 2874              ; 97             b--;
 6554 2874 05           	dec b
 6555 2875              __l_431:
 6556 2875              ; 98         } while ((a = b) > 0);
 6557 2875 78           	ld a, b
 6558 2876 B7           	or a
 6559 2877 C2 71 28     	jp nz, __l_430
 6560 287A              ; 99         // Size
 6561 287A              ; 100         de = LoadViewStrSize;
 6562 287A 11 08 3E     	ld de, loadviewstrsize
 6563 287D              ; 101         StringLocaleAddDEInHL();
 6564 287D CD A2 28     	call stringlocaleadddeinhl
 6565 2880              ; 102         StringLocaleAddSpaceInHL();
 6566 2880 CD AF 28     	call stringlocaleaddspaceinhl
 6567 2883              ; 103         // Size value
 6568 2883              ; 104         push_pop(hl) {
 6569 2883 E5           	push hl
 6570 2884              ; 105             hl = StringLocaleAddress;
 6571 2884 2A 5B 29     	ld hl, (stringlocaleaddress)
 6572 2887              ; 106             d = h;
 6573 2887 54           	ld d, h
 6574 2888              ; 107             e = l;
 6575 2888 5D           	ld e, l
 6576 2889 E1           	pop hl
 6577 288A              ; 108         }
 6578 288A              ; 109         MyFunc4CharSizeDE();
 6579 288A CD 98 18     	call myfunc4charsizede
 6580 288D              ; 110         b = 4;
 6581 288D 06 04        	ld b, 4
 6582 288F              ; 111         de = MyFunc4Chars;
 6583 288F 11 BB 18     	ld de, myfunc4chars
 6584 2892              ; 112         do {
 6585 2892              __l_433:
 6586 2892              ; 113             *hl = (a = *de);
 6587 2892 1A           	ld a, (de)
 6588 2893 77           	ld (hl), a
 6589 2894              ; 114             hl++;
 6590 2894 23           	inc hl
 6591 2895              ; 115             de++;
 6592 2895 13           	inc de
 6593 2896              ; 116             b--;
 6594 2896 05           	dec b
 6595 2897              __l_434:
 6596 2897              ; 117         } while ((a = b) > 0);
 6597 2897 78           	ld a, b
 6598 2898 B7           	or a
 6599 2899 C2 92 28     	jp nz, __l_433
 6600 289C              ; 118
 6601 289C              ; 119         // Stop
 6602 289C              ; 120         *hl = 0;
 6603 289C 36 00        	ld (hl), 0
 6604 289E D1           	pop de
 6605 289F E1           	pop hl
 6606 28A0 C1           	pop bc
 6607 28A1 C9           	ret
 6608 28A2              ; 121     }
 6609 28A2              ; 122 }
 6610 28A2              ; 123
 6611 28A2              ; 124 void StringLocaleAddDEInHL() {
 6612 28A2              stringlocaleadddeinhl:
 6613 28A2              ; 125     do {
 6614 28A2              __l_436:
 6615 28A2              ; 126         a = *de;
 6616 28A2 1A           	ld a, (de)
 6617 28A3              ; 127         if (a > 0) {
 6618 28A3 B7           	or a
 6619 28A4 CA AA 28     	jp z, __l_439
 6620 28A7              ; 128             *hl = a;
 6621 28A7 77           	ld (hl), a
 6622 28A8              ; 129             de++;
 6623 28A8 13           	inc de
 6624 28A9              ; 130             hl++;
 6625 28A9 23           	inc hl
 6626 28AA              __l_439:
 6627 28AA              __l_437:
 6628 28AA              ; 131         }
 6629 28AA              ; 132     } while (a > 0);
 6630 28AA B7           	or a
 6631 28AB C2 A2 28     	jp nz, __l_436
 6632 28AE C9           	ret
 6633 28AF              ; 133 }
 6634 28AF              ; 134
 6635 28AF              ; 135 void StringLocaleAddSpaceInHL() {
 6636 28AF              stringlocaleaddspaceinhl:
 6637 28AF              ; 136     a = ' ';
 6638 28AF 3E 20        	ld a, 32
 6639 28B1              ; 137     StringLocaleCharAToHL();
 6640 28B1              ; 138 }
 6641 28B1              ; 139
 6642 28B1              ; 140 void StringLocaleCharAToHL() {
 6643 28B1              stringlocalecharatohl:
 6644 28B1              ; 141     *hl = a;
 6645 28B1 77           	ld (hl), a
 6646 28B2              ; 142     hl++;
 6647 28B2 23           	inc hl
 6648 28B3 C9           	ret
 6649 28B4              ; 143 }
 6650 28B4              ; 144
 6651 28B4              ; 145 uint8_t StringLocaleOK[] = "Ok";
 6652 28B4              stringlocaleok:
 6653 28B4 4F           	db 79
 6654 28B5 6B           	db 107
 6655 28B6 00           	ds 1
 6656 28B7              ; 146 uint8_t StringLocaleYes[] = "Yes";
 6657 28B7              stringlocaleyes:
 6658 28B7 59           	db 89
 6659 28B8 65           	db 101
 6660 28B9 73           	db 115
 6661 28BA 00           	ds 1
 6662 28BB              ; 147 uint8_t StringLocaleNo[] = "No";
 6663 28BB              stringlocaleno:
 6664 28BB 4E           	db 78
 6665 28BC 6F           	db 111
 6666 28BD 00           	ds 1
 6667 28BE              ; 148 uint8_t StringLocaleEraseFile[] = "Erase file";
 6668 28BE              stringlocaleerasefile:
 6669 28BE 45           	db 69
 6670 28BF 72           	db 114
 6671 28C0 61           	db 97
 6672 28C1 73           	db 115
 6673 28C2 65           	db 101
 6674 28C3 20           	db 32
 6675 28C4 66           	db 102
 6676 28C5 69           	db 105
 6677 28C6 6C           	db 108
 6678 28C7 65           	db 101
 6679 28C8 00           	ds 1
 6680 28C9              ; 149 uint8_t StringLocaleFileNotFound[] = "File not found";
 6681 28C9              stringlocalefilenotfound:
 6682 28C9 46           	db 70
 6683 28CA 69           	db 105
 6684 28CB 6C           	db 108
 6685 28CC 65           	db 101
 6686 28CD 20           	db 32
 6687 28CE 6E           	db 110
 6688 28CF 6F           	db 111
 6689 28D0 74           	db 116
 6690 28D1 20           	db 32
 6691 28D2 66           	db 102
 6692 28D3 6F           	db 111
 6693 28D4 75           	db 117
 6694 28D5 6E           	db 110
 6695 28D6 64           	db 100
 6696 28D7 00           	ds 1
 6697 28D8              ; 150 uint8_t StringLocaleFileReadOnly[] = "File read-only";
 6698 28D8              stringlocalefilereadonly:
 6699 28D8 46           	db 70
 6700 28D9 69           	db 105
 6701 28DA 6C           	db 108
 6702 28DB 65           	db 101
 6703 28DC 20           	db 32
 6704 28DD 72           	db 114
 6705 28DE 65           	db 101
 6706 28DF 61           	db 97
 6707 28E0 64           	db 100
 6708 28E1 2D           	db 45
 6709 28E2 6F           	db 111
 6710 28E3 6E           	db 110
 6711 28E4 6C           	db 108
 6712 28E5 79           	db 121
 6713 28E6 00           	ds 1
 6714 28E7              ; 151 uint8_t StringLocaleNetTimeOut[] = "Net timeout";
 6715 28E7              stringlocalenettimeout:
 6716 28E7 4E           	db 78
 6717 28E8 65           	db 101
 6718 28E9 74           	db 116
 6719 28EA 20           	db 32
 6720 28EB 74           	db 116
 6721 28EC 69           	db 105
 6722 28ED 6D           	db 109
 6723 28EE 65           	db 101
 6724 28EF 6F           	db 111
 6725 28F0 75           	db 117
 6726 28F1 74           	db 116
 6727 28F2 00           	ds 1
 6728 28F3              ; 153 uint8_t StringLocaleNetFtpDeleteFileError[] = "FTP file not delete";
 6729 28F3              stringlocalenetftpdeletefileerro:
 6730 28F3 46           	db 70
 6731 28F4 54           	db 84
 6732 28F5 50           	db 80
 6733 28F6 20           	db 32
 6734 28F7 66           	db 102
 6735 28F8 69           	db 105
 6736 28F9 6C           	db 108
 6737 28FA 65           	db 101
 6738 28FB 20           	db 32
 6739 28FC 6E           	db 110
 6740 28FD 6F           	db 111
 6741 28FE 74           	db 116
 6742 28FF 20           	db 32
 6743 2900 64           	db 100
 6744 2901 65           	db 101
 6745 2902 6C           	db 108
 6746 2903 65           	db 101
 6747 2904 74           	db 116
 6748 2905 65           	db 101
 6749 2906 00           	ds 1
 6750 2907              ; 154 uint8_t StringLocaleNetFtpConnectError[] = "FTP connect error";
 6751 2907              stringlocalenetftpconnecterror:
 6752 2907 46           	db 70
 6753 2908 54           	db 84
 6754 2909 50           	db 80
 6755 290A 20           	db 32
 6756 290B 63           	db 99
 6757 290C 6F           	db 111
 6758 290D 6E           	db 110
 6759 290E 6E           	db 110
 6760 290F 65           	db 101
 6761 2910 63           	db 99
 6762 2911 74           	db 116
 6763 2912 20           	db 32
 6764 2913 65           	db 101
 6765 2914 72           	db 114
 6766 2915 72           	db 114
 6767 2916 6F           	db 111
 6768 2917 72           	db 114
 6769 2918 00           	ds 1
 6770 2919              ; 155 uint8_t StringLocaleNetWiFiConnectError[] = "WiFi connect error";
 6771 2919              stringlocalenetwificonnecterror:
 6772 2919 57           	db 87
 6773 291A 69           	db 105
 6774 291B 46           	db 70
 6775 291C 69           	db 105
 6776 291D 20           	db 32
 6777 291E 63           	db 99
 6778 291F 6F           	db 111
 6779 2920 6E           	db 110
 6780 2921 6E           	db 110
 6781 2922 65           	db 101
 6782 2923 63           	db 99
 6783 2924 74           	db 116
 6784 2925 20           	db 32
 6785 2926 65           	db 101
 6786 2927 72           	db 114
 6787 2928 72           	db 114
 6788 2929 6F           	db 111
 6789 292A 72           	db 114
 6790 292B 00           	ds 1
 6791 292C              ; 156 uint8_t StringLocaleDiskFull[] = "Disk full";
 6792 292C              stringlocalediskfull:
 6793 292C 44           	db 68
 6794 292D 69           	db 105
 6795 292E 73           	db 115
 6796 292F 6B           	db 107
 6797 2930 20           	db 32
 6798 2931 66           	db 102
 6799 2932 75           	db 117
 6800 2933 6C           	db 108
 6801 2934 6C           	db 108
 6802 2935 00           	ds 1
 6803 2936              ; 157 uint8_t StringLocaleDiskFormat[] = "Format the disk?";
 6804 2936              stringlocalediskformat:
 6805 2936 46           	db 70
 6806 2937 6F           	db 111
 6807 2938 72           	db 114
 6808 2939 6D           	db 109
 6809 293A 61           	db 97
 6810 293B 74           	db 116
 6811 293C 20           	db 32
 6812 293D 74           	db 116
 6813 293E 68           	db 104
 6814 293F 65           	db 101
 6815 2940 20           	db 32
 6816 2941 64           	db 100
 6817 2942 69           	db 105
 6818 2943 73           	db 115
 6819 2944 6B           	db 107
 6820 2945 3F           	db 63
 6821 2946 00           	ds 1
 6822 2947              ; 159 uint8_t StringLocaleHardwareFail[] = "Not detect NetCard!";
 6823 2947              stringlocalehardwarefail:
 6824 2947 4E           	db 78
 6825 2948 6F           	db 111
 6826 2949 74           	db 116
 6827 294A 20           	db 32
 6828 294B 64           	db 100
 6829 294C 65           	db 101
 6830 294D 74           	db 116
 6831 294E 65           	db 101
 6832 294F 63           	db 99
 6833 2950 74           	db 116
 6834 2951 20           	db 32
 6835 2952 4E           	db 78
 6836 2953 65           	db 101
 6837 2954 74           	db 116
 6838 2955 43           	db 67
 6839 2956 61           	db 97
 6840 2957 72           	db 114
 6841 2958 64           	db 100
 6842 2959 21           	db 33
 6843 295A 00           	ds 1
 6844 295B              ; 161 uint16_t StringLocaleAddress = 0;
 6845 295B              stringlocaleaddress:
 6846 295B 00 00        	dw 0
 6847 295D              ; 14 void ButtonShadowViewShow() {
 6848 295D              buttonshadowviewshow:
 6849 295D              ; 15     push_pop(hl) {
 6850 295D E5           	push hl
 6851 295E              ; 16         h = b;
 6852 295E 60           	ld h, b
 6853 295F              ; 17         l = c;
 6854 295F 69           	ld l, c
 6855 2960              ; 18         ButtonShadowViewTitlePoint = hl;
 6856 2960 22 02 2A     	ld (buttonshadowviewtitlepoint), hl
 6857 2963 E1           	pop hl
 6858 2964              ; 19     }
 6859 2964              ; 20     //- SAVE -
 6860 2964              ; 21     a = h;
 6861 2964 7C           	ld a, h
 6862 2965              ; 22     ButtonShadowViewX = a;
 6863 2965 32 FC 29     	ld (buttonshadowviewx), a
 6864 2968              ; 23     a = l;
 6865 2968 7D           	ld a, l
 6866 2969              ; 24     ButtonShadowViewY = a;
 6867 2969 32 FD 29     	ld (buttonshadowviewy), a
 6868 296C              ; 25     a = d;
 6869 296C 7A           	ld a, d
 6870 296D              ; 26     ButtonShadowViewDX = a;
 6871 296D 32 FE 29     	ld (buttonshadowviewdx), a
 6872 2970              ; 27     a = e;
 6873 2970 7B           	ld a, e
 6874 2971              ; 28     ButtonShadowViewDY = a;
 6875 2971 32 FF 29     	ld (buttonshadowviewdy), a
 6876 2974              ; 29
 6877 2974              ; 30     ButtonShadowViewShowTitleBC();
 6878 2974 CD B8 29     	call buttonshadowviewshowtitlebc
 6879 2977              ; 31
 6880 2977              ; 32     c = (a = ButtonShadowViewColor);
 6881 2977 3A 00 2A     	ld a, (buttonshadowviewcolor)
 6882 297A 4F           	ld c, a
 6883 297B              ; 33     l = (a = ButtonShadowViewX);
 6884 297B 3A FC 29     	ld a, (buttonshadowviewx)
 6885 297E 6F           	ld l, a
 6886 297F              ; 34     h = (a = ButtonShadowViewY);
 6887 297F 3A FD 29     	ld a, (buttonshadowviewy)
 6888 2982 67           	ld h, a
 6889 2983              ; 35     e = (a = ButtonShadowViewDX);
 6890 2983 3A FE 29     	ld a, (buttonshadowviewdx)
 6891 2986 5F           	ld e, a
 6892 2987              ; 36     d = (a = ButtonShadowViewDY);
 6893 2987 3A FF 29     	ld a, (buttonshadowviewdy)
 6894 298A 57           	ld d, a
 6895 298B              ; 37     MyViewChangeBoxColor();
 6896 298B C3 48 11     	jp myviewchangeboxcolor
 6897 298E              ; 38 }
 6898 298E              ; 39
 6899 298E              ; 40 /// Закраска кнопки
 6900 298E              ; 41 /// 0 - прямой
 6901 298E              ; 42 /// 1 - инверсный
 6902 298E              ; 43 void ButtonShadowViewSelectA() {
 6903 298E              buttonshadowviewselecta:
 6904 298E              ; 44     push_pop(bc, de, hl) {
 6905 298E C5           	push bc
 6906 298F D5           	push de
 6907 2990 E5           	push hl
 6908 2991              ; 45         b = a;
 6909 2991 47           	ld b, a
 6910 2992              ; 46         l = (a = ButtonShadowViewX);
 6911 2992 3A FC 29     	ld a, (buttonshadowviewx)
 6912 2995 6F           	ld l, a
 6913 2996              ; 47         h = (a = ButtonShadowViewY);
 6914 2996 3A FD 29     	ld a, (buttonshadowviewy)
 6915 2999 67           	ld h, a
 6916 299A              ; 48         e = (a = ButtonShadowViewDX);
 6917 299A 3A FE 29     	ld a, (buttonshadowviewdx)
 6918 299D 5F           	ld e, a
 6919 299E              ; 49         d = (a = ButtonShadowViewDY);
 6920 299E 3A FF 29     	ld a, (buttonshadowviewdy)
 6921 29A1 57           	ld d, a
 6922 29A2              ; 50         //--------
 6923 29A2              ; 51         if ((a = b) == 0) {
 6924 29A2 78           	ld a, b
 6925 29A3 B7           	or a
 6926 29A4 C2 AD 29     	jp nz, __l_441
 6927 29A7              ; 52             a = ButtonShadowViewColor;
 6928 29A7 3A 00 2A     	ld a, (buttonshadowviewcolor)
 6929 29AA C3 B0 29     	jp __l_442
 6930 29AD              __l_441:
 6931 29AD              ; 53         } else {
 6932 29AD              ; 54             a = ButtonShadowViewInvColor;
 6933 29AD 3A 01 2A     	ld a, (buttonshadowviewinvcolor)
 6934 29B0              __l_442:
 6935 29B0              ; 55         }
 6936 29B0              ; 56         c = a;
 6937 29B0 4F           	ld c, a
 6938 29B1              ; 57         //----
 6939 29B1              ; 58         MyViewChangeBoxColor();
 6940 29B1 CD 48 11     	call myviewchangeboxcolor
 6941 29B4 E1           	pop hl
 6942 29B5 D1           	pop de
 6943 29B6 C1           	pop bc
 6944 29B7 C9           	ret
 6945 29B8              ; 59     }
 6946 29B8              ; 60 }
 6947 29B8              ; 61
 6948 29B8              ; 62 void ButtonShadowViewShowTitleBC() {
 6949 29B8              buttonshadowviewshowtitlebc:
 6950 29B8              ; 63     push_pop(hl, de, bc) {
 6951 29B8 E5           	push hl
 6952 29B9 D5           	push de
 6953 29BA C5           	push bc
 6954 29BB              ; 64         hl = ButtonShadowViewTitlePoint;
 6955 29BB 2A 02 2A     	ld hl, (buttonshadowviewtitlepoint)
 6956 29BE              ; 65         b = 0;
 6957 29BE 06 00        	ld b, 0
 6958 29C0              ; 66         a = ButtonShadowViewDX;
 6959 29C0 3A FE 29     	ld a, (buttonshadowviewdx)
 6960 29C3              ; 67         c = a;
 6961 29C3 4F           	ld c, a
 6962 29C4              ; 68         do {
 6963 29C4              __l_443:
 6964 29C4              ; 69             a = *hl;
 6965 29C4 7E           	ld a, (hl)
 6966 29C5              ; 70             d = a;
 6967 29C5 57           	ld d, a
 6968 29C6              ; 71             hl++;
 6969 29C6 23           	inc hl
 6970 29C7              ; 72             if (a > 0) {
 6971 29C7 B7           	or a
 6972 29C8 CA CC 29     	jp z, __l_446
 6973 29CB              ; 73                 b++;
 6974 29CB 04           	inc b
 6975 29CC              __l_446:
 6976 29CC              ; 74             }
 6977 29CC              ; 75             if ((a = b) >= c) {
 6978 29CC 78           	ld a, b
 6979 29CD B9           	cp c
 6980 29CE DA D3 29     	jp c, __l_448
 6981 29D1              ; 76                 d = 0;
 6982 29D1 16 00        	ld d, 0
 6983 29D3              __l_448:
 6984 29D3              __l_444:
 6985 29D3              ; 77             }
 6986 29D3              ; 78         } while ((a = d) > 0);
 6987 29D3 7A           	ld a, d
 6988 29D4 B7           	or a
 6989 29D5 C2 C4 29     	jp nz, __l_443
 6990 29D8              ; 79         a = ButtonShadowViewDX;
 6991 29D8 3A FE 29     	ld a, (buttonshadowviewdx)
 6992 29DB              ; 80         a -= b;
 6993 29DB 90           	sub b
 6994 29DC              ; 81         a &= 0xFE;
 6995 29DC E6 FE        	and 254
 6996 29DE              ; 82         cyclic_rotate_right(a, 1);
 6997 29DE 0F           	rrca
 6998 29DF              ; 83         b = a;
 6999 29DF 47           	ld b, a
 7000 29E0              ; 84         a = ButtonShadowViewX;
 7001 29E0 3A FC 29     	ld a, (buttonshadowviewx)
 7002 29E3              ; 85         a += b;
 7003 29E3 80           	add b
 7004 29E4              ; 86         l = a;
 7005 29E4 6F           	ld l, a
 7006 29E5              ; 87         a = ButtonShadowViewY;
 7007 29E5 3A FD 29     	ld a, (buttonshadowviewy)
 7008 29E8              ; 88         a += 1;
 7009 29E8 C6 01        	add 1
 7010 29EA              ; 89         h = a;
 7011 29EA 67           	ld h, a
 7012 29EB              ; 90         bios(a = biosSetPositionCursoreHL);
 7013 29EB 3E 1C        	ld a, 28
 7014 29ED CD 00 F0     	call bios
 7015 29F0              ; 91         bios(a = biosPrintMessageHL, hl = ButtonShadowViewTitlePoint);
 7016 29F0 3E 02        	ld a, 2
 7017 29F2 2A 02 2A     	ld hl, (buttonshadowviewtitlepoint)
 7018 29F5 CD 00 F0     	call bios
 7019 29F8 C1           	pop bc
 7020 29F9 D1           	pop de
 7021 29FA E1           	pop hl
 7022 29FB C9           	ret
 7023 29FC              ; 92     }
 7024 29FC              ; 93 }
 7025 29FC              ; 94
 7026 29FC              ; 95 uint8_t ButtonShadowViewX = 0;
 7027 29FC              buttonshadowviewx:
 7028 29FC 00           	db 0
 7029 29FD              ; 96 uint8_t ButtonShadowViewY = 0;
 7030 29FD              buttonshadowviewy:
 7031 29FD 00           	db 0
 7032 29FE              ; 97 uint8_t ButtonShadowViewDX = 0;
 7033 29FE              buttonshadowviewdx:
 7034 29FE 00           	db 0
 7035 29FF              ; 98 uint8_t ButtonShadowViewDY = 0;
 7036 29FF              buttonshadowviewdy:
 7037 29FF 00           	db 0
 7038 2A00              ; 100 uint8_t ButtonShadowViewColor = 0xF7;
 7039 2A00              buttonshadowviewcolor:
 7040 2A00 F7           	db 247
 7041 2A01              ; 101 uint8_t ButtonShadowViewInvColor = 0xE2; //0xE6
 7042 2A01              buttonshadowviewinvcolor:
 7043 2A01 E2           	db 226
 7044 2A02              ; 102 uint16_t ButtonShadowViewTitlePoint = 0x0000;
 7045 2A02              buttonshadowviewtitlepoint:
 7046 2A02 00 00        	dw 0
 7047 2A04              ; 18 void EditFieldViewShow() {
 7048 2A04              editfieldviewshow:
 7049 2A04              ; 19     CurrentViewChangeAndPushIdA(a = EditFieldViewId);
 7050 2A04 3E 06        	ld a, 6
 7051 2A06 CD 16 24     	call currentviewchangeandpushida
 7052 2A09              ; 20     //-- clear
 7053 2A09              ; 21     a = 0;
 7054 2A09 3E 00        	ld a, 0
 7055 2A0B              ; 22     EditFieldViewTextIsChanged = a;
 7056 2A0B 32 80 2B     	ld (editfieldviewtextischanged), a
 7057 2A0E              ; 23     //-- Save
 7058 2A0E              ; 24     EditFieldViewX = (a = l);
 7059 2A0E 7D           	ld a, l
 7060 2A0F 32 68 2B     	ld (editfieldviewx), a
 7061 2A12              ; 25     EditFieldViewY = (a = h);
 7062 2A12 7C           	ld a, h
 7063 2A13 32 69 2B     	ld (editfieldviewy), a
 7064 2A16              ; 26     EditFieldViewDX = (a = e);
 7065 2A16 7B           	ld a, e
 7066 2A17 32 6A 2B     	ld (editfieldviewdx), a
 7067 2A1A              ; 27     EditFieldViewDY = (a = d);
 7068 2A1A 7A           	ld a, d
 7069 2A1B 32 6B 2B     	ld (editfieldviewdy), a
 7070 2A1E              ; 28     //--
 7071 2A1E              ; 29     push_pop(bc) {
 7072 2A1E C5           	push bc
 7073 2A1F              ; 30         a = EditFieldViewColor;
 7074 2A1F 3A 6C 2B     	ld a, (editfieldviewcolor)
 7075 2A22              ; 31         c = a;
 7076 2A22 4F           	ld c, a
 7077 2A23              ; 32         // A
 7078 2A23              ; 33         MyViewChangeBoxColor();
 7079 2A23 CD 48 11     	call myviewchangeboxcolor
 7080 2A26 C1           	pop bc
 7081 2A27              ; 34     }
 7082 2A27              ; 35     // Save text point
 7083 2A27              ; 36     h = b;
 7084 2A27 60           	ld h, b
 7085 2A28              ; 37     l = c;
 7086 2A28 69           	ld l, c
 7087 2A29              ; 38     EditFieldViewTextPoint = hl;
 7088 2A29 22 6D 2B     	ld (editfieldviewtextpoint), hl
 7089 2A2C              ; 39     //-- Copy text to edit
 7090 2A2C              ; 40     EditFieldViewTextCopy();
 7091 2A2C CD F4 2A     	call editfieldviewtextcopy
 7092 2A2F              ; 41     //--
 7093 2A2F              ; 42     EditFieldViewShowTextValue();
 7094 2A2F CD A7 2A     	call editfieldviewshowtextvalue
 7095 2A32              ; 43     //--
 7096 2A32              ; 44     EditFieldViewLoopKey();
 7097 2A32 C3 3C 2A     	jp editfieldviewloopkey
 7098 2A35              ; 45 }
 7099 2A35              ; 46
 7100 2A35              ; 47 void EditFieldViewClose() {
 7101 2A35              editfieldviewclose:
 7102 2A35              ; 48     //vboxClose();
 7103 2A35              ; 49     CurrentViewReturn();
 7104 2A35 CD 0D 25     	call currentviewreturn
 7105 2A38              ; 50     a = EditFieldViewTextIsChanged;
 7106 2A38 3A 80 2B     	ld a, (editfieldviewtextischanged)
 7107 2A3B C9           	ret
 7108 2A3C              ; 51 }
 7109 2A3C              ; 52
 7110 2A3C              ; 53 void EditFieldViewLoopKey() {
 7111 2A3C              editfieldviewloopkey:
 7112 2A3C              ; 54     push_pop(bc, de) {
 7113 2A3C C5           	push bc
 7114 2A3D D5           	push de
 7115 2A3E              ; 55         b = 0;
 7116 2A3E 06 00        	ld b, 0
 7117 2A40              ; 56         do {
 7118 2A40              __l_450:
 7119 2A40              ; 57             getKeyboardCharA();
 7120 2A40 CD 03 F8     	call getkeyboardchara
 7121 2A43              ; 58             c = a;
 7122 2A43 4F           	ld c, a
 7123 2A44              ; 59             if ((a = c) == 0x1B) { //ESC выход
 7124 2A44 79           	ld a, c
 7125 2A45 FE 1B        	cp 27
 7126 2A47 C2 4F 2A     	jp nz, __l_453
 7127 2A4A              ; 60                 b = 1;
 7128 2A4A 06 01        	ld b, 1
 7129 2A4C C3 9D 2A     	jp __l_454
 7130 2A4F              __l_453:
 7131 2A4F              ; 61             } else if ((a = c) == 0x7F) { //Забой... (удаление символа)
 7132 2A4F 79           	ld a, c
 7133 2A50 FE 7F        	cp 127
 7134 2A52 C2 66 2A     	jp nz, __l_455
 7135 2A55              ; 62                 a = EditFieldViewEditTextPos;
 7136 2A55 3A 7F 2B     	ld a, (editfieldviewedittextpos)
 7137 2A58              ; 63                 if (a > 0) {
 7138 2A58 B7           	or a
 7139 2A59 CA 60 2A     	jp z, __l_457
 7140 2A5C              ; 64                     a--;
 7141 2A5C 3D           	dec a
 7142 2A5D              ; 65                     EditFieldViewEditTextPos = a;
 7143 2A5D 32 7F 2B     	ld (editfieldviewedittextpos), a
 7144 2A60              __l_457:
 7145 2A60              ; 66                 }
 7146 2A60              ; 67                 EditFieldViewShowTextValue();
 7147 2A60 CD A7 2A     	call editfieldviewshowtextvalue
 7148 2A63 C3 9D 2A     	jp __l_456
 7149 2A66              __l_455:
 7150 2A66              ; 68             } else if ((a = c) == 0x0D) { // Сохранить и выйти из редактирования
 7151 2A66 79           	ld a, c
 7152 2A67 FE 0D        	cp 13
 7153 2A69 C2 79 2A     	jp nz, __l_459
 7154 2A6C              ; 69                 a = 1;
 7155 2A6C 3E 01        	ld a, 1
 7156 2A6E              ; 70                 EditFieldViewTextIsChanged = a;
 7157 2A6E 32 80 2B     	ld (editfieldviewtextischanged), a
 7158 2A71              ; 71                 EditFieldViewTextSave();
 7159 2A71 CD 1D 2B     	call editfieldviewtextsave
 7160 2A74              ; 72                 b = 1;
 7161 2A74 06 01        	ld b, 1
 7162 2A76 C3 9D 2A     	jp __l_460
 7163 2A79              __l_459:
 7164 2A79              ; 73             } else if ((a = c) < 0x20) { // ничего не делаем
 7165 2A79 79           	ld a, c
 7166 2A7A FE 20        	cp 32
 7167 2A7C D2 82 2A     	jp nc, __l_461
 7168 2A7F C3 9D 2A     	jp __l_462
 7169 2A82              __l_461:
 7170 2A82              ; 74
 7171 2A82              ; 75             } else {
 7172 2A82              ; 76                 a = EditFieldViewEditTextPos;
 7173 2A82 3A 7F 2B     	ld a, (editfieldviewedittextpos)
 7174 2A85              ; 77                 if (a < 15) {
 7175 2A85 FE 0F        	cp 15
 7176 2A87 D2 9D 2A     	jp nc, __l_463
 7177 2A8A              ; 78                     d = 0;
 7178 2A8A 16 00        	ld d, 0
 7179 2A8C              ; 79                     e = a;
 7180 2A8C 5F           	ld e, a
 7181 2A8D              ; 80                     hl = EditFieldViewEditText;
 7182 2A8D 21 6F 2B     	ld hl, editfieldviewedittext
 7183 2A90              ; 81                     hl += de;
 7184 2A90 19           	add hl, de
 7185 2A91              ; 82                     a = c;
 7186 2A91 79           	ld a, c
 7187 2A92              ; 83                     //convertKeyToMyFontA(); // перевести данные
 7188 2A92              ; 84                     *hl = a;
 7189 2A92 77           	ld (hl), a
 7190 2A93              ; 85                     //--
 7191 2A93              ; 86                     a = EditFieldViewEditTextPos;
 7192 2A93 3A 7F 2B     	ld a, (editfieldviewedittextpos)
 7193 2A96              ; 87                     a++;
 7194 2A96 3C           	inc a
 7195 2A97              ; 88                     EditFieldViewEditTextPos = a;
 7196 2A97 32 7F 2B     	ld (editfieldviewedittextpos), a
 7197 2A9A              ; 89                     //--
 7198 2A9A              ; 90                     EditFieldViewShowTextValue();
 7199 2A9A CD A7 2A     	call editfieldviewshowtextvalue
 7200 2A9D              __l_463:
 7201 2A9D              __l_462:
 7202 2A9D              __l_460:
 7203 2A9D              __l_456:
 7204 2A9D              __l_454:
 7205 2A9D              __l_451:
 7206 2A9D              ; 91                 }
 7207 2A9D              ; 92             }
 7208 2A9D              ; 93         } while ((a = b) == 0);
 7209 2A9D 78           	ld a, b
 7210 2A9E B7           	or a
 7211 2A9F CA 40 2A     	jp z, __l_450
 7212 2AA2 D1           	pop de
 7213 2AA3 C1           	pop bc
 7214 2AA4              ; 94     }
 7215 2AA4              ; 95     EditFieldViewClose();
 7216 2AA4 C3 35 2A     	jp editfieldviewclose
 7217 2AA7              ; 96 }
 7218 2AA7              ; 97
 7219 2AA7              ; 98 void EditFieldViewShowTextValue() {
 7220 2AA7              editfieldviewshowtextvalue:
 7221 2AA7              ; 99     //EditFieldViewSetCursore();
 7222 2AA7              ; 100     push_pop(bc, hl) {
 7223 2AA7 C5           	push bc
 7224 2AA8 E5           	push hl
 7225 2AA9              ; 101         //-- Set color
 7226 2AA9              ; 102         bios(c = (a = EditFieldViewColor), a = biosSetColorC);
 7227 2AA9 3A 6C 2B     	ld a, (editfieldviewcolor)
 7228 2AAC 4F           	ld c, a
 7229 2AAD 3E 12        	ld a, 18
 7230 2AAF CD 00 F0     	call bios
 7231 2AB2              ; 103         //-- POS
 7232 2AB2              ; 104         a = EditFieldViewX;
 7233 2AB2 3A 68 2B     	ld a, (editfieldviewx)
 7234 2AB5              ; 105         a += 1;
 7235 2AB5 C6 01        	add 1
 7236 2AB7              ; 106         l = a;
 7237 2AB7 6F           	ld l, a
 7238 2AB8              ; 107         a = EditFieldViewY;
 7239 2AB8 3A 69 2B     	ld a, (editfieldviewy)
 7240 2ABB              ; 108         h = a;
 7241 2ABB 67           	ld h, a
 7242 2ABC              ; 109         bios(a = biosSetPositionCursoreHL);
 7243 2ABC 3E 1C        	ld a, 28
 7244 2ABE CD 00 F0     	call bios
 7245 2AC1              ; 110         //--
 7246 2AC1              ; 111         a = EditFieldViewEditTextPos;
 7247 2AC1 3A 7F 2B     	ld a, (editfieldviewedittextpos)
 7248 2AC4              ; 112         b = a;
 7249 2AC4 47           	ld b, a
 7250 2AC5              ; 113         c = a;
 7251 2AC5 4F           	ld c, a
 7252 2AC6              ; 114         hl = EditFieldViewEditText;
 7253 2AC6 21 6F 2B     	ld hl, editfieldviewedittext
 7254 2AC9              ; 115         if ((a = b) > 0) {
 7255 2AC9 78           	ld a, b
 7256 2ACA B7           	or a
 7257 2ACB CA DE 2A     	jp z, __l_465
 7258 2ACE              ; 116             do {
 7259 2ACE              __l_467:
 7260 2ACE              ; 117                 push_pop(bc) {
 7261 2ACE C5           	push bc
 7262 2ACF              ; 118                     bios(c = (a = *hl) ,a = biosPrintC);
 7263 2ACF 7E           	ld a, (hl)
 7264 2AD0 4F           	ld c, a
 7265 2AD1 3E 00        	ld a, 0
 7266 2AD3 CD 00 F0     	call bios
 7267 2AD6 C1           	pop bc
 7268 2AD7              ; 119                 }
 7269 2AD7              ; 120                 hl++;
 7270 2AD7 23           	inc hl
 7271 2AD8              ; 121                 c--;
 7272 2AD8 0D           	dec c
 7273 2AD9              __l_468:
 7274 2AD9              ; 122             } while ((a = c) > 0);
 7275 2AD9 79           	ld a, c
 7276 2ADA B7           	or a
 7277 2ADB C2 CE 2A     	jp nz, __l_467
 7278 2ADE              __l_465:
 7279 2ADE              ; 123         }
 7280 2ADE              ; 124         // Clear
 7281 2ADE              ; 125         a = 16; // Max char array
 7282 2ADE 3E 10        	ld a, 16
 7283 2AE0              ; 126         a -= b;
 7284 2AE0 90           	sub b
 7285 2AE1              ; 127         c = a;
 7286 2AE1 4F           	ld c, a
 7287 2AE2              ; 128         do {
 7288 2AE2              __l_470:
 7289 2AE2              ; 129             push_pop(bc) {
 7290 2AE2 C5           	push bc
 7291 2AE3              ; 130                 bios(c = ' ' ,a = biosPrintC);
 7292 2AE3 0E 20        	ld c, 32
 7293 2AE5 3E 00        	ld a, 0
 7294 2AE7 CD 00 F0     	call bios
 7295 2AEA C1           	pop bc
 7296 2AEB              ; 131             }
 7297 2AEB              ; 132             c--;
 7298 2AEB 0D           	dec c
 7299 2AEC              __l_471:
 7300 2AEC              ; 133         } while ((a = c) > 0);
 7301 2AEC 79           	ld a, c
 7302 2AED B7           	or a
 7303 2AEE C2 E2 2A     	jp nz, __l_470
 7304 2AF1 E1           	pop hl
 7305 2AF2 C1           	pop bc
 7306 2AF3 C9           	ret
 7307 2AF4              ; 134
 7308 2AF4              ; 135     }
 7309 2AF4              ; 136 }
 7310 2AF4              ; 137
 7311 2AF4              ; 138 void EditFieldViewTextCopy() {
 7312 2AF4              editfieldviewtextcopy:
 7313 2AF4              ; 139     push_pop(bc, de, hl) {
 7314 2AF4 C5           	push bc
 7315 2AF5 D5           	push de
 7316 2AF6 E5           	push hl
 7317 2AF7              ; 140         hl = EditFieldViewTextPoint;
 7318 2AF7 2A 6D 2B     	ld hl, (editfieldviewtextpoint)
 7319 2AFA              ; 141         de = EditFieldViewEditText;
 7320 2AFA 11 6F 2B     	ld de, editfieldviewedittext
 7321 2AFD              ; 142         c = 1;
 7322 2AFD 0E 01        	ld c, 1
 7323 2AFF              ; 143         b = 0;
 7324 2AFF 06 00        	ld b, 0
 7325 2B01              ; 144         do {
 7326 2B01              __l_473:
 7327 2B01              ; 145             a = *hl;
 7328 2B01 7E           	ld a, (hl)
 7329 2B02              ; 146             if (a > 0) {
 7330 2B02 B7           	or a
 7331 2B03 CA 0D 2B     	jp z, __l_476
 7332 2B06              ; 147                 b++;
 7333 2B06 04           	inc b
 7334 2B07              ; 148                 *de = a;
 7335 2B07 12           	ld (de), a
 7336 2B08              ; 149                 hl++;
 7337 2B08 23           	inc hl
 7338 2B09              ; 150                 de++;
 7339 2B09 13           	inc de
 7340 2B0A C3 13 2B     	jp __l_477
 7341 2B0D              __l_476:
 7342 2B0D              ; 151             } else {
 7343 2B0D              ; 152                 a = b;
 7344 2B0D 78           	ld a, b
 7345 2B0E              ; 153                 EditFieldViewEditTextPos = a;
 7346 2B0E 32 7F 2B     	ld (editfieldviewedittextpos), a
 7347 2B11              ; 154                 c = 0;
 7348 2B11 0E 00        	ld c, 0
 7349 2B13              __l_477:
 7350 2B13              __l_474:
 7351 2B13              ; 155             }
 7352 2B13              ; 156         } while ((a = c) == 1);
 7353 2B13 79           	ld a, c
 7354 2B14 FE 01        	cp 1
 7355 2B16 CA 01 2B     	jp z, __l_473
 7356 2B19 E1           	pop hl
 7357 2B1A D1           	pop de
 7358 2B1B C1           	pop bc
 7359 2B1C C9           	ret
 7360 2B1D              ; 157     }
 7361 2B1D              ; 158 }
 7362 2B1D              ; 159
 7363 2B1D              ; 160 void EditFieldViewTextSave() {
 7364 2B1D              editfieldviewtextsave:
 7365 2B1D              ; 161     a = EditFieldViewEditTextPos;
 7366 2B1D 3A 7F 2B     	ld a, (editfieldviewedittextpos)
 7367 2B20              ; 162     if (a == 0) {
 7368 2B20 B7           	or a
 7369 2B21 C2 2E 2B     	jp nz, __l_478
 7370 2B24              ; 163         push_pop(hl) {
 7371 2B24 E5           	push hl
 7372 2B25              ; 164             hl = EditFieldViewTextPoint;
 7373 2B25 2A 6D 2B     	ld hl, (editfieldviewtextpoint)
 7374 2B28              ; 165             *hl = 0;
 7375 2B28 36 00        	ld (hl), 0
 7376 2B2A E1           	pop hl
 7377 2B2B C3 47 2B     	jp __l_479
 7378 2B2E              __l_478:
 7379 2B2E              ; 166         }
 7380 2B2E              ; 167     } else {
 7381 2B2E              ; 168         push_pop(bc, de, hl) {
 7382 2B2E C5           	push bc
 7383 2B2F D5           	push de
 7384 2B30 E5           	push hl
 7385 2B31              ; 169             b = a;
 7386 2B31 47           	ld b, a
 7387 2B32              ; 170             de = EditFieldViewEditText;
 7388 2B32 11 6F 2B     	ld de, editfieldviewedittext
 7389 2B35              ; 171             hl = EditFieldViewTextPoint;
 7390 2B35 2A 6D 2B     	ld hl, (editfieldviewtextpoint)
 7391 2B38              ; 172             do {
 7392 2B38              __l_480:
 7393 2B38              ; 173                 a = *de;
 7394 2B38 1A           	ld a, (de)
 7395 2B39              ; 174                 *hl = a;
 7396 2B39 77           	ld (hl), a
 7397 2B3A              ; 175                 hl++;
 7398 2B3A 23           	inc hl
 7399 2B3B              ; 176                 de++;
 7400 2B3B 13           	inc de
 7401 2B3C              ; 177                 b--;
 7402 2B3C 05           	dec b
 7403 2B3D              __l_481:
 7404 2B3D              ; 178             } while ((a = b) > 0);
 7405 2B3D 78           	ld a, b
 7406 2B3E B7           	or a
 7407 2B3F C2 38 2B     	jp nz, __l_480
 7408 2B42              ; 179             *hl = 0;
 7409 2B42 36 00        	ld (hl), 0
 7410 2B44 E1           	pop hl
 7411 2B45 D1           	pop de
 7412 2B46 C1           	pop bc
 7413 2B47              __l_479:
 7414 2B47 C9           	ret
 7415 2B48              ; 180         }
 7416 2B48              ; 181     }
 7417 2B48              ; 182 }
 7418 2B48              ; 183
 7419 2B48              ; 184 void EditFieldViewSetCursore() {
 7420 2B48              editfieldviewsetcursore:
 7421 2B48              ; 185     push_pop(hl, a, bc) {
 7422 2B48 E5           	push hl
 7423 2B49 F5           	push af
 7424 2B4A C5           	push bc
 7425 2B4B              ; 186         h = (a = EditFieldViewY);
 7426 2B4B 3A 69 2B     	ld a, (editfieldviewy)
 7427 2B4E 67           	ld h, a
 7428 2B4F              ; 187         l = (a = EditFieldViewEditTextPos);
 7429 2B4F 3A 7F 2B     	ld a, (editfieldviewedittextpos)
 7430 2B52 6F           	ld l, a
 7431 2B53              ; 188         a = EditFieldViewX;
 7432 2B53 3A 68 2B     	ld a, (editfieldviewx)
 7433 2B56              ; 189         a += l;
 7434 2B56 85           	add l
 7435 2B57              ; 190         l = a;
 7436 2B57 6F           	ld l, a
 7437 2B58              ; 191         bios(a = biosSetPositionCursoreHL);
 7438 2B58 3E 1C        	ld a, 28
 7439 2B5A CD 00 F0     	call bios
 7440 2B5D              ; 192         bios(a = biosCursorShowC, c = '_');
 7441 2B5D 3E 0A        	ld a, 10
 7442 2B5F 0E 5F        	ld c, 95
 7443 2B61 CD 00 F0     	call bios
 7444 2B64 C1           	pop bc
 7445 2B65 F1           	pop af
 7446 2B66 E1           	pop hl
 7447 2B67 C9           	ret
 7448 2B68              ; 193     }
 7449 2B68              ; 194 }
 7450 2B68              ; 195
 7451 2B68              ; 196 uint8_t EditFieldViewX = 0;
 7452 2B68              editfieldviewx:
 7453 2B68 00           	db 0
 7454 2B69              ; 197 uint8_t EditFieldViewY = 0;
 7455 2B69              editfieldviewy:
 7456 2B69 00           	db 0
 7457 2B6A              ; 198 uint8_t EditFieldViewDX = 0;
 7458 2B6A              editfieldviewdx:
 7459 2B6A 00           	db 0
 7460 2B6B              ; 199 uint8_t EditFieldViewDY = 0;
 7461 2B6B              editfieldviewdy:
 7462 2B6B 00           	db 0
 7463 2B6C              ; 200 uint8_t EditFieldViewColor = 0xA0; //0xF0;
 7464 2B6C              editfieldviewcolor:
 7465 2B6C A0           	db 160
 7466 2B6D              ; 202 uint16_t EditFieldViewTextPoint = 0;
 7467 2B6D              editfieldviewtextpoint:
 7468 2B6D 00 00        	dw 0
 7469 2B6F              ; 203 uint8_t EditFieldViewEditText[16];
 7470 2B6F              editfieldviewedittext:
 7471 2B6F 00 00 00...  	ds 16
 7472 2B7F              ; 204 uint8_t EditFieldViewEditTextPos = 0;
 7473 2B7F              editfieldviewedittextpos:
 7474 2B7F 00           	db 0
 7475 2B80              ; 206 uint8_t EditFieldViewTextIsChanged = 0;
 7476 2B80              editfieldviewtextischanged:
 7477 2B80 00           	db 0
 7478 2B81              ; 11 void i8255Init() {
 7479 2B81              i8255init:
 7480 2B81 C9           	ret
 7481 2B82              ; 12
 7482 2B82              ; 13 }
 7483 2B82              ; 14
 7484 2B82              ; 15 void i8255PortAOut() {
 7485 2B82              i8255portaout:
 7486 2B82              ; 16     a = i8255SETUPPortAOut;
 7487 2B82 3E 81        	ld a, 129
 7488 2B84              ; 17     i8255_SETUP = a;
 7489 2B84 32 03 F6     	ld (i8255_setup), a
 7490 2B87 C9           	ret
 7491 2B88              ; 18 }
 7492 2B88              ; 19
 7493 2B88              ; 20 void i8255_WaitingForReady() {
 7494 2B88              i8255_waitingforready:
 7495 2B88              ; 21     push_pop(bc) {
 7496 2B88 C5           	push bc
 7497 2B89              ; 22         b = 0;
 7498 2B89 06 00        	ld b, 0
 7499 2B8B              ; 23         do {
 7500 2B8B              __l_483:
 7501 2B8B              ; 24             a = i8255_PORT_C;
 7502 2B8B 3A 02 F6     	ld a, (i8255_port_c)
 7503 2B8E              ; 25             a &= ESP_Reg_Ready;
 7504 2B8E E6 02        	and 2
 7505 2B90              ; 26             c = a;
 7506 2B90 4F           	ld c, a
 7507 2B91              __l_484:
 7508 2B91              ; 27             #ifdef _IS_ESP_DELAY
 7509 2B91              ; 28                 if ((a = c) == 0) {
 7510 2B91              ; 29                     i8255_DelayA(a = 10); //5 200
 7511 2B91              ; 30 //                    b++;
 7512 2B91              ; 31 //                    if ((a = b) >= 100) { //253
 7513 2B91              ; 32 //                        c = ESP_Reg_Ready;
 7514 2B91              ; 33 //                        a = ESPError_TimeOut;
 7515 2B91              ; 34 //                        ESPError = a;
 7516 2B91              ; 35 //                    }
 7517 2B91              ; 36                 }
 7518 2B91              ; 37             #endif
 7519 2B91              ; 38         } while ((a = c) == 0);
 7520 2B91 79           	ld a, c
 7521 2B92 B7           	or a
 7522 2B93 CA 8B 2B     	jp z, __l_483
 7523 2B96 C1           	pop bc
 7524 2B97 C9           	ret
 7525 2B98              ; 39     }
 7526 2B98              ; 40 }
 7527 2B98              ; 41
 7528 2B98              ; 42 /// Проверка что ESP занят
 7529 2B98              ; 43 void i8255_WaitingForBusy() {
 7530 2B98              i8255_waitingforbusy:
 7531 2B98              ; 44     do {
 7532 2B98              __l_486:
 7533 2B98              ; 45         a = i8255_PORT_C;
 7534 2B98 3A 02 F6     	ld a, (i8255_port_c)
 7535 2B9B              ; 46         a &= ESP_Reg_Busy;
 7536 2B9B E6 01        	and 1
 7537 2B9D              __l_487:
 7538 2B9D              ; 47     } while (a > 0);
 7539 2B9D B7           	or a
 7540 2B9E C2 98 2B     	jp nz, __l_486
 7541 2BA1 C9           	ret
 7542 2BA2              ; 48 }
 7543 2BA2              ; 49
 7544 2BA2              ; 50 void i8255PortAIn() {
 7545 2BA2              i8255portain:
 7546 2BA2              ; 51     a = i8255SETUPPortAIn;
 7547 2BA2 3E 91        	ld a, 145
 7548 2BA4              ; 52     i8255_SETUP = a;
 7549 2BA4 32 03 F6     	ld (i8255_setup), a
 7550 2BA7 C9           	ret
 7551 2BA8              ; 53 }
 7552 2BA8              ; 54
 7553 2BA8              ; 55 /// Сигнал Clock
 7554 2BA8              ; 56 /// A include IsWrite, IsBegin, IsEnd
 7555 2BA8              ; 57 /// A = 1 - Write
 7556 2BA8              ; 58 void i8255_SckIsWriteA() {
 7557 2BA8              i8255_sckiswritea:
 7558 2BA8              ; 59     a |= ESP_Reg_Sck;
 7559 2BA8 F6 10        	or 16
 7560 2BAA              ; 60     i8255_PORT_C = a;
 7561 2BAA 32 02 F6     	ld (i8255_port_c), a
 7562 2BAD C9           	ret
 7563 2BAE              ; 61     #ifdef _IS_ESP_DELAY
 7564 2BAE              ; 62         i8255_DelayA(a = 10); //20 40
 7565 2BAE              ; 63     #endif
 7566 2BAE              ; 64 }
 7567 2BAE              ; 65
 7568 2BAE              ; 66 void i8255_Sck0() {
 7569 2BAE              i8255_sck0:
 7570 2BAE              ; 67     a = 0;
 7571 2BAE 3E 00        	ld a, 0
 7572 2BB0              ; 68     i8255_PORT_C = a;
 7573 2BB0 32 02 F6     	ld (i8255_port_c), a
 7574 2BB3 C9           	ret
 7575 2BB4              ; 69     #ifdef _IS_ESP_DELAY
 7576 2BB4              ; 70         i8255_DelayA(a = 10); //20 40
 7577 2BB4              ; 71     #endif
 7578 2BB4              ; 72 }
 7579 2BB4              ; 73
 7580 2BB4              ; 74 void i8255_DelayA() {
 7581 2BB4              i8255_delaya:
 7582 2BB4              ; 75     do {
 7583 2BB4              __l_489:
 7584 2BB4              ; 76         nop();
 7585 2BB4 00           	nop
 7586 2BB5              ; 77         a--;
 7587 2BB5 3D           	dec a
 7588 2BB6              __l_490:
 7589 2BB6              ; 78     } while (a > 0);
 7590 2BB6 B7           	or a
 7591 2BB7 C2 B4 2B     	jp nz, __l_489
 7592 2BBA C9           	ret
 7593 2BBB              ; 79 }
 7594 2BBB              ; 80
 7595 2BBB              ; 81 void i8255_ReadReg() {
 7596 2BBB              i8255_readreg:
 7597 2BBB              ; 82     a = i8255_PORT_C;
 7598 2BBB 3A 02 F6     	ld a, (i8255_port_c)
 7599 2BBE C9           	ret
 7600 2BBF              ; 83 }
 7601 2BBF              ; 84
 7602 2BBF              ; 85 void i8255_ReadData() {
 7603 2BBF              i8255_readdata:
 7604 2BBF              ; 86     a = i8255_PORT_A;
 7605 2BBF 3A 00 F6     	ld a, (i8255_port_a)
 7606 2BC2 C9           	ret
 7607 2BC3              ; 87 }
 7608 2BC3              ; 88
 7609 2BC3              ; 89 void i8255_WriteData() {
 7610 2BC3              i8255_writedata:
 7611 2BC3              ; 90     i8255_PORT_A = a;
 7612 2BC3 32 00 F6     	ld (i8255_port_a), a
 7613 2BC6 C9           	ret
 7614 2BC7              ; 91 }
 7615 2BC7              ; 92
 7616 2BC7              ; 93 uint8_t i8255_PortA_IsOut = 1;
 7617 2BC7              i8255_porta_isout:
 7618 2BC7 01           	db 1
 7619 2BC8              ; 12 void ESPSendByteAC() {
 7620 2BC8              espsendbyteac:
 7621 2BC8              ; 13     push_pop(bc) {
 7622 2BC8 C5           	push bc
 7623 2BC9              ; 14         b = a;
 7624 2BC9 47           	ld b, a
 7625 2BCA              ; 15         // Проверим - не занят ли ESP
 7626 2BCA              ; 16         i8255_WaitingForBusy();
 7627 2BCA CD 98 2B     	call i8255_waitingforbusy
 7628 2BCD              ; 17         // A на выход
 7629 2BCD              ; 18         i8255PortAOut();
 7630 2BCD CD 82 2B     	call i8255portaout
 7631 2BD0              ; 19         // Установить A в порт A
 7632 2BD0              ; 20         i8255_WriteData(a = b);
 7633 2BD0 78           	ld a, b
 7634 2BD1 CD C3 2B     	call i8255_writedata
 7635 2BD4              ; 21         // Послать сигнал что данные готовы
 7636 2BD4              ; 22         a = ESP_Reg_IsWrite;
 7637 2BD4 3E 20        	ld a, 32
 7638 2BD6              ; 23         a |= c;
 7639 2BD6 B1           	or c
 7640 2BD7              ; 24         i8255_SckIsWriteA();
 7641 2BD7 CD A8 2B     	call i8255_sckiswritea
 7642 2BDA              ; 25         // Ждем подтверждения
 7643 2BDA              ; 26         i8255_WaitingForReady();
 7644 2BDA CD 88 2B     	call i8255_waitingforready
 7645 2BDD              ; 27         //
 7646 2BDD              ; 28         i8255_Sck0();
 7647 2BDD CD AE 2B     	call i8255_sck0
 7648 2BE0 C1           	pop bc
 7649 2BE1 C9           	ret
 7650 2BE2              ; 29     }
 7651 2BE2              ; 30 }
 7652 2BE2              ; 31
 7653 2BE2              ; 32 /// A - Data
 7654 2BE2              ; 33 /// D - Register
 7655 2BE2              ; 34 void ESPGetByteAD() {
 7656 2BE2              espgetbytead:
 7657 2BE2              ; 35     push_pop(bc) {
 7658 2BE2 C5           	push bc
 7659 2BE3              ; 36         // Проверим - не занят ли ESP
 7660 2BE3              ; 37         i8255_WaitingForBusy();
 7661 2BE3 CD 98 2B     	call i8255_waitingforbusy
 7662 2BE6              ; 38         // A на вход
 7663 2BE6              ; 39         i8255PortAIn();
 7664 2BE6 CD A2 2B     	call i8255portain
 7665 2BE9              ; 40         // Послать сигнал что готовы к данным
 7666 2BE9              ; 41         i8255_SckIsWriteA(a = 0);
 7667 2BE9 3E 00        	ld a, 0
 7668 2BEB CD A8 2B     	call i8255_sckiswritea
 7669 2BEE              ; 42         // Ждем данные
 7670 2BEE              ; 43         i8255_WaitingForReady();
 7671 2BEE CD 88 2B     	call i8255_waitingforready
 7672 2BF1              ; 44         // Читаем данные
 7673 2BF1              ; 45         i8255_ReadData();
 7674 2BF1 CD BF 2B     	call i8255_readdata
 7675 2BF4              ; 46         b = a;
 7676 2BF4 47           	ld b, a
 7677 2BF5              ; 47         // Читаем регистр
 7678 2BF5              ; 48         i8255_ReadReg();
 7679 2BF5 CD BB 2B     	call i8255_readreg
 7680 2BF8              ; 49         d = a;
 7681 2BF8 57           	ld d, a
 7682 2BF9              ; 50         //
 7683 2BF9              ; 51         i8255_Sck0();
 7684 2BF9 CD AE 2B     	call i8255_sck0
 7685 2BFC              ; 52         //
 7686 2BFC              ; 53         a = b;
 7687 2BFC 78           	ld a, b
 7688 2BFD C1           	pop bc
 7689 2BFE C9           	ret
 7690 2BFF              ; 54     }
 7691 2BFF              ; 55 }
 7692 2BFF              ; 56
 7693 2BFF              ; 57 /// h = key
 7694 2BFF              ; 58 /// l = len buffer
 7695 2BFF              ; 59 void ESPSendHL() {
 7696 2BFF              espsendhl:
 7697 2BFF              ; 60     ESPErrorClear();
 7698 2BFF CD B0 2C     	call esperrorclear
 7699 2C02              ; 61     push_pop(bc, hl) {
 7700 2C02 C5           	push bc
 7701 2C03 E5           	push hl
 7702 2C04              ; 62         //-- Send Key
 7703 2C04              ; 63         c = ESP_Reg_IsBegin;
 7704 2C04 0E 40        	ld c, 64
 7705 2C06              ; 64         if ((a = l) == 0) {
 7706 2C06 7D           	ld a, l
 7707 2C07 B7           	or a
 7708 2C08 C2 0F 2C     	jp nz, __l_492
 7709 2C0B              ; 65             a = c;
 7710 2C0B 79           	ld a, c
 7711 2C0C              ; 66             a |= ESP_Reg_IsEnd;
 7712 2C0C F6 80        	or 128
 7713 2C0E              ; 67             c = a;
 7714 2C0E 4F           	ld c, a
 7715 2C0F              __l_492:
 7716 2C0F              ; 68         }
 7717 2C0F              ; 69         ESPSendByteAC(a = h);
 7718 2C0F 7C           	ld a, h
 7719 2C10 CD C8 2B     	call espsendbyteac
 7720 2C13              ; 70         if ((a = ESPError) == 0) { // Нет ошибок - продолжаем
 7721 2C13 3A B6 2C     	ld a, (esperror)
 7722 2C16 B7           	or a
 7723 2C17 C2 44 2C     	jp nz, __l_494
 7724 2C1A              ; 71             //-- Send Data
 7725 2C1A              ; 72             if ((a = l) > 0) {
 7726 2C1A 7D           	ld a, l
 7727 2C1B B7           	or a
 7728 2C1C CA 44 2C     	jp z, __l_496
 7729 2C1F              ; 73                 b = l;
 7730 2C1F 45           	ld b, l
 7731 2C20              ; 74                 hl = Net_buffer;
 7732 2C20 21 53 41     	ld hl, net_buffer
 7733 2C23              ; 75                 do {
 7734 2C23              __l_498:
 7735 2C23              ; 76                     if ((a = b) == 1) {
 7736 2C23 78           	ld a, b
 7737 2C24 FE 01        	cp 1
 7738 2C26 C2 2E 2C     	jp nz, __l_501
 7739 2C29              ; 77                         c = ESP_Reg_IsEnd;
 7740 2C29 0E 80        	ld c, 128
 7741 2C2B C3 30 2C     	jp __l_502
 7742 2C2E              __l_501:
 7743 2C2E              ; 78                     } else {
 7744 2C2E              ; 79                         c = 0;
 7745 2C2E 0E 00        	ld c, 0
 7746 2C30              __l_502:
 7747 2C30              ; 80                     }
 7748 2C30              ; 81                     ESPSendByteAC(a = *hl);
 7749 2C30 7E           	ld a, (hl)
 7750 2C31 CD C8 2B     	call espsendbyteac
 7751 2C34              ; 82                     if ((a = ESPError) > 0) { // Есть ошибки - выходим
 7752 2C34 3A B6 2C     	ld a, (esperror)
 7753 2C37 B7           	or a
 7754 2C38 CA 3D 2C     	jp z, __l_503
 7755 2C3B              ; 83                         b = 1;
 7756 2C3B 06 01        	ld b, 1
 7757 2C3D              __l_503:
 7758 2C3D              ; 84                     }
 7759 2C3D              ; 85                     hl++;
 7760 2C3D 23           	inc hl
 7761 2C3E              ; 86                     b--;
 7762 2C3E 05           	dec b
 7763 2C3F              __l_499:
 7764 2C3F              ; 87                 } while ((a = b) > 0);
 7765 2C3F 78           	ld a, b
 7766 2C40 B7           	or a
 7767 2C41 C2 23 2C     	jp nz, __l_498
 7768 2C44              __l_496:
 7769 2C44              __l_494:
 7770 2C44 E1           	pop hl
 7771 2C45 C1           	pop bc
 7772 2C46 C9           	ret
 7773 2C47              ; 88             }
 7774 2C47              ; 89         }
 7775 2C47              ; 90     }
 7776 2C47              ; 91 }
 7777 2C47              ; 92
 7778 2C47              ; 93 /// [вх] h = key
 7779 2C47              ; 94 /// [вх] l = len buffer
 7780 2C47              ; 95 /// [вых] l = len buffer
 7781 2C47              ; 96 void ESPSendAndGetHL() {
 7782 2C47              espsendandgethl:
 7783 2C47              ; 97     ESPErrorClear();
 7784 2C47 CD B0 2C     	call esperrorclear
 7785 2C4A              ; 98     push_pop(bc, de) {
 7786 2C4A C5           	push bc
 7787 2C4B D5           	push de
 7788 2C4C              ; 99         //-- Send Key
 7789 2C4C              ; 100         c = ESP_Reg_IsBegin;
 7790 2C4C 0E 40        	ld c, 64
 7791 2C4E              ; 101         ESPSendByteAC(a = h);
 7792 2C4E 7C           	ld a, h
 7793 2C4F CD C8 2B     	call espsendbyteac
 7794 2C52              ; 102         if ((a = ESPError) == 0) { // Нет ошибок - продолжаем
 7795 2C52 3A B6 2C     	ld a, (esperror)
 7796 2C55 B7           	or a
 7797 2C56 C2 AD 2C     	jp nz, __l_505
 7798 2C59              ; 103             //-- Send Data
 7799 2C59              ; 104             if ((a = l) > 0) {
 7800 2C59 7D           	ld a, l
 7801 2C5A B7           	or a
 7802 2C5B CA 7A 2C     	jp z, __l_507
 7803 2C5E              ; 105                 b = l;
 7804 2C5E 45           	ld b, l
 7805 2C5F              ; 106                 hl = Net_buffer;
 7806 2C5F 21 53 41     	ld hl, net_buffer
 7807 2C62              ; 107                 do {
 7808 2C62              __l_509:
 7809 2C62              ; 108                     if ((a = b) == 1) {
 7810 2C62 78           	ld a, b
 7811 2C63 FE 01        	cp 1
 7812 2C65 C2 6D 2C     	jp nz, __l_512
 7813 2C68              ; 109                         c = ESP_Reg_IsEnd;
 7814 2C68 0E 80        	ld c, 128
 7815 2C6A C3 6F 2C     	jp __l_513
 7816 2C6D              __l_512:
 7817 2C6D              ; 110                     } else {
 7818 2C6D              ; 111                         c = 0;
 7819 2C6D 0E 00        	ld c, 0
 7820 2C6F              __l_513:
 7821 2C6F              ; 112                     }
 7822 2C6F              ; 113                     ESPSendByteAC(a = *hl);
 7823 2C6F 7E           	ld a, (hl)
 7824 2C70 CD C8 2B     	call espsendbyteac
 7825 2C73              ; 114                     hl++;
 7826 2C73 23           	inc hl
 7827 2C74              ; 115                     b--;
 7828 2C74 05           	dec b
 7829 2C75              __l_510:
 7830 2C75              ; 116                 } while ((a = b) > 0);
 7831 2C75 78           	ld a, b
 7832 2C76 B7           	or a
 7833 2C77 C2 62 2C     	jp nz, __l_509
 7834 2C7A              __l_507:
 7835 2C7A              ; 117             }
 7836 2C7A              ; 118             //-- Get Data
 7837 2C7A              ; 119             b = 0;
 7838 2C7A 06 00        	ld b, 0
 7839 2C7C              ; 120             hl = Net_buffer;
 7840 2C7C 21 53 41     	ld hl, net_buffer
 7841 2C7F              ; 121             c = 1;
 7842 2C7F 0E 01        	ld c, 1
 7843 2C81              ; 122             do {
 7844 2C81              __l_514:
 7845 2C81              ; 123                 ESPGetByteAD(); // a - data d - reg
 7846 2C81 CD E2 2B     	call espgetbytead
 7847 2C84              ; 124                 e = a;
 7848 2C84 5F           	ld e, a
 7849 2C85              ; 125                 //ESP_Reg_In_IsEnd
 7850 2C85              ; 126                 //a = ESP_Reg_In_NoData + ESP_Reg_In_IsEnd;
 7851 2C85              ; 127                 a = ESP_Reg_In_NoData;
 7852 2C85 3E 04        	ld a, 4
 7853 2C87              ; 128                 a &= d;
 7854 2C87 A2           	and d
 7855 2C88              ; 129                 if (a == 0) {
 7856 2C88 B7           	or a
 7857 2C89 C2 A4 2C     	jp nz, __l_517
 7858 2C8C              ; 130                     a = ESP_Reg_In_IsEnd;
 7859 2C8C 3E 08        	ld a, 8
 7860 2C8E              ; 131                     a &= d;
 7861 2C8E A2           	and d
 7862 2C8F              ; 132                     if (a > 0) {
 7863 2C8F B7           	or a
 7864 2C90 CA 95 2C     	jp z, __l_519
 7865 2C93              ; 133                         c = 0;
 7866 2C93 0E 00        	ld c, 0
 7867 2C95              __l_519:
 7868 2C95              ; 134                     }
 7869 2C95              ; 135                     a = e;
 7870 2C95 7B           	ld a, e
 7871 2C96              ; 136                     *hl = a;
 7872 2C96 77           	ld (hl), a
 7873 2C97              ; 137                     hl++;
 7874 2C97 23           	inc hl
 7875 2C98              ; 138                     b++;
 7876 2C98 04           	inc b
 7877 2C99              ; 139                     if ((a = b) == 0xFF) {
 7878 2C99 78           	ld a, b
 7879 2C9A FE FF        	cp 255
 7880 2C9C C2 A1 2C     	jp nz, __l_521
 7881 2C9F              ; 140                         c = 0;
 7882 2C9F 0E 00        	ld c, 0
 7883 2CA1              __l_521:
 7884 2CA1 C3 A6 2C     	jp __l_518
 7885 2CA4              __l_517:
 7886 2CA4              ; 141                     }
 7887 2CA4              ; 142                 } else {
 7888 2CA4              ; 143                     c = 0;
 7889 2CA4 0E 00        	ld c, 0
 7890 2CA6              __l_518:
 7891 2CA6              __l_515:
 7892 2CA6              ; 144                 }
 7893 2CA6              ; 145             } while ((a = c) == 1);
 7894 2CA6 79           	ld a, c
 7895 2CA7 FE 01        	cp 1
 7896 2CA9 CA 81 2C     	jp z, __l_514
 7897 2CAC              ; 146             l = b;
 7898 2CAC 68           	ld l, b
 7899 2CAD              __l_505:
 7900 2CAD D1           	pop de
 7901 2CAE C1           	pop bc
 7902 2CAF C9           	ret
 7903 2CB0              ; 147         }
 7904 2CB0              ; 148     }
 7905 2CB0              ; 149 }
 7906 2CB0              ; 150
 7907 2CB0              ; 151 void ESPErrorClear() {
 7908 2CB0              esperrorclear:
 7909 2CB0              ; 152     a = ESPError_No;
 7910 2CB0 3E 00        	ld a, 0
 7911 2CB2              ; 153     ESPError = a;
 7912 2CB2 32 B6 2C     	ld (esperror), a
 7913 2CB5 C9           	ret
 7914 2CB6              ; 154 }
 7915 2CB6              ; 155
 7916 2CB6              ; 156 uint8_t ESPError = 0;
 7917 2CB6              esperror:
 7918 2CB6 00           	db 0
 7919 2CB7              ; 11 void ESPErrorParserA() {
 7920 2CB7              esperrorparsera:
 7921 2CB7              ; 12     if (a > 0) {
 7922 2CB7 B7           	or a
 7923 2CB8 CA EB 2C     	jp z, __l_523
 7924 2CBB              ; 13         push_pop(bc) {
 7925 2CBB C5           	push bc
 7926 2CBC              ; 14             b = a;
 7927 2CBC 47           	ld b, a
 7928 2CBD              ; 15             if ((a = b) == ESPError_FtpDeleteFileError) {
 7929 2CBD 78           	ld a, b
 7930 2CBE FE 01        	cp 1
 7931 2CC0 C2 CC 2C     	jp nz, __l_525
 7932 2CC3              ; 16                 AllertOkViewShowHL(hl = StringLocaleNetFtpDeleteFileError);
 7933 2CC3 21 F3 28     	ld hl, stringlocalenetftpdeletefileerro
 7934 2CC6 CD D1 3B     	call allertokviewshowhl
 7935 2CC9 C3 E7 2C     	jp __l_526
 7936 2CCC              __l_525:
 7937 2CCC              ; 17             } else if ((a = b) == ESPError_FtpConnectError) {
 7938 2CCC 78           	ld a, b
 7939 2CCD FE 02        	cp 2
 7940 2CCF C2 DB 2C     	jp nz, __l_527
 7941 2CD2              ; 18                 AllertOkViewShowHL(hl = StringLocaleNetFtpConnectError);
 7942 2CD2 21 07 29     	ld hl, stringlocalenetftpconnecterror
 7943 2CD5 CD D1 3B     	call allertokviewshowhl
 7944 2CD8 C3 E7 2C     	jp __l_528
 7945 2CDB              __l_527:
 7946 2CDB              ; 19             } else if ((a = b) == ESPError_WiFiConnectError) {
 7947 2CDB 78           	ld a, b
 7948 2CDC FE 03        	cp 3
 7949 2CDE C2 E7 2C     	jp nz, __l_529
 7950 2CE1              ; 20                 AllertOkViewShowHL(hl = StringLocaleNetWiFiConnectError);
 7951 2CE1 21 19 29     	ld hl, stringlocalenetwificonnecterror
 7952 2CE4 CD D1 3B     	call allertokviewshowhl
 7953 2CE7              __l_529:
 7954 2CE7              __l_528:
 7955 2CE7              __l_526:
 7956 2CE7 C1           	pop bc
 7957 2CE8              ; 21             }
 7958 2CE8              ; 22         }
 7959 2CE8              ; 23         // Сброс ошибки
 7960 2CE8              ; 24         NetErrorClear();
 7961 2CE8 CD FC 2C     	call neterrorclear
 7962 2CEB              __l_523:
 7963 2CEB C9           	ret
 7964 2CEC              ; 11 void NetSetIsDsDos() {
 7965 2CEC              netsetisdsdos:
 7966 2CEC              ; 12     push_pop(hl) {
 7967 2CEC E5           	push hl
 7968 2CED              ; 13         hl = Net_buffer;
 7969 2CED 21 53 41     	ld hl, net_buffer
 7970 2CF0              ; 14         *hl = (a = 1);
 7971 2CF0 3E 01        	ld a, 1
 7972 2CF2 77           	ld (hl), a
 7973 2CF3              ; 15         h = 38; // SET_IS_DSDOS, // 38
 7974 2CF3 26 26        	ld h, 38
 7975 2CF5              ; 16         l = 1; // Len NedBuffer
 7976 2CF5 2E 01        	ld l, 1
 7977 2CF7              ; 17         ESPSendHL();
 7978 2CF7 CD FF 2B     	call espsendhl
 7979 2CFA E1           	pop hl
 7980 2CFB C9           	ret
 7981 2CFC              ; 18     }
 7982 2CFC              ; 19 }
 7983 2CFC              ; 20
 7984 2CFC              ; 21 void NetErrorClear() {
 7985 2CFC              neterrorclear:
 7986 2CFC              ; 22     push_pop(hl) {
 7987 2CFC E5           	push hl
 7988 2CFD              ; 23         h = 30; // ESP_ERROR_CLEAR, // 30
 7989 2CFD 26 1E        	ld h, 30
 7990 2CFF              ; 24         l = 0; // Len NedBuffer
 7991 2CFF 2E 00        	ld l, 0
 7992 2D01              ; 25         ESPSendHL();
 7993 2D01 CD FF 2B     	call espsendhl
 7994 2D04 E1           	pop hl
 7995 2D05 C9           	ret
 7996 2D06              ; 26     }
 7997 2D06              ; 27 }
 7998 2D06              ; 28
 7999 2D06              ; 29 void NetGetAllStatus() {
 8000 2D06              netgetallstatus:
 8001 2D06              ; 30     push_pop(hl) {
 8002 2D06 E5           	push hl
 8003 2D07              ; 31         h = 20; //  GET_STATUS, // 20
 8004 2D07 26 14        	ld h, 20
 8005 2D09              ; 32         l = 0; // Len NedBuffer
 8006 2D09 2E 00        	ld l, 0
 8007 2D0B              ; 33         ESPSendAndGetHL();
 8008 2D0B CD 47 2C     	call espsendandgethl
 8009 2D0E              ; 34         //--
 8010 2D0E              ; 35         NetGetAllStatusParse();
 8011 2D0E CD 30 31     	call netgetallstatusparse
 8012 2D11 E1           	pop hl
 8013 2D12 C9           	ret
 8014 2D13              ; 36     }
 8015 2D13              ; 37 }
 8016 2D13              ; 38
 8017 2D13              ; 39 // Вых [A] - 1 - Успешно. 0 - Ошибка
 8018 2D13              ; 40 void NetDiskGetNum() {
 8019 2D13              netdiskgetnum:
 8020 2D13              ; 41     push_pop(hl, bc) {
 8021 2D13 E5           	push hl
 8022 2D14 C5           	push bc
 8023 2D15              ; 42         h = 35; // GET_DISK, // 35
 8024 2D15 26 23        	ld h, 35
 8025 2D17              ; 43         l = 0; // Len NedBuffer
 8026 2D17 2E 00        	ld l, 0
 8027 2D19              ; 44         ESPSendAndGetHL();
 8028 2D19 CD 47 2C     	call espsendandgethl
 8029 2D1C              ; 45         ParserDiskResponse();
 8030 2D1C CD A8 31     	call parserdiskresponse
 8031 2D1F C1           	pop bc
 8032 2D20 E1           	pop hl
 8033 2D21 C9           	ret
 8034 2D22              ; 46     }
 8035 2D22              ; 47 }
 8036 2D22              ; 48
 8037 2D22              ; 49 void NetDiskSetNum() {
 8038 2D22              netdisksetnum:
 8039 2D22              ; 50     push_pop(hl, bc) {
 8040 2D22 E5           	push hl
 8041 2D23 C5           	push bc
 8042 2D24              ; 51         ParserDiskRequest();
 8043 2D24 CD 8A 31     	call parserdiskrequest
 8044 2D27              ; 52         h = 36; // SET_DISK, // 36
 8045 2D27 26 24        	ld h, 36
 8046 2D29              ; 53         l = 3; // Len NedBuffer
 8047 2D29 2E 03        	ld l, 3
 8048 2D2B              ; 54         ESPSendHL();
 8049 2D2B CD FF 2B     	call espsendhl
 8050 2D2E C1           	pop bc
 8051 2D2F E1           	pop hl
 8052 2D30 C9           	ret
 8053 2D31              ; 55     }
 8054 2D31              ; 56 }
 8055 2D31              ; 57
 8056 2D31              ; 58 void NetWiFiGetSsidIp() {
 8057 2D31              netwifigetssidip:
 8058 2D31              ; 59     push_pop(hl, bc) {
 8059 2D31 E5           	push hl
 8060 2D32 C5           	push bc
 8061 2D33              ; 60         h = 3; // GET_SSID_IP, // 3
 8062 2D33 26 03        	ld h, 3
 8063 2D35              ; 61         l = 0; // Len NedBuffer
 8064 2D35 2E 00        	ld l, 0
 8065 2D37              ; 62         ESPSendAndGetHL();
 8066 2D37 CD 47 2C     	call espsendandgethl
 8067 2D3A              ; 63         b = 16;
 8068 2D3A 06 10        	ld b, 16
 8069 2D3C              ; 64         c = l;
 8070 2D3C 4D           	ld c, l
 8071 2D3D              ; 65         hl = WiFiSettingsViewIpValue;
 8072 2D3D 21 E1 16     	ld hl, wifisettingsviewipvalue
 8073 2D40              ; 66         ParserBufferToHL();
 8074 2D40 CD F4 31     	call parserbuffertohl
 8075 2D43 C1           	pop bc
 8076 2D44 E1           	pop hl
 8077 2D45 C9           	ret
 8078 2D46              ; 67     }
 8079 2D46              ; 68 }
 8080 2D46              ; 69
 8081 2D46              ; 70 void NetWiFiGetSsidPassword() {
 8082 2D46              netwifigetssidpassword:
 8083 2D46              ; 71     push_pop(hl, bc) {
 8084 2D46 E5           	push hl
 8085 2D47 C5           	push bc
 8086 2D48              ; 72         h = 1; // GET_SSID_PASSWORD, // 1
 8087 2D48 26 01        	ld h, 1
 8088 2D4A              ; 73         l = 0; // Len NedBuffer
 8089 2D4A 2E 00        	ld l, 0
 8090 2D4C              ; 74         ESPSendAndGetHL();
 8091 2D4C CD 47 2C     	call espsendandgethl
 8092 2D4F              ; 75         b = 16;
 8093 2D4F 06 10        	ld b, 16
 8094 2D51              ; 76         c = l;
 8095 2D51 4D           	ld c, l
 8096 2D52              ; 77         hl = WiFiSettingsViewPassValue;
 8097 2D52 21 BF 16     	ld hl, wifisettingsviewpassvalue
 8098 2D55              ; 78         ParserBufferToHL();
 8099 2D55 CD F4 31     	call parserbuffertohl
 8100 2D58 C1           	pop bc
 8101 2D59 E1           	pop hl
 8102 2D5A C9           	ret
 8103 2D5B              ; 79     }
 8104 2D5B              ; 80 }
 8105 2D5B              ; 81
 8106 2D5B              ; 82 void NetWiFiSetSsidPassword() {
 8107 2D5B              netwifisetssidpassword:
 8108 2D5B              ; 83     push_pop(hl, bc) {
 8109 2D5B E5           	push hl
 8110 2D5C C5           	push bc
 8111 2D5D              ; 84         hl = WiFiSettingsViewPassValue;
 8112 2D5D 21 BF 16     	ld hl, wifisettingsviewpassvalue
 8113 2D60              ; 85         ParserHLToBuffer(b = 16);
 8114 2D60 06 10        	ld b, 16
 8115 2D62 CD 10 32     	call parserhltobuffer
 8116 2D65              ; 86         h = 2; // SET_SSID_PASSWORD, // 2
 8117 2D65 26 02        	ld h, 2
 8118 2D67              ; 87         l = 16; // Len NedBuffer
 8119 2D67 2E 10        	ld l, 16
 8120 2D69              ; 88         ESPSendHL();
 8121 2D69 CD FF 2B     	call espsendhl
 8122 2D6C C1           	pop bc
 8123 2D6D E1           	pop hl
 8124 2D6E C9           	ret
 8125 2D6F              ; 89     }
 8126 2D6F              ; 90 }
 8127 2D6F              ; 91
 8128 2D6F              ; 92 void NetWiFiGetSsidMac() {
 8129 2D6F              netwifigetssidmac:
 8130 2D6F              ; 93     push_pop(hl, bc) {
 8131 2D6F E5           	push hl
 8132 2D70 C5           	push bc
 8133 2D71              ; 94         h = 4; // GET_SSID_MAC, // 4
 8134 2D71 26 04        	ld h, 4
 8135 2D73              ; 95         l = 0; // Len NedBuffer
 8136 2D73 2E 00        	ld l, 0
 8137 2D75              ; 96         ESPSendAndGetHL();
 8138 2D75 CD 47 2C     	call espsendandgethl
 8139 2D78              ; 97         b = 18;
 8140 2D78 06 12        	ld b, 18
 8141 2D7A              ; 98         c = l;
 8142 2D7A 4D           	ld c, l
 8143 2D7B              ; 99         hl = WiFiSettingsViewMacValue;
 8144 2D7B 21 CF 16     	ld hl, wifisettingsviewmacvalue
 8145 2D7E              ; 100         ParserBufferSumToHL();
 8146 2D7E CD 22 32     	call parserbuffersumtohl
 8147 2D81 C1           	pop bc
 8148 2D82 E1           	pop hl
 8149 2D83 C9           	ret
 8150 2D84              ; 101     }
 8151 2D84              ; 102 }
 8152 2D84              ; 103
 8153 2D84              ; 104 void NetWiFiGetSsid() {
 8154 2D84              netwifigetssid:
 8155 2D84              ; 105     push_pop(hl, bc) {
 8156 2D84 E5           	push hl
 8157 2D85 C5           	push bc
 8158 2D86              ; 106         h = 5; // GET_SSID, // 5
 8159 2D86 26 05        	ld h, 5
 8160 2D88              ; 107         l = 0; // Len NedBuffer
 8161 2D88 2E 00        	ld l, 0
 8162 2D8A              ; 108         ESPSendAndGetHL();
 8163 2D8A CD 47 2C     	call espsendandgethl
 8164 2D8D              ; 109         b = 16;
 8165 2D8D 06 10        	ld b, 16
 8166 2D8F              ; 110         c = l;
 8167 2D8F 4D           	ld c, l
 8168 2D90              ; 111         hl = WiFiSettingsViewSsidValue;
 8169 2D90 21 AF 16     	ld hl, wifisettingsviewssidvalue
 8170 2D93              ; 112         ParserBufferToHL();
 8171 2D93 CD F4 31     	call parserbuffertohl
 8172 2D96 C1           	pop bc
 8173 2D97 E1           	pop hl
 8174 2D98 C9           	ret
 8175 2D99              ; 113     }
 8176 2D99              ; 114 }
 8177 2D99              ; 115
 8178 2D99              ; 116 void NetWiFiSetListA() {
 8179 2D99              netwifisetlista:
 8180 2D99              ; 117     push_pop(hl) {
 8181 2D99 E5           	push hl
 8182 2D9A              ; 118         hl = Net_buffer;
 8183 2D9A 21 53 41     	ld hl, net_buffer
 8184 2D9D              ; 119         *hl = a;
 8185 2D9D 77           	ld (hl), a
 8186 2D9E              ; 120         h = 18; // SSID_SET_LIST_ID, // 18
 8187 2D9E 26 12        	ld h, 18
 8188 2DA0              ; 121         l = 1; // Len NedBuffer
 8189 2DA0 2E 01        	ld l, 1
 8190 2DA2              ; 122         ESPSendHL();
 8191 2DA2 CD FF 2B     	call espsendhl
 8192 2DA5 E1           	pop hl
 8193 2DA6 C9           	ret
 8194 2DA7              ; 123     }
 8195 2DA7              ; 124 }
 8196 2DA7              ; 125
 8197 2DA7              ; 126 void NetWiFiConnect() {
 8198 2DA7              netwificonnect:
 8199 2DA7              ; 127     push_pop(hl) {
 8200 2DA7 E5           	push hl
 8201 2DA8              ; 128         h = 19; // SSID_CONNECT, // 19
 8202 2DA8 26 13        	ld h, 19
 8203 2DAA              ; 129         l = 0; // Len NedBuffer
 8204 2DAA 2E 00        	ld l, 0
 8205 2DAC              ; 130         ESPSendHL();
 8206 2DAC CD FF 2B     	call espsendhl
 8207 2DAF E1           	pop hl
 8208 2DB0 C9           	ret
 8209 2DB1              ; 131     }
 8210 2DB1              ; 132 }
 8211 2DB1              ; 133
 8212 2DB1              ; 134 void NetWiFiListUpdate() {
 8213 2DB1              netwifilistupdate:
 8214 2DB1              ; 135     push_pop(hl) {
 8215 2DB1 E5           	push hl
 8216 2DB2              ; 136         h = 16; // SSID_LIST_UPDATE, // 16
 8217 2DB2 26 10        	ld h, 16
 8218 2DB4              ; 137         l = 0; // Len NedBuffer
 8219 2DB4 2E 00        	ld l, 0
 8220 2DB6              ; 138         ESPSendHL();
 8221 2DB6 CD FF 2B     	call espsendhl
 8222 2DB9 E1           	pop hl
 8223 2DBA C9           	ret
 8224 2DBB              ; 139     }
 8225 2DBB              ; 140 }
 8226 2DBB              ; 141
 8227 2DBB              ; 142 void NetWiFiGetList() {
 8228 2DBB              netwifigetlist:
 8229 2DBB              ; 143     a = 0;
 8230 2DBB 3E 00        	ld a, 0
 8231 2DBD              ; 144     WiFiNetworksViewSSIDCount = a;
 8232 2DBD 32 64 35     	ld (wifinetworksviewssidcount), a
 8233 2DC0              ; 145     push_pop(hl, bc, de) {
 8234 2DC0 E5           	push hl
 8235 2DC1 C5           	push bc
 8236 2DC2 D5           	push de
 8237 2DC3              ; 146         c = 0;
 8238 2DC3 0E 00        	ld c, 0
 8239 2DC5              ; 147         do {
 8240 2DC5              __l_531:
 8241 2DC5              ; 148             h = 17; // SSID_LIST_NEXT, // 17
 8242 2DC5 26 11        	ld h, 17
 8243 2DC7              ; 149             l = 0; // Len NedBuffer
 8244 2DC7 2E 00        	ld l, 0
 8245 2DC9              ; 150             ESPSendAndGetHL();
 8246 2DC9 CD 47 2C     	call espsendandgethl
 8247 2DCC              ; 151             if ((a = l) > 0) {
 8248 2DCC 7D           	ld a, l
 8249 2DCD B7           	or a
 8250 2DCE CA EC 2D     	jp z, __l_534
 8251 2DD1              ; 152                 b = l;
 8252 2DD1 45           	ld b, l
 8253 2DD2              ; 153                 //--
 8254 2DD2              ; 154                 hl = WiFiNetworksViewSSIDList;
 8255 2DD2 21 65 35     	ld hl, wifinetworksviewssidlist
 8256 2DD5              ; 155                 d = 0;
 8257 2DD5 16 00        	ld d, 0
 8258 2DD7              ; 156                 a ^= a;
 8259 2DD7 AF           	xor a
 8260 2DD8              ; 157                 a = c;
 8261 2DD8 79           	ld a, c
 8262 2DD9              ; 158                 carry_rotate_left(a, 4);
 8263 2DD9 17           	rla
 8264 2DDA 17           	rla
 8265 2DDB 17           	rla
 8266 2DDC 17           	rla
 8267 2DDD              ; 159                 if (flag_c) { // Если переполняние младшего разряда, инкремент старшего
 8268 2DDD D2 E1 2D     	jp nc, __l_536
 8269 2DE0              ; 160                     d++;
 8270 2DE0 14           	inc d
 8271 2DE1              __l_536:
 8272 2DE1              ; 161                 }
 8273 2DE1              ; 162                 e = a;
 8274 2DE1 5F           	ld e, a
 8275 2DE2              ; 163                 hl += de;
 8276 2DE2 19           	add hl, de
 8277 2DE3              ; 164                 push_pop(bc) {
 8278 2DE3 C5           	push bc
 8279 2DE4              ; 165                     c = b;
 8280 2DE4 48           	ld c, b
 8281 2DE5              ; 166                     b = 16;
 8282 2DE5 06 10        	ld b, 16
 8283 2DE7              ; 167                     ParserBufferToHL();
 8284 2DE7 CD F4 31     	call parserbuffertohl
 8285 2DEA C1           	pop bc
 8286 2DEB              ; 168                 }
 8287 2DEB              ; 169                 //--
 8288 2DEB              ; 170                 c++;
 8289 2DEB 0C           	inc c
 8290 2DEC              __l_534:
 8291 2DEC              __l_532:
 8292 2DEC              ; 171             }
 8293 2DEC              ; 172         } while ((a = l) > 0);
 8294 2DEC 7D           	ld a, l
 8295 2DED B7           	or a
 8296 2DEE C2 C5 2D     	jp nz, __l_531
 8297 2DF1              ; 173         a = c;
 8298 2DF1 79           	ld a, c
 8299 2DF2              ; 174         WiFiNetworksViewSSIDCount = a;
 8300 2DF2 32 64 35     	ld (wifinetworksviewssidcount), a
 8301 2DF5 D1           	pop de
 8302 2DF6 C1           	pop bc
 8303 2DF7 E1           	pop hl
 8304 2DF8 C9           	ret
 8305 2DF9              ; 175     }
 8306 2DF9              ; 176 }
 8307 2DF9              ; 177
 8308 2DF9              ; 178 /// --- FTP ---
 8309 2DF9              ; 179 void NetFtpConnect() {
 8310 2DF9              netftpconnect:
 8311 2DF9              ; 180     push_pop(hl) {
 8312 2DF9 E5           	push hl
 8313 2DFA              ; 181         h = 23; // FTP_CONNECT, // 23
 8314 2DFA 26 17        	ld h, 23
 8315 2DFC              ; 182         l = 0; // Len NedBuffer
 8316 2DFC 2E 00        	ld l, 0
 8317 2DFE              ; 183         ESPSendHL();
 8318 2DFE CD FF 2B     	call espsendhl
 8319 2E01 E1           	pop hl
 8320 2E02 C9           	ret
 8321 2E03              ; 184     }
 8322 2E03              ; 185 }
 8323 2E03              ; 186
 8324 2E03              ; 187 void NetFtpGetHomeDir() {
 8325 2E03              netftpgethomedir:
 8326 2E03              ; 188     push_pop(hl, bc) {
 8327 2E03 E5           	push hl
 8328 2E04 C5           	push bc
 8329 2E05              ; 189         h = 12; // GET_FTP_HOME_DIR, // 12
 8330 2E05 26 0C        	ld h, 12
 8331 2E07              ; 190         l = 0; // Len NedBuffer
 8332 2E07 2E 00        	ld l, 0
 8333 2E09              ; 191         ESPSendAndGetHL();
 8334 2E09 CD 47 2C     	call espsendandgethl
 8335 2E0C              ; 192         b = 16;
 8336 2E0C 06 10        	ld b, 16
 8337 2E0E              ; 193         c = l;
 8338 2E0E 4D           	ld c, l
 8339 2E0F              ; 194         hl = FtpSettingsViewValueHomeDir;
 8340 2E0F 21 B9 39     	ld hl, ftpsettingsviewvaluehomedir
 8341 2E12              ; 195         ParserBufferToHL();
 8342 2E12 CD F4 31     	call parserbuffertohl
 8343 2E15 C1           	pop bc
 8344 2E16 E1           	pop hl
 8345 2E17 C9           	ret
 8346 2E18              ; 196     }
 8347 2E18              ; 197 }
 8348 2E18              ; 198
 8349 2E18              ; 199 void NetFtpSetHomeDir() {
 8350 2E18              netftpsethomedir:
 8351 2E18              ; 200     push_pop(hl, bc) {
 8352 2E18 E5           	push hl
 8353 2E19 C5           	push bc
 8354 2E1A              ; 201         hl = FtpSettingsViewValueHomeDir;
 8355 2E1A 21 B9 39     	ld hl, ftpsettingsviewvaluehomedir
 8356 2E1D              ; 202         ParserHLToBuffer(b = 16);
 8357 2E1D 06 10        	ld b, 16
 8358 2E1F CD 10 32     	call parserhltobuffer
 8359 2E22              ; 203         h = 13; // SET_FTP_HOME_DIR, // 13
 8360 2E22 26 0D        	ld h, 13
 8361 2E24              ; 204         l = 16; // Len NedBuffer
 8362 2E24 2E 10        	ld l, 16
 8363 2E26              ; 205         ESPSendHL();
 8364 2E26 CD FF 2B     	call espsendhl
 8365 2E29 C1           	pop bc
 8366 2E2A E1           	pop hl
 8367 2E2B C9           	ret
 8368 2E2C              ; 206     }
 8369 2E2C              ; 207 }
 8370 2E2C              ; 208
 8371 2E2C              ; 209 void NetFtpGetUser() {
 8372 2E2C              netftpgetuser:
 8373 2E2C              ; 210     push_pop(hl, bc) {
 8374 2E2C E5           	push hl
 8375 2E2D C5           	push bc
 8376 2E2E              ; 211         h = 8; // GET_FTP_USER, // 8
 8377 2E2E 26 08        	ld h, 8
 8378 2E30              ; 212         l = 0; // Len NedBuffer
 8379 2E30 2E 00        	ld l, 0
 8380 2E32              ; 213         ESPSendAndGetHL();
 8381 2E32 CD 47 2C     	call espsendandgethl
 8382 2E35              ; 214         b = 16;
 8383 2E35 06 10        	ld b, 16
 8384 2E37              ; 215         c = l;
 8385 2E37 4D           	ld c, l
 8386 2E38              ; 216         hl = FtpSettingsViewValueUser;
 8387 2E38 21 99 39     	ld hl, ftpsettingsviewvalueuser
 8388 2E3B              ; 217         ParserBufferToHL();
 8389 2E3B CD F4 31     	call parserbuffertohl
 8390 2E3E C1           	pop bc
 8391 2E3F E1           	pop hl
 8392 2E40 C9           	ret
 8393 2E41              ; 218     }
 8394 2E41              ; 219 }
 8395 2E41              ; 220
 8396 2E41              ; 221 void NetFtpSetUser() {
 8397 2E41              netftpsetuser:
 8398 2E41              ; 222     push_pop(hl, bc) {
 8399 2E41 E5           	push hl
 8400 2E42 C5           	push bc
 8401 2E43              ; 223         hl = FtpSettingsViewValueUser;
 8402 2E43 21 99 39     	ld hl, ftpsettingsviewvalueuser
 8403 2E46              ; 224         ParserHLToBuffer(b = 16);
 8404 2E46 06 10        	ld b, 16
 8405 2E48 CD 10 32     	call parserhltobuffer
 8406 2E4B              ; 225         h = 9; // SET_FTP_USER, // 9
 8407 2E4B 26 09        	ld h, 9
 8408 2E4D              ; 226         l = 16; // Len NedBuffer
 8409 2E4D 2E 10        	ld l, 16
 8410 2E4F              ; 227         ESPSendHL();
 8411 2E4F CD FF 2B     	call espsendhl
 8412 2E52 C1           	pop bc
 8413 2E53 E1           	pop hl
 8414 2E54 C9           	ret
 8415 2E55              ; 228     }
 8416 2E55              ; 229 }
 8417 2E55              ; 230
 8418 2E55              ; 231 void NetFtpGetPassword() {
 8419 2E55              netftpgetpassword:
 8420 2E55              ; 232     push_pop(hl, bc) {
 8421 2E55 E5           	push hl
 8422 2E56 C5           	push bc
 8423 2E57              ; 233         h = 10; // GET_FTP_PASS, // 10
 8424 2E57 26 0A        	ld h, 10
 8425 2E59              ; 234         l = 0; // Len NedBuffer
 8426 2E59 2E 00        	ld l, 0
 8427 2E5B              ; 235         ESPSendAndGetHL();
 8428 2E5B CD 47 2C     	call espsendandgethl
 8429 2E5E              ; 236         b = 16;
 8430 2E5E 06 10        	ld b, 16
 8431 2E60              ; 237         c = l;
 8432 2E60 4D           	ld c, l
 8433 2E61              ; 238         hl = FtpSettingsViewValuePass;
 8434 2E61 21 A9 39     	ld hl, ftpsettingsviewvaluepass
 8435 2E64              ; 239         ParserBufferToHL();
 8436 2E64 CD F4 31     	call parserbuffertohl
 8437 2E67 C1           	pop bc
 8438 2E68 E1           	pop hl
 8439 2E69 C9           	ret
 8440 2E6A              ; 240     }
 8441 2E6A              ; 241 }
 8442 2E6A              ; 242
 8443 2E6A              ; 243 void NetFtpSetPassword() {
 8444 2E6A              netftpsetpassword:
 8445 2E6A              ; 244     push_pop(hl, bc) {
 8446 2E6A E5           	push hl
 8447 2E6B C5           	push bc
 8448 2E6C              ; 245         hl = FtpSettingsViewValuePass;
 8449 2E6C 21 A9 39     	ld hl, ftpsettingsviewvaluepass
 8450 2E6F              ; 246         ParserHLToBuffer(b = 16);
 8451 2E6F 06 10        	ld b, 16
 8452 2E71 CD 10 32     	call parserhltobuffer
 8453 2E74              ; 247         h = 11; // SET_FTP_PASS, // 11
 8454 2E74 26 0B        	ld h, 11
 8455 2E76              ; 248         l = 16; // Len NedBuffer
 8456 2E76 2E 10        	ld l, 16
 8457 2E78              ; 249         ESPSendHL();
 8458 2E78 CD FF 2B     	call espsendhl
 8459 2E7B C1           	pop bc
 8460 2E7C E1           	pop hl
 8461 2E7D C9           	ret
 8462 2E7E              ; 250     }
 8463 2E7E              ; 251 }
 8464 2E7E              ; 252
 8465 2E7E              ; 253 void NetFtpGetUrl() {
 8466 2E7E              netftpgeturl:
 8467 2E7E              ; 254     push_pop(hl, bc) {
 8468 2E7E E5           	push hl
 8469 2E7F C5           	push bc
 8470 2E80              ; 255         h = 6; // GET_FTP_URL, // 6
 8471 2E80 26 06        	ld h, 6
 8472 2E82              ; 256         l = 0; // Len NedBuffer
 8473 2E82 2E 00        	ld l, 0
 8474 2E84              ; 257         ESPSendAndGetHL();
 8475 2E84 CD 47 2C     	call espsendandgethl
 8476 2E87              ; 258         b = 16;
 8477 2E87 06 10        	ld b, 16
 8478 2E89              ; 259         c = l;
 8479 2E89 4D           	ld c, l
 8480 2E8A              ; 260         hl = FtpHeaderViewIpValue;
 8481 2E8A 21 49 13     	ld hl, ftpheaderviewipvalue
 8482 2E8D              ; 261         ParserBufferToHL();
 8483 2E8D CD F4 31     	call parserbuffertohl
 8484 2E90 C1           	pop bc
 8485 2E91 E1           	pop hl
 8486 2E92 C9           	ret
 8487 2E93              ; 262     }
 8488 2E93              ; 263 }
 8489 2E93              ; 264
 8490 2E93              ; 265 void NetFtpSetUrl() {
 8491 2E93              netftpseturl:
 8492 2E93              ; 266     push_pop(hl, bc) {
 8493 2E93 E5           	push hl
 8494 2E94 C5           	push bc
 8495 2E95              ; 267         hl = FtpHeaderViewIpValue;
 8496 2E95 21 49 13     	ld hl, ftpheaderviewipvalue
 8497 2E98              ; 268         ParserHLToBuffer(b = 16);
 8498 2E98 06 10        	ld b, 16
 8499 2E9A CD 10 32     	call parserhltobuffer
 8500 2E9D              ; 269         h = 7; // SET_FTP_URL, // 7
 8501 2E9D 26 07        	ld h, 7
 8502 2E9F              ; 270         l = 16; // Len NedBuffer
 8503 2E9F 2E 10        	ld l, 16
 8504 2EA1              ; 271         ESPSendHL();
 8505 2EA1 CD FF 2B     	call espsendhl
 8506 2EA4 C1           	pop bc
 8507 2EA5 E1           	pop hl
 8508 2EA6 C9           	ret
 8509 2EA7              ; 272     }
 8510 2EA7              ; 273 }
 8511 2EA7              ; 274
 8512 2EA7              ; 275 void NetFtpGetPort() {
 8513 2EA7              netftpgetport:
 8514 2EA7              ; 276     push_pop(hl, bc) {
 8515 2EA7 E5           	push hl
 8516 2EA8 C5           	push bc
 8517 2EA9              ; 277         h = 14; // GET_FTP_PORT, // 14
 8518 2EA9 26 0E        	ld h, 14
 8519 2EAB              ; 278         l = 0; // Len NedBuffer
 8520 2EAB 2E 00        	ld l, 0
 8521 2EAD              ; 279         ESPSendAndGetHL();
 8522 2EAD CD 47 2C     	call espsendandgethl
 8523 2EB0              ; 280         b = 6;
 8524 2EB0 06 06        	ld b, 6
 8525 2EB2              ; 281         c = l;
 8526 2EB2 4D           	ld c, l
 8527 2EB3              ; 282         hl = FtpSettingsViewValuePort;
 8528 2EB3 21 89 39     	ld hl, ftpsettingsviewvalueport
 8529 2EB6              ; 283         ParserBufferToHL();
 8530 2EB6 CD F4 31     	call parserbuffertohl
 8531 2EB9 C1           	pop bc
 8532 2EBA E1           	pop hl
 8533 2EBB C9           	ret
 8534 2EBC              ; 284     }
 8535 2EBC              ; 285 }
 8536 2EBC              ; 286
 8537 2EBC              ; 287 void NetFtpSetPort() {
 8538 2EBC              netftpsetport:
 8539 2EBC              ; 288     push_pop(hl, bc) {
 8540 2EBC E5           	push hl
 8541 2EBD C5           	push bc
 8542 2EBE              ; 289         hl = FtpSettingsViewValuePort;
 8543 2EBE 21 89 39     	ld hl, ftpsettingsviewvalueport
 8544 2EC1              ; 290         ParserHLToBuffer(b = 16);
 8545 2EC1 06 10        	ld b, 16
 8546 2EC3 CD 10 32     	call parserhltobuffer
 8547 2EC6              ; 291         h = 15; // SET_FTP_PORT, // 15
 8548 2EC6 26 0F        	ld h, 15
 8549 2EC8              ; 292         l = 6; // Len NedBuffer
 8550 2EC8 2E 06        	ld l, 6
 8551 2ECA              ; 293         ESPSendHL();
 8552 2ECA CD FF 2B     	call espsendhl
 8553 2ECD C1           	pop bc
 8554 2ECE E1           	pop hl
 8555 2ECF C9           	ret
 8556 2ED0              ; 294     }
 8557 2ED0              ; 295 }
 8558 2ED0              ; 296
 8559 2ED0              ; 297 void NetFtpGetCurrentPath() {
 8560 2ED0              netftpgetcurrentpath:
 8561 2ED0              ; 298     push_pop(hl) {
 8562 2ED0 E5           	push hl
 8563 2ED1              ; 299         h = 22; //  GET_FTP_CURRENT_FOLDER, // 22
 8564 2ED1 26 16        	ld h, 22
 8565 2ED3              ; 300         l = 0; // Len NedBuffer
 8566 2ED3 2E 00        	ld l, 0
 8567 2ED5              ; 301         ESPSendAndGetHL();
 8568 2ED5 CD 47 2C     	call espsendandgethl
 8569 2ED8              ; 302         b = 16;
 8570 2ED8 06 10        	ld b, 16
 8571 2EDA              ; 303         c = l;
 8572 2EDA 4D           	ld c, l
 8573 2EDB              ; 304         hl = FtpViewPath;
 8574 2EDB 21 84 1E     	ld hl, ftpviewpath
 8575 2EDE              ; 305         ParserBufferToHL();
 8576 2EDE CD F4 31     	call parserbuffertohl
 8577 2EE1 E1           	pop hl
 8578 2EE2 C9           	ret
 8579 2EE3              ; 306     }
 8580 2EE3              ; 307 }
 8581 2EE3              ; 308
 8582 2EE3              ; 309 void NetFtpUpdateList() {
 8583 2EE3              netftpupdatelist:
 8584 2EE3              ; 310     push_pop(hl) {
 8585 2EE3 E5           	push hl
 8586 2EE4              ; 311         hl = Net_buffer;
 8587 2EE4 21 53 41     	ld hl, net_buffer
 8588 2EE7              ; 312         a = 20; // Получить 20 файлов
 8589 2EE7 3E 14        	ld a, 20
 8590 2EE9              ; 313         *hl = a;
 8591 2EE9 77           	ld (hl), a
 8592 2EEA              ; 314         h = 26; // FTP_UPDATE_LIST, // 26
 8593 2EEA 26 1A        	ld h, 26
 8594 2EEC              ; 315         l = 1; // Len NedBuffer
 8595 2EEC 2E 01        	ld l, 1
 8596 2EEE              ; 316         ESPSendHL();
 8597 2EEE CD FF 2B     	call espsendhl
 8598 2EF1 E1           	pop hl
 8599 2EF2 C9           	ret
 8600 2EF3              ; 317     }
 8601 2EF3              ; 318 }
 8602 2EF3              ; 319
 8603 2EF3              ; 320 void NetFtpListFiles() {
 8604 2EF3              netftplistfiles:
 8605 2EF3              ; 321     push_pop(hl, bc, de) {
 8606 2EF3 E5           	push hl
 8607 2EF4 C5           	push bc
 8608 2EF5 D5           	push de
 8609 2EF6              ; 322         a = 0;
 8610 2EF6 3E 00        	ld a, 0
 8611 2EF8              ; 323         NetFtpListFilesParseSumState = a;
 8612 2EF8 32 0E 33     	ld (netftplistfilesparsesumstate), a
 8613 2EFB              ; 324         c = 0;
 8614 2EFB 0E 00        	ld c, 0
 8615 2EFD              ; 325         do {
 8616 2EFD              __l_538:
 8617 2EFD              ; 326             //--
 8618 2EFD              ; 327             hl = Net_buffer;
 8619 2EFD 21 53 41     	ld hl, net_buffer
 8620 2F00              ; 328             a = NetFtpListFilesParseSumState;
 8621 2F00 3A 0E 33     	ld a, (netftplistfilesparsesumstate)
 8622 2F03              ; 329             *hl = a;
 8623 2F03 77           	ld (hl), a
 8624 2F04              ; 330             //--
 8625 2F04              ; 331             h = 27; // FTP_LIST_FILE_NEXT, // 27
 8626 2F04 26 1B        	ld h, 27
 8627 2F06              ; 332             l = 1; // Len NedBuffer
 8628 2F06 2E 01        	ld l, 1
 8629 2F08              ; 333             ESPSendAndGetHL();
 8630 2F08 CD 47 2C     	call espsendandgethl
 8631 2F0B              ; 334             //--
 8632 2F0B              ; 335             NetFtpListFilesParse(); // пока l > 0 (ответ от ESP что то содержит)
 8633 2F0B CD 97 32     	call netftplistfilesparse
 8634 2F0E              __l_539:
 8635 2F0E              ; 336         } while ((a = l) > 0);
 8636 2F0E 7D           	ld a, l
 8637 2F0F B7           	or a
 8638 2F10 C2 FD 2E     	jp nz, __l_538
 8639 2F13              ; 337         a = c;
 8640 2F13 79           	ld a, c
 8641 2F14              ; 338         FtpViewFilesListCount = a;
 8642 2F14 32 95 1E     	ld (ftpviewfileslistcount), a
 8643 2F17 D1           	pop de
 8644 2F18 C1           	pop bc
 8645 2F19 E1           	pop hl
 8646 2F1A C9           	ret
 8647 2F1B              ; 339     }
 8648 2F1B              ; 340 }
 8649 2F1B              ; 341
 8650 2F1B              ; 342 void NetFtpChangeDirUp() {
 8651 2F1B              netftpchangedirup:
 8652 2F1B              ; 343     push_pop(hl) {
 8653 2F1B E5           	push hl
 8654 2F1C              ; 344         h = 24; // SET_FTP_CHANGE_DIR_UP, // 24
 8655 2F1C 26 18        	ld h, 24
 8656 2F1E              ; 345         l = 0; // Len NedBuffer
 8657 2F1E 2E 00        	ld l, 0
 8658 2F20              ; 346         ESPSendHL();
 8659 2F20 CD FF 2B     	call espsendhl
 8660 2F23 E1           	pop hl
 8661 2F24 C9           	ret
 8662 2F25              ; 347     }
 8663 2F25              ; 348 }
 8664 2F25              ; 349
 8665 2F25              ; 350 void NetFtpChangeDirIndexA() {
 8666 2F25              netftpchangedirindexa:
 8667 2F25              ; 351     push_pop(hl) {
 8668 2F25 E5           	push hl
 8669 2F26              ; 352         hl = Net_buffer;
 8670 2F26 21 53 41     	ld hl, net_buffer
 8671 2F29              ; 353         *hl = a;
 8672 2F29 77           	ld (hl), a
 8673 2F2A              ; 354         h = 25; // SET_FTP_CHANGE_DIR_INDEX, // 25
 8674 2F2A 26 19        	ld h, 25
 8675 2F2C              ; 355         l = 1; // Len NedBuffer
 8676 2F2C 2E 01        	ld l, 1
 8677 2F2E              ; 356         ESPSendHL();
 8678 2F2E CD FF 2B     	call espsendhl
 8679 2F31 E1           	pop hl
 8680 2F32 C9           	ret
 8681 2F33              ; 357     }
 8682 2F33              ; 358 }
 8683 2F33              ; 359
 8684 2F33              ; 360 void NetFtpGoToHomeDir() {
 8685 2F33              netftpgotohomedir:
 8686 2F33              ; 361     push_pop(hl) {
 8687 2F33 E5           	push hl
 8688 2F34              ; 362         h = 21; // SET_FTP_TO_HOME_DIR, // 21
 8689 2F34 26 15        	ld h, 21
 8690 2F36              ; 363         l = 0; // Len NedBuffer
 8691 2F36 2E 00        	ld l, 0
 8692 2F38              ; 364         ESPSendHL();
 8693 2F38 CD FF 2B     	call espsendhl
 8694 2F3B E1           	pop hl
 8695 2F3C C9           	ret
 8696 2F3D              ; 365     }
 8697 2F3D              ; 366 }
 8698 2F3D              ; 367
 8699 2F3D              ; 368 void NetFtpDeleteFileIndexA() {
 8700 2F3D              netftpdeletefileindexa:
 8701 2F3D              ; 369     push_pop(hl) {
 8702 2F3D E5           	push hl
 8703 2F3E              ; 370         hl = Net_buffer;
 8704 2F3E 21 53 41     	ld hl, net_buffer
 8705 2F41              ; 371         *hl = a;
 8706 2F41 77           	ld (hl), a
 8707 2F42              ; 372         h = 31; // FTP_FILE_DELETE_INDEX, // 31
 8708 2F42 26 1F        	ld h, 31
 8709 2F44              ; 373         l = 1; // Len NedBuffer
 8710 2F44 2E 01        	ld l, 1
 8711 2F46              ; 374         ESPSendHL();
 8712 2F46 CD FF 2B     	call espsendhl
 8713 2F49 E1           	pop hl
 8714 2F4A C9           	ret
 8715 2F4B              ; 375     }
 8716 2F4B              ; 376 }
 8717 2F4B              ; 377
 8718 2F4B              ; 378 void NetFtpLoadFileA() {
 8719 2F4B              netftploadfilea:
 8720 2F4B              ; 379     push_pop(hl) {
 8721 2F4B E5           	push hl
 8722 2F4C              ; 380         hl = Net_buffer;
 8723 2F4C 21 53 41     	ld hl, net_buffer
 8724 2F4F              ; 381         *hl = a;
 8725 2F4F 77           	ld (hl), a
 8726 2F50              ; 382         h = 28; // FTP_FILE_DOWNLOAD, // 28
 8727 2F50 26 1C        	ld h, 28
 8728 2F52              ; 383         l = 1; // Len NedBuffer
 8729 2F52 2E 01        	ld l, 1
 8730 2F54              ; 384         ESPSendHL();
 8731 2F54 CD FF 2B     	call espsendhl
 8732 2F57 E1           	pop hl
 8733 2F58 C9           	ret
 8734 2F59              ; 385     }
 8735 2F59              ; 386 }
 8736 2F59              ; 387
 8737 2F59              ; 388 void NetFtpLoadFileNext() {
 8738 2F59              netftploadfilenext:
 8739 2F59              ; 389     push_pop(hl, bc) {
 8740 2F59 E5           	push hl
 8741 2F5A C5           	push bc
 8742 2F5B              ; 390         b = 0;
 8743 2F5B 06 00        	ld b, 0
 8744 2F5D              ; 391         a = 1;
 8745 2F5D 3E 01        	ld a, 1
 8746 2F5F              ; 392         FileParserSumStateNext = a;
 8747 2F5F 32 05 40     	ld (fileparsersumstatenext), a
 8748 2F62              ; 393         do {
 8749 2F62              __l_541:
 8750 2F62              ; 394             //--
 8751 2F62              ; 395             hl = Net_buffer;
 8752 2F62 21 53 41     	ld hl, net_buffer
 8753 2F65              ; 396             a = FileParserSumStateNext;
 8754 2F65 3A 05 40     	ld a, (fileparsersumstatenext)
 8755 2F68              ; 397             *hl = a;
 8756 2F68 77           	ld (hl), a
 8757 2F69              ; 398             //--
 8758 2F69              ; 399             h = 29; // FTP_FILE_DOWNLOAD_NEXT, // 29
 8759 2F69 26 1D        	ld h, 29
 8760 2F6B              ; 400             l = 1; // Len NedBuffer
 8761 2F6B 2E 01        	ld l, 1
 8762 2F6D              ; 401             ESPSendAndGetHL();
 8763 2F6D CD 47 2C     	call espsendandgethl
 8764 2F70              ; 402             //--
 8765 2F70              ; 403             if ((a = l) > 0) {
 8766 2F70 7D           	ld a, l
 8767 2F71 B7           	or a
 8768 2F72 CA 94 2F     	jp z, __l_544
 8769 2F75              ; 404                 FileParserFtpLoadFileNextParse();
 8770 2F75 CD 0E 3E     	call fileparserftploadfilenextparse
 8771 2F78              ; 405                 if ((a = FileParserSumStateNext) == 0x01) {
 8772 2F78 3A 05 40     	ld a, (fileparsersumstatenext)
 8773 2F7B FE 01        	cp 1
 8774 2F7D C2 94 2F     	jp nz, __l_546
 8775 2F80              ; 406                     if ((a = b) == 0) {
 8776 2F80 78           	ld a, b
 8777 2F81 B7           	or a
 8778 2F82 C2 89 2F     	jp nz, __l_548
 8779 2F85              ; 407                         b = l;
 8780 2F85 45           	ld b, l
 8781 2F86 C3 94 2F     	jp __l_549
 8782 2F89              __l_548:
 8783 2F89              ; 408                     } else {
 8784 2F89              ; 409                         if ((a = l) < b) {
 8785 2F89 7D           	ld a, l
 8786 2F8A B8           	cp b
 8787 2F8B D2 93 2F     	jp nc, __l_550
 8788 2F8E              ; 410                             l = 0; // Новый пакет короче старого - скорее всего больше нет данных
 8789 2F8E 2E 00        	ld l, 0
 8790 2F90 C3 94 2F     	jp __l_551
 8791 2F93              __l_550:
 8792 2F93              ; 411                         } else {
 8793 2F93              ; 412                             b = l;
 8794 2F93 45           	ld b, l
 8795 2F94              __l_551:
 8796 2F94              __l_549:
 8797 2F94              __l_546:
 8798 2F94              __l_544:
 8799 2F94              __l_542:
 8800 2F94              ; 413                         }
 8801 2F94              ; 414                     }
 8802 2F94              ; 415                 }
 8803 2F94              ; 416             }
 8804 2F94              ; 417         } while ((a = l) > 0);
 8805 2F94 7D           	ld a, l
 8806 2F95 B7           	or a
 8807 2F96 C2 62 2F     	jp nz, __l_541
 8808 2F99 C1           	pop bc
 8809 2F9A E1           	pop hl
 8810 2F9B C9           	ret
 8811 2F9C              ; 11 void ThreadsTickNow() {
 8812 2F9C              threadsticknow:
 8813 2F9C              ; 12     a = 101;
 8814 2F9C 3E 65        	ld a, 101
 8815 2F9E              ; 13     ThreadsTickCount = a;
 8816 2F9E 32 2F 31     	ld (threadstickcount), a
 8817 2FA1 C9           	ret
 8818 2FA2              ; 14 }
 8819 2FA2              ; 15
 8820 2FA2              ; 16 void ThreadsTick() {
 8821 2FA2              threadstick:
 8822 2FA2              ; 17     #ifdef _IS_SIMULATOR
 8823 2FA2              ; 18
 8824 2FA2              ; 19     #else
 8825 2FA2              ; 20     if ((a = ThreadsTickCount) >= 50) { //50
 8826 2FA2 3A 2F 31     	ld a, (threadstickcount)
 8827 2FA5 FE 32        	cp 50
 8828 2FA7 DA B5 2F     	jp c, __l_552
 8829 2FAA              ; 21         a = 0;
 8830 2FAA 3E 00        	ld a, 0
 8831 2FAC              ; 22         ThreadsTickCount = a;
 8832 2FAC 32 2F 31     	ld (threadstickcount), a
 8833 2FAF              ; 23         //--
 8834 2FAF              ; 24         ThreadsNetUpdateState();
 8835 2FAF CD B9 2F     	call threadsnetupdatestate
 8836 2FB2 C3 B8 2F     	jp __l_553
 8837 2FB5              __l_552:
 8838 2FB5              ; 25     } else {
 8839 2FB5              ; 26         ThreadsTickCountNext();
 8840 2FB5 CD EC 2F     	call threadstickcountnext
 8841 2FB8              __l_553:
 8842 2FB8 C9           	ret
 8843 2FB9              ; 27     }
 8844 2FB9              ; 28     #endif
 8845 2FB9              ; 29 }
 8846 2FB9              ; 30
 8847 2FB9              ; 31 void ThreadsNetUpdateState() {
 8848 2FB9              threadsnetupdatestate:
 8849 2FB9              ; 32     CurrentViewDiskOrFtpViewByIdA(a = CurrentViewId);
 8850 2FB9 3A 4D 25     	ld a, (currentviewid)
 8851 2FBC CD 13 25     	call currentviewdiskorftpviewbyida
 8852 2FBF              ; 33     if (a == 1) {
 8853 2FBF FE 01        	cp 1
 8854 2FC1 C2 CA 2F     	jp nz, __l_554
 8855 2FC4              ; 34         NetGetAllStatus();
 8856 2FC4 CD 06 2D     	call netgetallstatus
 8857 2FC7              ; 35         ThreadsNetNeedStateChange();
 8858 2FC7 CD CB 2F     	call threadsnetneedstatechange
 8859 2FCA              __l_554:
 8860 2FCA C9           	ret
 8861 2FCB              ; 36     }
 8862 2FCB              ; 37 }
 8863 2FCB              ; 38
 8864 2FCB              ; 39 void ThreadsNetNeedStateChange() {
 8865 2FCB              threadsnetneedstatechange:
 8866 2FCB              ; 40     if ((a = WiFiNetStateChange) == 1) {
 8867 2FCB 3A 4F 25     	ld a, (wifinetstatechange)
 8868 2FCE FE 01        	cp 1
 8869 2FD0 C2 DB 2F     	jp nz, __l_556
 8870 2FD3              ; 41         ThreadsNetNeedUpdateWiFiData();
 8871 2FD3 CD 26 30     	call threadsnetneedupdatewifidata
 8872 2FD6              ; 42         a = 0;
 8873 2FD6 3E 00        	ld a, 0
 8874 2FD8              ; 43         WiFiNetStateChange = a;
 8875 2FD8 32 4F 25     	ld (wifinetstatechange), a
 8876 2FDB              __l_556:
 8877 2FDB              ; 44     }
 8878 2FDB              ; 45     if ((a = FtpNetStateChange) == 1) {
 8879 2FDB 3A 4E 25     	ld a, (ftpnetstatechange)
 8880 2FDE FE 01        	cp 1
 8881 2FE0 C2 EB 2F     	jp nz, __l_558
 8882 2FE3              ; 46         ThreadsNetNeedUpdateFtpData();
 8883 2FE3 CD 64 30     	call threadsnetneedupdateftpdata
 8884 2FE6              ; 47         a = 0;
 8885 2FE6 3E 00        	ld a, 0
 8886 2FE8              ; 48         FtpNetStateChange = a;
 8887 2FE8 32 4E 25     	ld (ftpnetstatechange), a
 8888 2FEB              __l_558:
 8889 2FEB C9           	ret
 8890 2FEC              ; 49     }
 8891 2FEC              ; 50 }
 8892 2FEC              ; 51
 8893 2FEC              ; 52 void ThreadsTickCountNext() {
 8894 2FEC              threadstickcountnext:
 8895 2FEC              ; 53     push_pop(hl) {
 8896 2FEC E5           	push hl
 8897 2FED              ; 54         hl = ThreadsTickSubCount;
 8898 2FED 2A 2D 31     	ld hl, (threadsticksubcount)
 8899 2FF0              ; 55         // Compare hl == 0
 8900 2FF0              ; 56         a = h;
 8901 2FF0 7C           	ld a, h
 8902 2FF1              ; 57         a |= l;
 8903 2FF1 B5           	or l
 8904 2FF2              ; 58         if (a == 0) {
 8905 2FF2 B7           	or a
 8906 2FF3 C2 03 30     	jp nz, __l_560
 8907 2FF6              ; 59             //-- TickCount ++
 8908 2FF6              ; 60             a = ThreadsTickCount;
 8909 2FF6 3A 2F 31     	ld a, (threadstickcount)
 8910 2FF9              ; 61             a++;
 8911 2FF9 3C           	inc a
 8912 2FFA              ; 62             ThreadsTickCount = a;
 8913 2FFA 32 2F 31     	ld (threadstickcount), a
 8914 2FFD              ; 63             //-- TickSubCount = max
 8915 2FFD              ; 64             hl = 0x100; //0x800; //0x1000; //0x300;
 8916 2FFD 21 00 01     	ld hl, 256
 8917 3000 C3 04 30     	jp __l_561
 8918 3003              __l_560:
 8919 3003              ; 65         } else {
 8920 3003              ; 66             hl--;
 8921 3003 2B           	dec hl
 8922 3004              __l_561:
 8923 3004              ; 67         }
 8924 3004              ; 68         ThreadsTickSubCount = hl;
 8925 3004 22 2D 31     	ld (threadsticksubcount), hl
 8926 3007 E1           	pop hl
 8927 3008 C9           	ret
 8928 3009              ; 69     }
 8929 3009              ; 70 }
 8930 3009              ; 71
 8931 3009              ; 72 void delay50ms() {
 8932 3009              delay50ms:
 8933 3009              ; 73     push_pop(bc) {
 8934 3009 C5           	push bc
 8935 300A              ; 74         bc = 0xFFFF;
 8936 300A 01 FF FF     	ld bc, 65535
 8937 300D              ; 75         do {
 8938 300D              __l_562:
 8939 300D              ; 76             bc--;
 8940 300D 0B           	dec bc
 8941 300E              ; 77             a = b;
 8942 300E 78           	ld a, b
 8943 300F              ; 78             a |= c;
 8944 300F B1           	or c
 8945 3010              __l_563:
 8946 3010 C2 0D 30     	jp nz, __l_562
 8947 3013 C1           	pop bc
 8948 3014 C9           	ret
 8949 3015              ; 79         } while (flag_nz);
 8950 3015              ; 80     }
 8951 3015              ; 81 }
 8952 3015              ; 82
 8953 3015              ; 83 void NetUpdateData() {
 8954 3015              netupdatedata:
 8955 3015              ; 84     NetDiskGetNum();
 8956 3015 CD 13 2D     	call netdiskgetnum
 8957 3018              ; 85     if (a == 1) { // Обновляем локальный диск
 8958 3018 FE 01        	cp 1
 8959 301A C2 20 30     	jp nz, __l_565
 8960 301D              ; 86         DiskViewReload();
 8961 301D CD 66 20     	call diskviewreload
 8962 3020              __l_565:
 8963 3020              ; 87     }
 8964 3020              ; 88     // NEXT
 8965 3020              ; 89     ThreadsNetNeedUpdateFtpValue();
 8966 3020 CD 96 30     	call threadsnetneedupdateftpvalue
 8967 3023              ; 90     ThreadsNetNeedUpdateWiFiValue();
 8968 3023 C3 35 30     	jp threadsnetneedupdatewifivalue
 8969 3026              ; 91 }
 8970 3026              ; 92
 8971 3026              ; 93 // ----------------------------------
 8972 3026              ; 94 // ------------ WiFi ----------------
 8973 3026              ; 95 // ----------------------------------
 8974 3026              ; 96 void ThreadsNetNeedUpdateWiFiData() {
 8975 3026              threadsnetneedupdatewifidata:
 8976 3026              ; 97     NetWiFiGetSsidIp();
 8977 3026 CD 31 2D     	call netwifigetssidip
 8978 3029              ; 98     WiFiHeaderViewShowValue();
 8979 3029 C3 E7 13     	jp wifiheaderviewshowvalue
 8980 302C              ; 99 }
 8981 302C              ; 100
 8982 302C              ; 101 void ThreadsNetPasswordUpdate() {
 8983 302C              threadsnetpasswordupdate:
 8984 302C              ; 102     NetWiFiSetSsidPassword();
 8985 302C CD 5B 2D     	call netwifisetssidpassword
 8986 302F              ; 103     nop();
 8987 302F 00           	nop
 8988 3030              ; 104     NetWiFiGetSsidPassword();
 8989 3030 CD 46 2D     	call netwifigetssidpassword
 8990 3033              ; 105     nop();
 8991 3033 00           	nop
 8992 3034 C9           	ret
 8993 3035              ; 106 }
 8994 3035              ; 107
 8995 3035              ; 108 void ThreadsNetNeedUpdateWiFiValue() {
 8996 3035              threadsnetneedupdatewifivalue:
 8997 3035              ; 109     NetWiFiGetSsidIp();
 8998 3035 CD 31 2D     	call netwifigetssidip
 8999 3038              ; 110     NetWiFiGetSsidMac();
 9000 3038 CD 6F 2D     	call netwifigetssidmac
 9001 303B              ; 111     NetWiFiGetSsid();
 9002 303B CD 84 2D     	call netwifigetssid
 9003 303E              ; 112     NetWiFiGetSsidPassword();
 9004 303E CD 46 2D     	call netwifigetssidpassword
 9005 3041              ; 113     // UI
 9006 3041              ; 114     WiFiHeaderViewShowValue();
 9007 3041 C3 E7 13     	jp wifiheaderviewshowvalue
 9008 3044              ; 115 }
 9009 3044              ; 116
 9010 3044              ; 117 void ThreadsNetSsidUpdateA() {
 9011 3044              threadsnetssidupdatea:
 9012 3044              ; 118     NetWiFiSetListA();
 9013 3044 CD 99 2D     	call netwifisetlista
 9014 3047              ; 119     NetWiFiGetSsid();
 9015 3047 CD 84 2D     	call netwifigetssid
 9016 304A              ; 120     WiFiHeaderViewShowValue();
 9017 304A C3 E7 13     	jp wifiheaderviewshowvalue
 9018 304D              ; 121 }
 9019 304D              ; 122
 9020 304D              ; 123 void ThreadsNetSetWiFiStateA() {
 9021 304D              threadsnetsetwifistatea:
 9022 304D              ; 124     push_pop(bc) {
 9023 304D C5           	push bc
 9024 304E              ; 125         a &= 0x01;
 9025 304E E6 01        	and 1
 9026 3050              ; 126         b = a;
 9027 3050 47           	ld b, a
 9028 3051              ; 127         // Old Value
 9029 3051              ; 128         a = WiFiSettingsViewSSIDIsConnected;
 9030 3051 3A AE 16     	ld a, (wifisettingsviewssidisconnected)
 9031 3054              ; 129         c = a;
 9032 3054 4F           	ld c, a
 9033 3055              ; 130         // --
 9034 3055              ; 131         a = b;
 9035 3055 78           	ld a, b
 9036 3056              ; 132         WiFiSettingsViewSSIDIsConnected = a;
 9037 3056 32 AE 16     	ld (wifisettingsviewssidisconnected), a
 9038 3059              ; 133         if(a != c){
 9039 3059 B9           	cp c
 9040 305A CA 62 30     	jp z, __l_567
 9041 305D              ; 134             a = 0x01;
 9042 305D 3E 01        	ld a, 1
 9043 305F              ; 135             WiFiNetStateChange = a;
 9044 305F 32 4F 25     	ld (wifinetstatechange), a
 9045 3062              __l_567:
 9046 3062 C1           	pop bc
 9047 3063 C9           	ret
 9048 3064              ; 136         }
 9049 3064              ; 137     }
 9050 3064              ; 138 }
 9051 3064              ; 139
 9052 3064              ; 140 // ----------------------------------
 9053 3064              ; 141 // ------------ Ftp  ----------------
 9054 3064              ; 142 // ----------------------------------
 9055 3064              ; 143 void ThreadsNetNeedUpdateFtpData() {
 9056 3064              threadsnetneedupdateftpdata:
 9057 3064              ; 144     FtpHeaderViewShowValue();
 9058 3064 CD D1 12     	call ftpheaderviewshowvalue
 9059 3067              ; 145     // Update ftp dir
 9060 3067              ; 146     NetSetIsDsDos();
 9061 3067 CD EC 2C     	call netsetisdsdos
 9062 306A              ; 147     NetFtpGetCurrentPath();
 9063 306A CD D0 2E     	call netftpgetcurrentpath
 9064 306D              ; 148     FtpViewShowPath();
 9065 306D CD 21 1A     	call ftpviewshowpath
 9066 3070              ; 149
 9067 3070              ; 150     CurrentViewDiskOrFtpViewByIdA(a = CurrentViewId);
 9068 3070 3A 4D 25     	ld a, (currentviewid)
 9069 3073 CD 13 25     	call currentviewdiskorftpviewbyida
 9070 3076              ; 151     if (a == 1) {
 9071 3076 FE 01        	cp 1
 9072 3078 C2 95 30     	jp nz, __l_569
 9073 307B              ; 152         if ((a = FtpHeaderViewStatus) == 1) {
 9074 307B 3A 59 13     	ld a, (ftpheaderviewstatus)
 9075 307E FE 01        	cp 1
 9076 3080 C2 8F 30     	jp nz, __l_571
 9077 3083              ; 153             NetSetIsDsDos();
 9078 3083 CD EC 2C     	call netsetisdsdos
 9079 3086              ; 154             NetFtpUpdateList();
 9080 3086 CD E3 2E     	call netftpupdatelist
 9081 3089              ; 155             NetFtpListFiles();
 9082 3089 CD F3 2E     	call netftplistfiles
 9083 308C C3 92 30     	jp __l_572
 9084 308F              __l_571:
 9085 308F              ; 156         } else {
 9086 308F              ; 157             FtpViewEmptyList();
 9087 308F CD 17 1D     	call ftpviewemptylist
 9088 3092              __l_572:
 9089 3092              ; 158         }
 9090 3092              ; 159         FtpViewListUpdateUI();
 9091 3092 CD 3E 1D     	call ftpviewlistupdateui
 9092 3095              __l_569:
 9093 3095 C9           	ret
 9094 3096              ; 160     }
 9095 3096              ; 161 }
 9096 3096              ; 162
 9097 3096              ; 163 void ThreadsNetNeedUpdateFtpValue() {
 9098 3096              threadsnetneedupdateftpvalue:
 9099 3096              ; 164     NetFtpGetUrl();
 9100 3096 CD 7E 2E     	call netftpgeturl
 9101 3099              ; 165     NetFtpGetHomeDir();
 9102 3099 CD 03 2E     	call netftpgethomedir
 9103 309C              ; 166     NetFtpGetPort();
 9104 309C CD A7 2E     	call netftpgetport
 9105 309F              ; 167     NetFtpGetUser();
 9106 309F CD 2C 2E     	call netftpgetuser
 9107 30A2              ; 168     NetFtpGetPassword();
 9108 30A2 CD 55 2E     	call netftpgetpassword
 9109 30A5              ; 169     // UI
 9110 30A5              ; 170     FtpHeaderViewShowValue();
 9111 30A5 C3 D1 12     	jp ftpheaderviewshowvalue
 9112 30A8              ; 171 }
 9113 30A8              ; 172
 9114 30A8              ; 173 void ThreadsNetFtpHomeDirUpdate() {
 9115 30A8              threadsnetftphomedirupdate:
 9116 30A8              ; 174     NetFtpSetHomeDir();
 9117 30A8 CD 18 2E     	call netftpsethomedir
 9118 30AB              ; 175     NetFtpGetHomeDir();
 9119 30AB C3 03 2E     	jp netftpgethomedir
 9120 30AE              ; 176 }
 9121 30AE              ; 177
 9122 30AE              ; 178 void ThreadsNetFtpUserUpdate() {
 9123 30AE              threadsnetftpuserupdate:
 9124 30AE              ; 179     NetFtpSetUser();
 9125 30AE CD 41 2E     	call netftpsetuser
 9126 30B1              ; 180     NetFtpGetUser();
 9127 30B1 C3 2C 2E     	jp netftpgetuser
 9128 30B4              ; 181 }
 9129 30B4              ; 182
 9130 30B4              ; 183 void ThreadsNetFtpPasswordUpdate() {
 9131 30B4              threadsnetftppasswordupdate:
 9132 30B4              ; 184     NetFtpSetPassword();
 9133 30B4 CD 6A 2E     	call netftpsetpassword
 9134 30B7              ; 185     NetFtpGetPassword();
 9135 30B7 C3 55 2E     	jp netftpgetpassword
 9136 30BA              ; 186 }
 9137 30BA              ; 187
 9138 30BA              ; 188 void ThreadsNetFtpServerUrlUpdate() {
 9139 30BA              threadsnetftpserverurlupdate:
 9140 30BA              ; 189     NetFtpSetUrl();
 9141 30BA CD 93 2E     	call netftpseturl
 9142 30BD              ; 190     NetFtpGetUrl();
 9143 30BD C3 7E 2E     	jp netftpgeturl
 9144 30C0              ; 191 }
 9145 30C0              ; 192
 9146 30C0              ; 193 void ThreadsNetFtpPortUpdate() {
 9147 30C0              threadsnetftpportupdate:
 9148 30C0              ; 194     NetFtpSetPort();
 9149 30C0 CD BC 2E     	call netftpsetport
 9150 30C3              ; 195     NetFtpGetPort();
 9151 30C3 C3 A7 2E     	jp netftpgetport
 9152 30C6              ; 196 }
 9153 30C6              ; 197
 9154 30C6              ; 198 void ThreadsNetFtpGoToHomeDir() {
 9155 30C6              threadsnetftpgotohomedir:
 9156 30C6              ; 199     NetFtpGoToHomeDir();
 9157 30C6 CD 33 2F     	call netftpgotohomedir
 9158 30C9              ; 200     NetSetIsDsDos();
 9159 30C9 CD EC 2C     	call netsetisdsdos
 9160 30CC              ; 201     NetFtpGetCurrentPath();
 9161 30CC CD D0 2E     	call netftpgetcurrentpath
 9162 30CF              ; 202     FtpViewShowPath();
 9163 30CF CD 21 1A     	call ftpviewshowpath
 9164 30D2              ; 203     if ((a = FtpHeaderViewStatus) == 1) {
 9165 30D2 3A 59 13     	ld a, (ftpheaderviewstatus)
 9166 30D5 FE 01        	cp 1
 9167 30D7 C2 E3 30     	jp nz, __l_573
 9168 30DA              ; 204         NetFtpUpdateList();
 9169 30DA CD E3 2E     	call netftpupdatelist
 9170 30DD              ; 205         NetFtpListFiles();
 9171 30DD CD F3 2E     	call netftplistfiles
 9172 30E0 C3 E6 30     	jp __l_574
 9173 30E3              __l_573:
 9174 30E3              ; 206     } else {
 9175 30E3              ; 207         FtpViewEmptyList();
 9176 30E3 CD 17 1D     	call ftpviewemptylist
 9177 30E6              __l_574:
 9178 30E6              ; 208     }
 9179 30E6              ; 209     FtpViewListUpdateUI();
 9180 30E6 C3 3E 1D     	jp ftpviewlistupdateui
 9181 30E9              ; 210 }
 9182 30E9              ; 211
 9183 30E9              ; 212 void ThreadsNetFtpDeleteFileA() {
 9184 30E9              threadsnetftpdeletefilea:
 9185 30E9              ; 213     NetFtpDeleteFileIndexA();
 9186 30E9 CD 3D 2F     	call netftpdeletefileindexa
 9187 30EC              ; 214     NetSetIsDsDos();
 9188 30EC CD EC 2C     	call netsetisdsdos
 9189 30EF              ; 215     NetFtpUpdateList();
 9190 30EF CD E3 2E     	call netftpupdatelist
 9191 30F2              ; 216     NetFtpListFiles();
 9192 30F2 CD F3 2E     	call netftplistfiles
 9193 30F5              ; 217     FtpViewListUpdateUI();
 9194 30F5 C3 3E 1D     	jp ftpviewlistupdateui
 9195 30F8              ; 218 }
 9196 30F8              ; 219
 9197 30F8              ; 220 void ThreadsNetSetFtpStateA() {
 9198 30F8              threadsnetsetftpstatea:
 9199 30F8              ; 221     push_pop(bc) {
 9200 30F8 C5           	push bc
 9201 30F9              ; 222         a &= 0x01;
 9202 30F9 E6 01        	and 1
 9203 30FB              ; 223         b = a;
 9204 30FB 47           	ld b, a
 9205 30FC              ; 224         // Old Value
 9206 30FC              ; 225         a = FtpHeaderViewStatus;
 9207 30FC 3A 59 13     	ld a, (ftpheaderviewstatus)
 9208 30FF              ; 226         c = a;
 9209 30FF 4F           	ld c, a
 9210 3100              ; 227         // --
 9211 3100              ; 228         a = b;
 9212 3100 78           	ld a, b
 9213 3101              ; 229         FtpHeaderViewStatus = a;
 9214 3101 32 59 13     	ld (ftpheaderviewstatus), a
 9215 3104              ; 230         if(a != c){
 9216 3104 B9           	cp c
 9217 3105 CA 0D 31     	jp z, __l_575
 9218 3108              ; 231             a = 0x01;
 9219 3108 3E 01        	ld a, 1
 9220 310A              ; 232             FtpNetStateChange = a;
 9221 310A 32 4E 25     	ld (ftpnetstatechange), a
 9222 310D              __l_575:
 9223 310D C1           	pop bc
 9224 310E C9           	ret
 9225 310F              ; 233         }
 9226 310F              ; 234     }
 9227 310F              ; 235 }
 9228 310F              ; 236
 9229 310F              ; 237 void ThreadsNetDetectError() {
 9230 310F              threadsnetdetecterror:
 9231 310F              ; 238     push_pop(bc, hl) {
 9232 310F C5           	push bc
 9233 3110 E5           	push hl
 9234 3111              ; 239         if ((a = ESPError) > 0) {
 9235 3111 3A B6 2C     	ld a, (esperror)
 9236 3114 B7           	or a
 9237 3115 CA 2A 31     	jp z, __l_577
 9238 3118              ; 240             b = a;
 9239 3118 47           	ld b, a
 9240 3119              ; 241             // Clear error
 9241 3119              ; 242             a = 0;
 9242 3119 3E 00        	ld a, 0
 9243 311B              ; 243             ESPError = a;
 9244 311B 32 B6 2C     	ld (esperror), a
 9245 311E              ; 244             //-- ENUM
 9246 311E              ; 245             if ((a = b) == ESPError_TimeOut) {
 9247 311E 78           	ld a, b
 9248 311F FE 01        	cp 1
 9249 3121 C2 2A 31     	jp nz, __l_579
 9250 3124              ; 246                 AllertOkViewShowHL(hl = StringLocaleNetTimeOut);
 9251 3124 21 E7 28     	ld hl, stringlocalenettimeout
 9252 3127 CD D1 3B     	call allertokviewshowhl
 9253 312A              __l_579:
 9254 312A              __l_577:
 9255 312A E1           	pop hl
 9256 312B C1           	pop bc
 9257 312C C9           	ret
 9258 312D              ; 247             }
 9259 312D              ; 248         }
 9260 312D              ; 249     }
 9261 312D              ; 250 }
 9262 312D              ; 251
 9263 312D              ; 252 uint16_t ThreadsTickSubCount = 0x0000;
 9264 312D              threadsticksubcount:
 9265 312D 00 00        	dw 0
 9266 312F              ; 253 uint8_t ThreadsTickCount = 0;
 9267 312F              threadstickcount:
 9268 312F 00           	db 0
 9269 3130              ; 11 void NetGetAllStatusParse() {
 9270 3130              netgetallstatusparse:
 9271 3130              ; 12     if ((a = l) > 0) {
 9272 3130 7D           	ld a, l
 9273 3131 B7           	or a
 9274 3132 CA 53 31     	jp z, __l_581
 9275 3135              ; 13         NetGetAllStatusParseSum();
 9276 3135 CD 54 31     	call netgetallstatusparsesum
 9277 3138              ; 14         if ((a = NetGetAllStatusParseSumState) == 1) {
 9278 3138 3A 0D 33     	ld a, (netgetallstatusparsesumstate)
 9279 313B FE 01        	cp 1
 9280 313D C2 53 31     	jp nz, __l_583
 9281 3140              ; 15             hl = Net_buffer;
 9282 3140 21 53 41     	ld hl, net_buffer
 9283 3143              ; 16             //-- 0x3C
 9284 3143              ; 17             hl++;
 9285 3143 23           	inc hl
 9286 3144              ; 18             //-- WIFIflag
 9287 3144              ; 19             ThreadsNetSetWiFiStateA(a = *hl);
 9288 3144 7E           	ld a, (hl)
 9289 3145 CD 4D 30     	call threadsnetsetwifistatea
 9290 3148              ; 20             hl++;
 9291 3148 23           	inc hl
 9292 3149              ; 21             //-- FtpConnected
 9293 3149              ; 22             ThreadsNetSetFtpStateA(a = *hl);
 9294 3149 7E           	ld a, (hl)
 9295 314A CD F8 30     	call threadsnetsetftpstatea
 9296 314D              ; 23             hl++;
 9297 314D 23           	inc hl
 9298 314E              ; 24             //-- espError
 9299 314E              ; 25             ESPErrorParserA(a = *hl);
 9300 314E 7E           	ld a, (hl)
 9301 314F CD B7 2C     	call esperrorparsera
 9302 3152              ; 26             hl++;
 9303 3152 23           	inc hl
 9304 3153              __l_583:
 9305 3153              __l_581:
 9306 3153 C9           	ret
 9307 3154              ; 27         }
 9308 3154              ; 28     }
 9309 3154              ; 29 }
 9310 3154              ; 30
 9311 3154              ; 31 void NetGetAllStatusParseSum() {
 9312 3154              netgetallstatusparsesum:
 9313 3154              ; 32     push_pop(hl, bc) {
 9314 3154 E5           	push hl
 9315 3155 C5           	push bc
 9316 3156              ; 33         b = l;
 9317 3156 45           	ld b, l
 9318 3157              ; 34         b--;
 9319 3157 05           	dec b
 9320 3158              ; 35         hl = Net_buffer;
 9321 3158 21 53 41     	ld hl, net_buffer
 9322 315B              ; 36         c = 0;
 9323 315B 0E 00        	ld c, 0
 9324 315D              ; 37         a = *hl;
 9325 315D 7E           	ld a, (hl)
 9326 315E              ; 38         if (a == 0x3C) {
 9327 315E FE 3C        	cp 60
 9328 3160 C2 82 31     	jp nz, __l_585
 9329 3163              ; 39             do {
 9330 3163              __l_587:
 9331 3163              ; 40                 a = *hl;
 9332 3163 7E           	ld a, (hl)
 9333 3164              ; 41                 a += c;
 9334 3164 81           	add c
 9335 3165              ; 42                 c = a;
 9336 3165 4F           	ld c, a
 9337 3166              ; 43                 hl++;
 9338 3166 23           	inc hl
 9339 3167              ; 44                 b--;
 9340 3167 05           	dec b
 9341 3168              __l_588:
 9342 3168              ; 45             } while ((a = b) > 0);
 9343 3168 78           	ld a, b
 9344 3169 B7           	or a
 9345 316A C2 63 31     	jp nz, __l_587
 9346 316D              ; 46             a = *hl;
 9347 316D 7E           	ld a, (hl)
 9348 316E              ; 47             if (a == c) {
 9349 316E B9           	cp c
 9350 316F C2 7A 31     	jp nz, __l_590
 9351 3172              ; 48                 a = 0x01;
 9352 3172 3E 01        	ld a, 1
 9353 3174              ; 49                 NetGetAllStatusParseSumState = a;
 9354 3174 32 0D 33     	ld (netgetallstatusparsesumstate), a
 9355 3177 C3 7F 31     	jp __l_591
 9356 317A              __l_590:
 9357 317A              ; 50             } else {
 9358 317A              ; 51                 a = 0x00;
 9359 317A 3E 00        	ld a, 0
 9360 317C              ; 52                 NetGetAllStatusParseSumState = a;
 9361 317C 32 0D 33     	ld (netgetallstatusparsesumstate), a
 9362 317F              __l_591:
 9363 317F C3 87 31     	jp __l_586
 9364 3182              __l_585:
 9365 3182              ; 53             }
 9366 3182              ; 54         } else {
 9367 3182              ; 55             a = 0x00;
 9368 3182 3E 00        	ld a, 0
 9369 3184              ; 56             NetGetAllStatusParseSumState = a;
 9370 3184 32 0D 33     	ld (netgetallstatusparsesumstate), a
 9371 3187              __l_586:
 9372 3187 C1           	pop bc
 9373 3188 E1           	pop hl
 9374 3189 C9           	ret
 9375 318A              ; 57         }
 9376 318A              ; 58     }
 9377 318A              ; 59 }
 9378 318A              ; 60
 9379 318A              ; 61 void ParserDiskRequest() {
 9380 318A              parserdiskrequest:
 9381 318A              ; 62     push_pop(de, bc) {
 9382 318A D5           	push de
 9383 318B C5           	push bc
 9384 318C              ; 63         // SUMM
 9385 318C              ; 64         c = 0;
 9386 318C 0E 00        	ld c, 0
 9387 318E              ; 65         //-- Buffer
 9388 318E              ; 66         de = Net_buffer;
 9389 318E 11 53 41     	ld de, net_buffer
 9390 3191              ; 67         // - init
 9391 3191              ; 68         a = 0x3C;
 9392 3191 3E 3C        	ld a, 60
 9393 3193              ; 69         *de = a;
 9394 3193 12           	ld (de), a
 9395 3194              ; 70         de++;
 9396 3194 13           	inc de
 9397 3195              ; 71         a += c;
 9398 3195 81           	add c
 9399 3196              ; 72         c = a;
 9400 3196 4F           	ld c, a
 9401 3197              ; 73         // - disk
 9402 3197              ; 74         push_pop(bc) {
 9403 3197 C5           	push bc
 9404 3198              ; 75             bios(a = biosGetDiskC);
 9405 3198 3E 84        	ld a, 132
 9406 319A CD 00 F0     	call bios
 9407 319D              ; 76             a = c;
 9408 319D 79           	ld a, c
 9409 319E C1           	pop bc
 9410 319F              ; 77         }
 9411 319F              ; 78         *de = a;
 9412 319F 12           	ld (de), a
 9413 31A0              ; 79         de++;
 9414 31A0 13           	inc de
 9415 31A1              ; 80         a += c;
 9416 31A1 81           	add c
 9417 31A2              ; 81         c = a;
 9418 31A2 4F           	ld c, a
 9419 31A3              ; 82         // - summ
 9420 31A3              ; 83         a = c;
 9421 31A3 79           	ld a, c
 9422 31A4              ; 84         *de = a;
 9423 31A4 12           	ld (de), a
 9424 31A5 C1           	pop bc
 9425 31A6 D1           	pop de
 9426 31A7 C9           	ret
 9427 31A8              ; 85     }
 9428 31A8              ; 86 }
 9429 31A8              ; 87
 9430 31A8              ; 88 // Вых [A] - 1 - Успешно. 0 - Ошибка
 9431 31A8              ; 89 void ParserDiskResponse() {
 9432 31A8              parserdiskresponse:
 9433 31A8              ; 90     ParserDiskResponseSum();
 9434 31A8 CD D2 31     	call parserdiskresponsesum
 9435 31AB              ; 91     if (a == 1) {
 9436 31AB FE 01        	cp 1
 9437 31AD C2 CF 31     	jp nz, __l_592
 9438 31B0              ; 92         push_pop(de, bc) {
 9439 31B0 D5           	push de
 9440 31B1 C5           	push bc
 9441 31B2              ; 93             de = Net_buffer;
 9442 31B2 11 53 41     	ld de, net_buffer
 9443 31B5              ; 94             // init == 0x3C
 9444 31B5              ; 95             a = *de;
 9445 31B5 1A           	ld a, (de)
 9446 31B6              ; 96             de++;
 9447 31B6 13           	inc de
 9448 31B7              ; 97             if (a == 0x3C) {
 9449 31B7 FE 3C        	cp 60
 9450 31B9 C2 C8 31     	jp nz, __l_594
 9451 31BC              ; 98                 a = *de;
 9452 31BC 1A           	ld a, (de)
 9453 31BD              ; 99                 bios(c = a , a = biosSetDiskC);
 9454 31BD 4F           	ld c, a
 9455 31BE 3E 83        	ld a, 131
 9456 31C0 CD 00 F0     	call bios
 9457 31C3              ; 100                 a = 1;
 9458 31C3 3E 01        	ld a, 1
 9459 31C5 C3 CA 31     	jp __l_595
 9460 31C8              __l_594:
 9461 31C8              ; 101             } else {
 9462 31C8              ; 102                 a = 0;
 9463 31C8 3E 00        	ld a, 0
 9464 31CA              __l_595:
 9465 31CA C1           	pop bc
 9466 31CB D1           	pop de
 9467 31CC C3 D1 31     	jp __l_593
 9468 31CF              __l_592:
 9469 31CF              ; 103             }
 9470 31CF              ; 104         }
 9471 31CF              ; 105     } else {
 9472 31CF              ; 106         a = 0;
 9473 31CF 3E 00        	ld a, 0
 9474 31D1              __l_593:
 9475 31D1 C9           	ret
 9476 31D2              ; 107     }
 9477 31D2              ; 108 }
 9478 31D2              ; 109
 9479 31D2              ; 110 void ParserDiskResponseSum() {
 9480 31D2              parserdiskresponsesum:
 9481 31D2              ; 111     push_pop(de, bc) {
 9482 31D2 D5           	push de
 9483 31D3 C5           	push bc
 9484 31D4              ; 112         de = Net_buffer;
 9485 31D4 11 53 41     	ld de, net_buffer
 9486 31D7              ; 113         b = 2;
 9487 31D7 06 02        	ld b, 2
 9488 31D9              ; 114         c = 0;
 9489 31D9 0E 00        	ld c, 0
 9490 31DB              ; 115         do {
 9491 31DB              __l_596:
 9492 31DB              ; 116             a = *de;
 9493 31DB 1A           	ld a, (de)
 9494 31DC              ; 117             a += c;
 9495 31DC 81           	add c
 9496 31DD              ; 118             c = a;
 9497 31DD 4F           	ld c, a
 9498 31DE              ; 119             de++;
 9499 31DE 13           	inc de
 9500 31DF              ; 120             b--;
 9501 31DF 05           	dec b
 9502 31E0              __l_597:
 9503 31E0              ; 121         } while ((a = b) > 0);
 9504 31E0 78           	ld a, b
 9505 31E1 B7           	or a
 9506 31E2 C2 DB 31     	jp nz, __l_596
 9507 31E5              ; 122         a = *de;
 9508 31E5 1A           	ld a, (de)
 9509 31E6              ; 123         if (a == c) {
 9510 31E6 B9           	cp c
 9511 31E7 C2 EF 31     	jp nz, __l_599
 9512 31EA              ; 124             a = 1;
 9513 31EA 3E 01        	ld a, 1
 9514 31EC C3 F1 31     	jp __l_600
 9515 31EF              __l_599:
 9516 31EF              ; 125         } else {
 9517 31EF              ; 126             a = 0;
 9518 31EF 3E 00        	ld a, 0
 9519 31F1              __l_600:
 9520 31F1 C1           	pop bc
 9521 31F2 D1           	pop de
 9522 31F3 C9           	ret
 9523 31F4              ; 127         }
 9524 31F4              ; 128     }
 9525 31F4              ; 129 }
 9526 31F4              ; 130
 9527 31F4              ; 131 /// HL - point Str
 9528 31F4              ; 132 /// B - Len Str
 9529 31F4              ; 133 /// C - Len buffer
 9530 31F4              ; 134 void ParserBufferToHL() {
 9531 31F4              parserbuffertohl:
 9532 31F4              ; 135     push_pop(de) {
 9533 31F4 D5           	push de
 9534 31F5              ; 136         de = Net_buffer;
 9535 31F5 11 53 41     	ld de, net_buffer
 9536 31F8              ; 137         do {
 9537 31F8              __l_601:
 9538 31F8              ; 138             if ((a = c) > 0) {
 9539 31F8 79           	ld a, c
 9540 31F9 B7           	or a
 9541 31FA CA 04 32     	jp z, __l_604
 9542 31FD              ; 139                 a = *de;
 9543 31FD 1A           	ld a, (de)
 9544 31FE              ; 140                 *hl = a;
 9545 31FE 77           	ld (hl), a
 9546 31FF              ; 141                 c--;
 9547 31FF 0D           	dec c
 9548 3200              ; 142                 de++;
 9549 3200 13           	inc de
 9550 3201 C3 07 32     	jp __l_605
 9551 3204              __l_604:
 9552 3204              ; 143             } else {
 9553 3204              ; 144                 a = 0;
 9554 3204 3E 00        	ld a, 0
 9555 3206              ; 145                 *hl = a;
 9556 3206 77           	ld (hl), a
 9557 3207              __l_605:
 9558 3207              ; 146             }
 9559 3207              ; 147             hl++;
 9560 3207 23           	inc hl
 9561 3208              ; 148             b--;
 9562 3208 05           	dec b
 9563 3209              __l_602:
 9564 3209              ; 149         } while ((a = b) > 0);
 9565 3209 78           	ld a, b
 9566 320A B7           	or a
 9567 320B C2 F8 31     	jp nz, __l_601
 9568 320E D1           	pop de
 9569 320F C9           	ret
 9570 3210              ; 150     }
 9571 3210              ; 151 }
 9572 3210              ; 152
 9573 3210              ; 153 void ParserHLToBuffer() {
 9574 3210              parserhltobuffer:
 9575 3210              ; 154     push_pop(bc, de) {
 9576 3210 C5           	push bc
 9577 3211 D5           	push de
 9578 3212              ; 155         de = Net_buffer;
 9579 3212 11 53 41     	ld de, net_buffer
 9580 3215              ; 156         do {
 9581 3215              __l_606:
 9582 3215              ; 157             a = *hl;
 9583 3215 7E           	ld a, (hl)
 9584 3216              ; 158             *de = a;
 9585 3216 12           	ld (de), a
 9586 3217              ; 159             hl++;
 9587 3217 23           	inc hl
 9588 3218              ; 160             de++;
 9589 3218 13           	inc de
 9590 3219              ; 161             b--;
 9591 3219 05           	dec b
 9592 321A              __l_607:
 9593 321A              ; 162         } while ((a = b) > 0);
 9594 321A 78           	ld a, b
 9595 321B B7           	or a
 9596 321C C2 15 32     	jp nz, __l_606
 9597 321F D1           	pop de
 9598 3220 C1           	pop bc
 9599 3221 C9           	ret
 9600 3222              ; 163     }
 9601 3222              ; 164 }
 9602 3222              ; 165
 9603 3222              ; 166 /// HL - point Str
 9604 3222              ; 167 /// B - Len Str
 9605 3222              ; 168 /// C - Len buffer
 9606 3222              ; 169 void ParserBufferSumToHL() {
 9607 3222              parserbuffersumtohl:
 9608 3222              ; 170     ParserBufferSumToHLSum();
 9609 3222 CD 51 32     	call parserbuffersumtohlsum
 9610 3225              ; 171     if ((a = ParserBufferSumToHLSumState) == 1) {
 9611 3225 3A 0C 33     	ld a, (parserbuffersumtohlsumstate)
 9612 3228 FE 01        	cp 1
 9613 322A C2 50 32     	jp nz, __l_609
 9614 322D              ; 172         push_pop(hl, bc, de) {
 9615 322D E5           	push hl
 9616 322E C5           	push bc
 9617 322F D5           	push de
 9618 3230              ; 173             de = Net_buffer;
 9619 3230 11 53 41     	ld de, net_buffer
 9620 3233              ; 174             c--;
 9621 3233 0D           	dec c
 9622 3234              ; 175             c--;
 9623 3234 0D           	dec c
 9624 3235              ; 176             do {
 9625 3235              __l_611:
 9626 3235              ; 177                 if ((a = c) > 0) {
 9627 3235 79           	ld a, c
 9628 3236 B7           	or a
 9629 3237 CA 41 32     	jp z, __l_614
 9630 323A              ; 178                     a = *de;
 9631 323A 1A           	ld a, (de)
 9632 323B              ; 179                     *hl = a;
 9633 323B 77           	ld (hl), a
 9634 323C              ; 180                     de++;
 9635 323C 13           	inc de
 9636 323D              ; 181                     c--;
 9637 323D 0D           	dec c
 9638 323E C3 43 32     	jp __l_615
 9639 3241              __l_614:
 9640 3241              ; 182                 } else {
 9641 3241              ; 183                     *hl = 0;
 9642 3241 36 00        	ld (hl), 0
 9643 3243              __l_615:
 9644 3243              ; 184                 }
 9645 3243              ; 185                 hl++;
 9646 3243 23           	inc hl
 9647 3244              ; 186                 b--;
 9648 3244 05           	dec b
 9649 3245              __l_612:
 9650 3245              ; 187             } while ((a = b) > 0);
 9651 3245 78           	ld a, b
 9652 3246 B7           	or a
 9653 3247 C2 35 32     	jp nz, __l_611
 9654 324A D1           	pop de
 9655 324B C1           	pop bc
 9656 324C E1           	pop hl
 9657 324D C3 50 32     	jp __l_610
 9658 3250              __l_609:
 9659 3250              ; 188         }
 9660 3250              ; 189     } else {
 9661 3250              __l_610:
 9662 3250 C9           	ret
 9663 3251              ; 190         //ParserBufferErrorSumShow();
 9664 3251              ; 191     }
 9665 3251              ; 192 }
 9666 3251              ; 193
 9667 3251              ; 194 void ParserBufferSumToHLSum() {
 9668 3251              parserbuffersumtohlsum:
 9669 3251              ; 195     push_pop(hl, bc) {
 9670 3251 E5           	push hl
 9671 3252 C5           	push bc
 9672 3253              ; 196         if ((a = c) >= 3) {
 9673 3253 79           	ld a, c
 9674 3254 FE 03        	cp 3
 9675 3256 DA 8F 32     	jp c, __l_616
 9676 3259              ; 197             b = c;
 9677 3259 41           	ld b, c
 9678 325A              ; 198             b--;
 9679 325A 05           	dec b
 9680 325B              ; 199             c = 0;
 9681 325B 0E 00        	ld c, 0
 9682 325D              ; 200             hl = Net_buffer;
 9683 325D 21 53 41     	ld hl, net_buffer
 9684 3260              ; 201             do {
 9685 3260              __l_618:
 9686 3260              ; 202                 a = *hl;
 9687 3260 7E           	ld a, (hl)
 9688 3261              ; 203                 a += c;
 9689 3261 81           	add c
 9690 3262              ; 204                 c = a;
 9691 3262 4F           	ld c, a
 9692 3263              ; 205                 hl++;
 9693 3263 23           	inc hl
 9694 3264              ; 206                 b--;
 9695 3264 05           	dec b
 9696 3265              __l_619:
 9697 3265              ; 207             } while ((a = b) > 0);
 9698 3265 78           	ld a, b
 9699 3266 B7           	or a
 9700 3267 C2 60 32     	jp nz, __l_618
 9701 326A              ; 208             // 3C
 9702 326A              ; 209             hl--;
 9703 326A 2B           	dec hl
 9704 326B              ; 210             a = *hl;
 9705 326B 7E           	ld a, (hl)
 9706 326C              ; 211             if (a == 0x3C) {
 9707 326C FE 3C        	cp 60
 9708 326E C2 87 32     	jp nz, __l_621
 9709 3271              ; 212                 hl++;
 9710 3271 23           	inc hl
 9711 3272              ; 213                 // SUM
 9712 3272              ; 214                 a = *hl;
 9713 3272 7E           	ld a, (hl)
 9714 3273              ; 215                 if (a == c) {
 9715 3273 B9           	cp c
 9716 3274 C2 7F 32     	jp nz, __l_623
 9717 3277              ; 216                     a = 1;
 9718 3277 3E 01        	ld a, 1
 9719 3279              ; 217                     ParserBufferSumToHLSumState = a;
 9720 3279 32 0C 33     	ld (parserbuffersumtohlsumstate), a
 9721 327C C3 84 32     	jp __l_624
 9722 327F              __l_623:
 9723 327F              ; 218                 } else {
 9724 327F              ; 219                     a = 0;
 9725 327F 3E 00        	ld a, 0
 9726 3281              ; 220                     ParserBufferSumToHLSumState = a;
 9727 3281 32 0C 33     	ld (parserbuffersumtohlsumstate), a
 9728 3284              __l_624:
 9729 3284 C3 8C 32     	jp __l_622
 9730 3287              __l_621:
 9731 3287              ; 221                 }
 9732 3287              ; 222             } else {
 9733 3287              ; 223                 a = 0;
 9734 3287 3E 00        	ld a, 0
 9735 3289              ; 224                 ParserBufferSumToHLSumState = a;
 9736 3289 32 0C 33     	ld (parserbuffersumtohlsumstate), a
 9737 328C              __l_622:
 9738 328C C3 94 32     	jp __l_617
 9739 328F              __l_616:
 9740 328F              ; 225             }
 9741 328F              ; 226         } else {
 9742 328F              ; 227             a = 0;
 9743 328F 3E 00        	ld a, 0
 9744 3291              ; 228             ParserBufferSumToHLSumState = a;
 9745 3291 32 0C 33     	ld (parserbuffersumtohlsumstate), a
 9746 3294              __l_617:
 9747 3294 C1           	pop bc
 9748 3295 E1           	pop hl
 9749 3296 C9           	ret
 9750 3297              ; 229         }
 9751 3297              ; 230     }
 9752 3297              ; 231 }
 9753 3297              ; 232
 9754 3297              ; 233 /// C - count (не трогаем)
 9755 3297              ; 234 /// l - Len NedBuffer
 9756 3297              ; 235 void NetFtpListFilesParse() {
 9757 3297              netftplistfilesparse:
 9758 3297              ; 236     if ((a = l) == 16) {
 9759 3297 7D           	ld a, l
 9760 3298 FE 10        	cp 16
 9761 329A C2 CA 32     	jp nz, __l_625
 9762 329D              ; 237         NetFtpListFilesParseSum();
 9763 329D CD D0 32     	call netftplistfilesparsesum
 9764 32A0              ; 238         if ((a = NetFtpListFilesParseSumState) == 0x01) {
 9765 32A0 3A 0E 33     	ld a, (netftplistfilesparsesumstate)
 9766 32A3 FE 01        	cp 1
 9767 32A5 C2 C7 32     	jp nz, __l_627
 9768 32A8              ; 239             push_pop(hl, de) {
 9769 32A8 E5           	push hl
 9770 32A9 D5           	push de
 9771 32AA              ; 240                 b = l;
 9772 32AA 45           	ld b, l
 9773 32AB              ; 241                 //--
 9774 32AB              ; 242                 hl = FtpViewFilesList;
 9775 32AB 21 96 1E     	ld hl, ftpviewfileslist
 9776 32AE              ; 243                 d = 0;
 9777 32AE 16 00        	ld d, 0
 9778 32B0              ; 244                 a ^= a;
 9779 32B0 AF           	xor a
 9780 32B1              ; 245                 a = c;
 9781 32B1 79           	ld a, c
 9782 32B2              ; 246                 carry_rotate_left(a, 4);
 9783 32B2 17           	rla
 9784 32B3 17           	rla
 9785 32B4 17           	rla
 9786 32B5 17           	rla
 9787 32B6              ; 247                 if (flag_c) { // Если переполняние младшего разряда, инкремент старшего
 9788 32B6 D2 BA 32     	jp nc, __l_629
 9789 32B9              ; 248                     d++;
 9790 32B9 14           	inc d
 9791 32BA              __l_629:
 9792 32BA              ; 249                 }
 9793 32BA              ; 250                 e = a;
 9794 32BA 5F           	ld e, a
 9795 32BB              ; 251                 hl += de;
 9796 32BB 19           	add hl, de
 9797 32BC              ; 252                 push_pop(bc) {
 9798 32BC C5           	push bc
 9799 32BD              ; 253                     c = b;
 9800 32BD 48           	ld c, b
 9801 32BE              ; 254                     b = 16;
 9802 32BE 06 10        	ld b, 16
 9803 32C0              ; 255                     ParserBufferToHL();
 9804 32C0 CD F4 31     	call parserbuffertohl
 9805 32C3 C1           	pop bc
 9806 32C4              ; 256                 }
 9807 32C4              ; 257                 //--
 9808 32C4              ; 258                 c++;
 9809 32C4 0C           	inc c
 9810 32C5 D1           	pop de
 9811 32C6 E1           	pop hl
 9812 32C7              __l_627:
 9813 32C7 C3 CF 32     	jp __l_626
 9814 32CA              __l_625:
 9815 32CA              ; 259             }
 9816 32CA              ; 260         }
 9817 32CA              ; 261     } else {
 9818 32CA              ; 262         a = 0x00;
 9819 32CA 3E 00        	ld a, 0
 9820 32CC              ; 263         NetFtpListFilesParseSumState = a;
 9821 32CC 32 0E 33     	ld (netftplistfilesparsesumstate), a
 9822 32CF              __l_626:
 9823 32CF C9           	ret
 9824 32D0              ; 264     }
 9825 32D0              ; 265 }
 9826 32D0              ; 266
 9827 32D0              ; 267 void NetFtpListFilesParseSum() {
 9828 32D0              netftplistfilesparsesum:
 9829 32D0              ; 268     push_pop(hl, bc) {
 9830 32D0 E5           	push hl
 9831 32D1 C5           	push bc
 9832 32D2              ; 269         b = 15;
 9833 32D2 06 0F        	ld b, 15
 9834 32D4              ; 270         c = 0;
 9835 32D4 0E 00        	ld c, 0
 9836 32D6              ; 271         hl = Net_buffer;
 9837 32D6 21 53 41     	ld hl, net_buffer
 9838 32D9              ; 272         do {
 9839 32D9              __l_631:
 9840 32D9              ; 273             a = *hl;
 9841 32D9 7E           	ld a, (hl)
 9842 32DA              ; 274             a += c;
 9843 32DA 81           	add c
 9844 32DB              ; 275             c = a;
 9845 32DB 4F           	ld c, a
 9846 32DC              ; 276             hl++;
 9847 32DC 23           	inc hl
 9848 32DD              ; 277             b--;
 9849 32DD 05           	dec b
 9850 32DE              __l_632:
 9851 32DE              ; 278         } while ((a = b) > 0);
 9852 32DE 78           	ld a, b
 9853 32DF B7           	or a
 9854 32E0 C2 D9 32     	jp nz, __l_631
 9855 32E3              ; 279         a = *hl;
 9856 32E3 7E           	ld a, (hl)
 9857 32E4              ; 280         if (a == c) {
 9858 32E4 B9           	cp c
 9859 32E5 C2 F0 32     	jp nz, __l_634
 9860 32E8              ; 281             a = 0x01;
 9861 32E8 3E 01        	ld a, 1
 9862 32EA              ; 282             NetFtpListFilesParseSumState = a;
 9863 32EA 32 0E 33     	ld (netftplistfilesparsesumstate), a
 9864 32ED C3 F5 32     	jp __l_635
 9865 32F0              __l_634:
 9866 32F0              ; 283         } else {
 9867 32F0              ; 284             a = 0x00;
 9868 32F0 3E 00        	ld a, 0
 9869 32F2              ; 285             NetFtpListFilesParseSumState = a;
 9870 32F2 32 0E 33     	ld (netftplistfilesparsesumstate), a
 9871 32F5              __l_635:
 9872 32F5              ; 286         }
 9873 32F5              ; 287         // 10 byte = 0x3C
 9874 32F5              ; 288         hl = Net_buffer;
 9875 32F5 21 53 41     	ld hl, net_buffer
 9876 32F8              ; 289         bc = 10;
 9877 32F8 01 0A 00     	ld bc, 10
 9878 32FB              ; 290         hl += bc;
 9879 32FB 09           	add hl, bc
 9880 32FC              ; 291         a = *hl;
 9881 32FC 7E           	ld a, (hl)
 9882 32FD              ; 292         a &= 0xFE;
 9883 32FD E6 FE        	and 254
 9884 32FF              ; 293         if (a != 0x3C) {
 9885 32FF FE 3C        	cp 60
 9886 3301 CA 09 33     	jp z, __l_636
 9887 3304              ; 294             a = 0x00;
 9888 3304 3E 00        	ld a, 0
 9889 3306              ; 295             NetFtpListFilesParseSumState = a;
 9890 3306 32 0E 33     	ld (netftplistfilesparsesumstate), a
 9891 3309              __l_636:
 9892 3309 C1           	pop bc
 9893 330A E1           	pop hl
 9894 330B C9           	ret
 9895 330C              ; 296         }
 9896 330C              ; 297     }
 9897 330C              ; 298 }
 9898 330C              ; 299
 9899 330C              ; 300 uint8_t ParserBufferSumToHLSumState = 0;
 9900 330C              parserbuffersumtohlsumstate:
 9901 330C 00           	db 0
 9902 330D              ; 301 uint8_t NetGetAllStatusParseSumState = 0;
 9903 330D              netgetallstatusparsesumstate:
 9904 330D 00           	db 0
 9905 330E              ; 302 uint8_t NetFtpListFilesParseSumState = 0;
 9906 330E              netftplistfilesparsesumstate:
 9907 330E 00           	db 0
 9908 330F              ; 11 void WiFiNetworksViewShow() {
 9909 330F              wifinetworksviewshow:
 9910 330F              ; 12     CurrentViewChangeAndPushIdA(a = WiFiNetworksViewId);
 9911 330F 3E 07        	ld a, 7
 9912 3311 CD 16 24     	call currentviewchangeandpushida
 9913 3314              ; 13     push_pop(bc, hl, de) {
 9914 3314 C5           	push bc
 9915 3315 E5           	push hl
 9916 3316 D5           	push de
 9917 3317              ; 14         bios(a = biosSetExtDRVConfigB, b = 0x02);
 9918 3317 3E 53        	ld a, 83
 9919 3319 06 02        	ld b, 2
 9920 331B CD 00 F0     	call bios
 9921 331E              ; 15         c = (a = WiFiNetworksViewColor);
 9922 331E 3A 52 35     	ld a, (wifinetworksviewcolor)
 9923 3321 4F           	ld c, a
 9924 3322              ; 16         l = (a = WiFiNetworksViewX);
 9925 3322 3A 4E 35     	ld a, (wifinetworksviewx)
 9926 3325 6F           	ld l, a
 9927 3326              ; 17         h = (a = WiFiNetworksViewY);
 9928 3326 3A 4F 35     	ld a, (wifinetworksviewy)
 9929 3329 67           	ld h, a
 9930 332A              ; 18         e = (a = WiFiNetworksViewDX);
 9931 332A 3A 50 35     	ld a, (wifinetworksviewdx)
 9932 332D 5F           	ld e, a
 9933 332E              ; 19         d = (a = WiFiNetworksViewDY);
 9934 332E 3A 51 35     	ld a, (wifinetworksviewdy)
 9935 3331 57           	ld d, a
 9936 3332              ; 20         bios(a = biosWindowSafeOpen);
 9937 3332 3E 57        	ld a, 87
 9938 3334 CD 00 F0     	call bios
 9939 3337              ; 21         MyFuncSetFullScreen();
 9940 3337 CD 04 19     	call myfuncsetfullscreen
 9941 333A D1           	pop de
 9942 333B E1           	pop hl
 9943 333C C1           	pop bc
 9944 333D              ; 22     }
 9945 333D              ; 23     WiFiNetworksViewShowTitle();
 9946 333D CD 7F 33     	call wifinetworksviewshowtitle
 9947 3340              ; 24     WiFiNetworksViewUpdateList();
 9948 3340              ; 25 }
 9949 3340              ; 26
 9950 3340              ; 27 void WiFiNetworksViewUpdateList() {
 9951 3340              wifinetworksviewupdatelist:
 9952 3340              ; 28     WiFiNetworksViewSelectLineA(a = 0);
 9953 3340 3E 00        	ld a, 0
 9954 3342 CD 1B 35     	call wifinetworksviewselectlinea
 9955 3345              ; 29     #ifdef _IS_SIMULATOR
 9956 3345              ; 30
 9957 3345              ; 31     #else
 9958 3345              ; 32         WiFiNetworksViewClearData();
 9959 3345 CD 52 34     	call wifinetworksviewcleardata
 9960 3348              ; 33         NetSetIsDsDos();
 9961 3348 CD EC 2C     	call netsetisdsdos
 9962 334B              ; 34         NetWiFiListUpdate();
 9963 334B CD B1 2D     	call netwifilistupdate
 9964 334E              ; 35         NetWiFiGetList();
 9965 334E CD BB 2D     	call netwifigetlist
 9966 3351              ; 36         WiFiNetworksViewFixData();
 9967 3351 CD 61 33     	call wifinetworksviewfixdata
 9968 3354              ; 37     #endif
 9969 3354              ; 38     WiFiNetworksViewShowList();
 9970 3354 CD 65 34     	call wifinetworksviewshowlist
 9971 3357              ; 39     a = 0;
 9972 3357 3E 00        	ld a, 0
 9973 3359              ; 40     WiFiNetworksViewSelectPos = a;
 9974 3359 32 54 35     	ld (wifinetworksviewselectpos), a
 9975 335C              ; 41     WiFiNetworksViewSelectLineA(a = 1);
 9976 335C 3E 01        	ld a, 1
 9977 335E C3 1B 35     	jp wifinetworksviewselectlinea
 9978 3361              ; 42 }
 9979 3361              ; 43
 9980 3361              ; 44 void WiFiNetworksViewFixData() {
 9981 3361              wifinetworksviewfixdata:
 9982 3361              ; 45     push_pop(hl, bc, de) {
 9983 3361 E5           	push hl
 9984 3362 C5           	push bc
 9985 3363 D5           	push de
 9986 3364              ; 46         hl = WiFiNetworksViewSSIDList;
 9987 3364 21 65 35     	ld hl, wifinetworksviewssidlist
 9988 3367              ; 47         de = 16;
 9989 3367 11 10 00     	ld de, 16
 9990 336A              ; 48         b = 16;
 9991 336A 06 10        	ld b, 16
 9992 336C              ; 49         do {
 9993 336C              __l_638:
 9994 336C              ; 50             a = *hl;
 9995 336C 7E           	ld a, (hl)
 9996 336D              ; 51             if (a == 0) {
 9997 336D B7           	or a
 9998 336E C2 74 33     	jp nz, __l_641
 9999 3371              ; 52                 a = '-';
10000 3371 3E 2D        	ld a, 45
10001 3373              ; 53                 *hl = a;
10002 3373 77           	ld (hl), a
10003 3374              __l_641:
10004 3374              ; 54             }
10005 3374              ; 55             hl += de;
10006 3374 19           	add hl, de
10007 3375              ; 56             b--;
10008 3375 05           	dec b
10009 3376              __l_639:
10010 3376              ; 57         } while ((a = b) > 0);
10011 3376 78           	ld a, b
10012 3377 B7           	or a
10013 3378 C2 6C 33     	jp nz, __l_638
10014 337B D1           	pop de
10015 337C C1           	pop bc
10016 337D E1           	pop hl
10017 337E C9           	ret
10018 337F              ; 58     }
10019 337F              ; 59 }
10020 337F              ; 60
10021 337F              ; 61 void WiFiNetworksViewShowTitle() {
10022 337F              wifinetworksviewshowtitle:
10023 337F              ; 62     push_pop(hl, bc, de) {
10024 337F E5           	push hl
10025 3380 C5           	push bc
10026 3381 D5           	push de
10027 3382              ; 63         // Title
10028 3382              ; 64         a = WiFiNetworksViewX;
10029 3382 3A 4E 35     	ld a, (wifinetworksviewx)
10030 3385              ; 65         a += 3;
10031 3385 C6 03        	add 3
10032 3387              ; 66         l = a;
10033 3387 6F           	ld l, a
10034 3388              ; 67         a = WiFiNetworksViewY;
10035 3388 3A 4F 35     	ld a, (wifinetworksviewy)
10036 338B              ; 68         a += 1; //2;
10037 338B C6 01        	add 1
10038 338D              ; 69         h = a;
10039 338D 67           	ld h, a
10040 338E              ; 70         bios(a = biosSetPositionCursoreHL);
10041 338E 3E 1C        	ld a, 28
10042 3390 CD 00 F0     	call bios
10043 3393              ; 71         bios(a = biosPrintMessageHL, hl = WiFiNetworksViewTitle);
10044 3393 3E 02        	ld a, 2
10045 3395 21 55 35     	ld hl, wifinetworksviewtitle
10046 3398 CD 00 F0     	call bios
10047 339B              ; 72         // LINE!!!
10048 339B              ; 73         a = WiFiNetworksViewX;
10049 339B 3A 4E 35     	ld a, (wifinetworksviewx)
10050 339E              ; 74         a += 1;
10051 339E C6 01        	add 1
10052 33A0              ; 75         l = a;
10053 33A0 6F           	ld l, a
10054 33A1              ; 76         a = WiFiNetworksViewY;
10055 33A1 3A 4F 35     	ld a, (wifinetworksviewy)
10056 33A4              ; 77         a += 2;
10057 33A4 C6 02        	add 2
10058 33A6              ; 78         h = a;
10059 33A6 67           	ld h, a
10060 33A7              ; 79         bios(a = biosSetPositionCursoreHL);
10061 33A7 3E 1C        	ld a, 28
10062 33A9 CD 00 F0     	call bios
10063 33AC              ; 80         a = WiFiNetworksViewDX;
10064 33AC 3A 50 35     	ld a, (wifinetworksviewdx)
10065 33AF              ; 81         a -= 2;
10066 33AF D6 02        	sub 2
10067 33B1              ; 82         b = a;
10068 33B1 47           	ld b, a
10069 33B2              ; 83         do {
10070 33B2              __l_643:
10071 33B2              ; 84             bios(a = biosPrintC, c = 0x5F);
10072 33B2 3E 00        	ld a, 0
10073 33B4 0E 5F        	ld c, 95
10074 33B6 CD 00 F0     	call bios
10075 33B9              ; 85             b--;
10076 33B9 05           	dec b
10077 33BA              __l_644:
10078 33BA              ; 86         } while ((a = b) > 0);
10079 33BA 78           	ld a, b
10080 33BB B7           	or a
10081 33BC C2 B2 33     	jp nz, __l_643
10082 33BF D1           	pop de
10083 33C0 C1           	pop bc
10084 33C1 E1           	pop hl
10085 33C2 C9           	ret
10086 33C3              ; 87     }
10087 33C3              ; 88 }
10088 33C3              ; 89
10089 33C3              ; 90 void WiFiNetworksViewClose() {
10090 33C3              wifinetworksviewclose:
10091 33C3              ; 91     bios(a = biosWindowSafeClose);
10092 33C3 3E 58        	ld a, 88
10093 33C5 CD 00 F0     	call bios
10094 33C8              ; 92     CurrentViewReturn();
10095 33C8 C3 0D 25     	jp currentviewreturn
10096 33CB              ; 93 }
10097 33CB              ; 94
10098 33CB              ; 95 void WiFiNetworksViewKeyA() {
10099 33CB              wifinetworksviewkeya:
10100 33CB              ; 96     push_pop(hl) {
10101 33CB E5           	push hl
10102 33CC              ; 97         l = a;
10103 33CC 6F           	ld l, a
10104 33CD              ; 98         if ((a = c) == 0) {
10105 33CD 79           	ld a, c
10106 33CE B7           	or a
10107 33CF C2 19 34     	jp nz, __l_646
10108 33D2              ; 99             if ((a = CurrentViewId) == WiFiNetworksViewId) {
10109 33D2 3A 4D 25     	ld a, (currentviewid)
10110 33D5 FE 07        	cp 7
10111 33D7 C2 19 34     	jp nz, __l_648
10112 33DA              ; 100                 if ((a = l) == 0x1B) { //ESC выход
10113 33DA 7D           	ld a, l
10114 33DB FE 1B        	cp 27
10115 33DD C2 E6 33     	jp nz, __l_650
10116 33E0              ; 101                     WiFiNetworksViewClose();
10117 33E0 CD C3 33     	call wifinetworksviewclose
10118 33E3 C3 19 34     	jp __l_651
10119 33E6              __l_650:
10120 33E6              ; 102                 } else if ((a = l) == 0x0D) { // Выбор
10121 33E6 7D           	ld a, l
10122 33E7 FE 0D        	cp 13
10123 33E9 C2 00 34     	jp nz, __l_652
10124 33EC              ; 103                     WiFiNetworksViewClose();
10125 33EC CD C3 33     	call wifinetworksviewclose
10126 33EF              ; 104                     //--
10127 33EF              ; 105                     #ifdef _IS_SIMULATOR
10128 33EF              ; 106                         WiFiNetworksViewCopySSIDForSimulator();
10129 33EF              ; 107                         WiFiHeaderViewShowValue();
10130 33EF              ; 108                     #else
10131 33EF              ; 109                         ThreadsNetSsidUpdateA(a = WiFiNetworksViewSelectPos);
10132 33EF 3A 54 35     	ld a, (wifinetworksviewselectpos)
10133 33F2 CD 44 30     	call threadsnetssidupdatea
10134 33F5              ; 110                     #endif
10135 33F5              ; 111                     WiFiSettingsViewShowValue();
10136 33F5 CD 18 15     	call wifisettingsviewshowvalue
10137 33F8              ; 112                     WiFiSettingsViewSelectLineA(a = 1);
10138 33F8 3E 01        	ld a, 1
10139 33FA CD 61 15     	call wifisettingsviewselectlinea
10140 33FD C3 19 34     	jp __l_653
10141 3400              __l_652:
10142 3400              ; 113                     //--
10143 3400              ; 114                 } else if ((a = l) == 0x1A) { //down
10144 3400 7D           	ld a, l
10145 3401 FE 1A        	cp 26
10146 3403 C2 0E 34     	jp nz, __l_654
10147 3406              ; 115                     WiFiNetworksViewPosUpdateA(a = 0x01);
10148 3406 3E 01        	ld a, 1
10149 3408 CD D9 34     	call wifinetworksviewposupdatea
10150 340B C3 19 34     	jp __l_655
10151 340E              __l_654:
10152 340E              ; 116                 } else if ((a = l) == 0x19) { //up
10153 340E 7D           	ld a, l
10154 340F FE 19        	cp 25
10155 3411 C2 19 34     	jp nz, __l_656
10156 3414              ; 117                     WiFiNetworksViewPosUpdateA(a = 0xFF);
10157 3414 3E FF        	ld a, 255
10158 3416 CD D9 34     	call wifinetworksviewposupdatea
10159 3419              __l_656:
10160 3419              __l_655:
10161 3419              __l_653:
10162 3419              __l_651:
10163 3419              __l_648:
10164 3419              __l_646:
10165 3419 E1           	pop hl
10166 341A C9           	ret
10167 341B              ; 118                 }
10168 341B              ; 119             }
10169 341B              ; 120         }
10170 341B              ; 121     }
10171 341B              ; 122 }
10172 341B              ; 123
10173 341B              ; 124 void WiFiNetworksViewCopySSIDForSimulator() {
10174 341B              wifinetworksviewcopyssidforsimul:
10175 341B              ; 125     push_pop(hl, bc, de) {
10176 341B E5           	push hl
10177 341C C5           	push bc
10178 341D D5           	push de
10179 341E              ; 126         hl = WiFiNetworksViewSSIDList;
10180 341E 21 65 35     	ld hl, wifinetworksviewssidlist
10181 3421              ; 127         a = WiFiNetworksViewSelectPos;
10182 3421 3A 54 35     	ld a, (wifinetworksviewselectpos)
10183 3424              ; 128         a &= 0x0F;
10184 3424 E6 0F        	and 15
10185 3426              ; 129         cyclic_rotate_left(a, 4);
10186 3426 07           	rlca
10187 3427 07           	rlca
10188 3428 07           	rlca
10189 3429 07           	rlca
10190 342A              ; 130         e = a;
10191 342A 5F           	ld e, a
10192 342B              ; 131         d = 0;
10193 342B 16 00        	ld d, 0
10194 342D              ; 132         hl += de;
10195 342D 19           	add hl, de
10196 342E              ; 133         de = WiFiSettingsViewSsidValue;
10197 342E 11 AF 16     	ld de, wifisettingsviewssidvalue
10198 3431              ; 134         //-- Copy
10199 3431              ; 135         b = 16;
10200 3431 06 10        	ld b, 16
10201 3433              ; 136         c = 0; // is 0 exist
10202 3433 0E 00        	ld c, 0
10203 3435              ; 137         do {
10204 3435              __l_658:
10205 3435              ; 138             a = *hl;
10206 3435 7E           	ld a, (hl)
10207 3436              ; 139             *de = a;
10208 3436 12           	ld (de), a
10209 3437              ; 140             if (a == 0) {
10210 3437 B7           	or a
10211 3438 C2 3D 34     	jp nz, __l_661
10212 343B              ; 141                 c = 1;
10213 343B 0E 01        	ld c, 1
10214 343D              __l_661:
10215 343D              ; 142             }
10216 343D              ; 143             hl++;
10217 343D 23           	inc hl
10218 343E              ; 144             de++;
10219 343E 13           	inc de
10220 343F              ; 145             b--;
10221 343F 05           	dec b
10222 3440              __l_659:
10223 3440              ; 146         } while ((a = b) > 0);
10224 3440 78           	ld a, b
10225 3441 B7           	or a
10226 3442 C2 35 34     	jp nz, __l_658
10227 3445              ; 147         //-- if stop byte (0)
10228 3445              ; 148         if ((a = c) == 0) {
10229 3445 79           	ld a, c
10230 3446 B7           	or a
10231 3447 C2 4E 34     	jp nz, __l_663
10232 344A              ; 149             de--;
10233 344A 1B           	dec de
10234 344B              ; 150             a = 0;
10235 344B 3E 00        	ld a, 0
10236 344D              ; 151             *de = a;
10237 344D 12           	ld (de), a
10238 344E              __l_663:
10239 344E D1           	pop de
10240 344F C1           	pop bc
10241 3450 E1           	pop hl
10242 3451 C9           	ret
10243 3452              ; 152         }
10244 3452              ; 153     }
10245 3452              ; 154 }
10246 3452              ; 155
10247 3452              ; 156 void WiFiNetworksViewClearData() {
10248 3452              wifinetworksviewcleardata:
10249 3452              ; 157     push_pop(hl, bc) {
10250 3452 E5           	push hl
10251 3453 C5           	push bc
10252 3454              ; 158         hl = WiFiNetworksViewSSIDList;
10253 3454 21 65 35     	ld hl, wifinetworksviewssidlist
10254 3457              ; 159         b = 0xFF;
10255 3457 06 FF        	ld b, 255
10256 3459              ; 160         do {
10257 3459              __l_665:
10258 3459              ; 161             *hl = 0;
10259 3459 36 00        	ld (hl), 0
10260 345B              ; 162             hl++;
10261 345B 23           	inc hl
10262 345C              ; 163             b--;
10263 345C 05           	dec b
10264 345D              __l_666:
10265 345D              ; 164         } while ((a = b) > 0);
10266 345D 78           	ld a, b
10267 345E B7           	or a
10268 345F C2 59 34     	jp nz, __l_665
10269 3462 C1           	pop bc
10270 3463 E1           	pop hl
10271 3464 C9           	ret
10272 3465              ; 165     }
10273 3465              ; 166 }
10274 3465              ; 167
10275 3465              ; 168 void WiFiNetworksViewShowList() {
10276 3465              wifinetworksviewshowlist:
10277 3465              ; 169     push_pop(hl, bc, de) {
10278 3465 E5           	push hl
10279 3466 C5           	push bc
10280 3467 D5           	push de
10281 3468              ; 170         hl = WiFiNetworksViewSSIDList;
10282 3468 21 65 35     	ld hl, wifinetworksviewssidlist
10283 346B              ; 171         c = 0;
10284 346B 0E 00        	ld c, 0
10285 346D              ; 172         //
10286 346D              ; 173         a = WiFiNetworksViewX;
10287 346D 3A 4E 35     	ld a, (wifinetworksviewx)
10288 3470              ; 174         a += 2;
10289 3470 C6 02        	add 2
10290 3472              ; 175         d = a; // X
10291 3472 57           	ld d, a
10292 3473              ; 176         a = WiFiNetworksViewY;
10293 3473 3A 4F 35     	ld a, (wifinetworksviewy)
10294 3476              ; 177         a += 5;
10295 3476 C6 05        	add 5
10296 3478              ; 178         e = a; // Y
10297 3478 5F           	ld e, a
10298 3479              ; 179         //
10299 3479              ; 180         do {
10300 3479              __l_668:
10301 3479              ; 181             //--
10302 3479              ; 182             push_pop(hl) {
10303 3479 E5           	push hl
10304 347A              ; 183                 a = e;
10305 347A 7B           	ld a, e
10306 347B              ; 184                 a += c;
10307 347B 81           	add c
10308 347C              ; 185                 h = a;
10309 347C 67           	ld h, a
10310 347D              ; 186                 a = d;
10311 347D 7A           	ld a, d
10312 347E              ; 187                 l = a;
10313 347E 6F           	ld l, a
10314 347F              ; 188                 bios(a = biosSetPositionCursoreHL);
10315 347F 3E 1C        	ld a, 28
10316 3481 CD 00 F0     	call bios
10317 3484 E1           	pop hl
10318 3485              ; 189             }
10319 3485              ; 190             //--
10320 3485              ; 191             b = 16;
10321 3485 06 10        	ld b, 16
10322 3487              ; 192             do {
10323 3487              __l_671:
10324 3487              ; 193                 push_pop(bc) {
10325 3487 C5           	push bc
10326 3488              ; 194                     bios(c = (a = *hl), a = biosPrintC);
10327 3488 7E           	ld a, (hl)
10328 3489 4F           	ld c, a
10329 348A 3E 00        	ld a, 0
10330 348C CD 00 F0     	call bios
10331 348F C1           	pop bc
10332 3490              ; 195                 }
10333 3490              ; 196                 hl++;
10334 3490 23           	inc hl
10335 3491              ; 197                 b--;
10336 3491 05           	dec b
10337 3492              __l_672:
10338 3492              ; 198             } while ((a = b) > 0);
10339 3492 78           	ld a, b
10340 3493 B7           	or a
10341 3494 C2 87 34     	jp nz, __l_671
10342 3497              ; 199             c++;
10343 3497 0C           	inc c
10344 3498              __l_669:
10345 3498              ; 200         } while ((a = WiFiNetworksViewSSIDCount) >= c);
10346 3498 3A 64 35     	ld a, (wifinetworksviewssidcount)
10347 349B B9           	cp c
10348 349C D2 79 34     	jp nc, __l_668
10349 349F              ; 201         // Crean
10350 349F              ; 202         a = WiFiNetworksViewSSIDCount;
10351 349F 3A 64 35     	ld a, (wifinetworksviewssidcount)
10352 34A2              ; 203         c = a;
10353 34A2 4F           	ld c, a
10354 34A3              ; 204         a = 16; // Максимальное число строк
10355 34A3 3E 10        	ld a, 16
10356 34A5              ; 205         a -= c;
10357 34A5 91           	sub c
10358 34A6              ; 206         if (a > 0) { // До добавляем пустые строки
10359 34A6 B7           	or a
10360 34A7 CA D5 34     	jp z, __l_674
10361 34AA              ; 207             b = a;
10362 34AA 47           	ld b, a
10363 34AB              ; 208             //--
10364 34AB              ; 209             a = WiFiNetworksViewSSIDCount;
10365 34AB 3A 64 35     	ld a, (wifinetworksviewssidcount)
10366 34AE              ; 210             a += e;
10367 34AE 83           	add e
10368 34AF              ; 211             e = a;
10369 34AF 5F           	ld e, a
10370 34B0              ; 212             //--
10371 34B0              ; 213             h = 0;
10372 34B0 26 00        	ld h, 0
10373 34B2              ; 214             do {
10374 34B2              __l_676:
10375 34B2              ; 215                 //--
10376 34B2              ; 216                 a = e;
10377 34B2 7B           	ld a, e
10378 34B3              ; 217                 a += h;
10379 34B3 84           	add h
10380 34B4              ; 218                 push_pop(hl) {
10381 34B4 E5           	push hl
10382 34B5              ; 219                     h = a;
10383 34B5 67           	ld h, a
10384 34B6              ; 220                     l = d;
10385 34B6 6A           	ld l, d
10386 34B7              ; 221                     bios(a = biosSetPositionCursoreHL);
10387 34B7 3E 1C        	ld a, 28
10388 34B9 CD 00 F0     	call bios
10389 34BC E1           	pop hl
10390 34BD              ; 222                 }
10391 34BD              ; 223                 //--
10392 34BD              ; 224                 c = 16;
10393 34BD 0E 10        	ld c, 16
10394 34BF              ; 225                 do {
10395 34BF              __l_679:
10396 34BF              ; 226                     push_pop(bc) {
10397 34BF C5           	push bc
10398 34C0              ; 227                         bios(c = ' ', a = biosPrintC);
10399 34C0 0E 20        	ld c, 32
10400 34C2 3E 00        	ld a, 0
10401 34C4 CD 00 F0     	call bios
10402 34C7 C1           	pop bc
10403 34C8              ; 228                     }
10404 34C8              ; 229                     c--;
10405 34C8 0D           	dec c
10406 34C9              __l_680:
10407 34C9              ; 230                 } while ((a = c) > 0);
10408 34C9 79           	ld a, c
10409 34CA B7           	or a
10410 34CB C2 BF 34     	jp nz, __l_679
10411 34CE              ; 231                 b--;
10412 34CE 05           	dec b
10413 34CF              ; 232                 h++;
10414 34CF 24           	inc h
10415 34D0              __l_677:
10416 34D0              ; 233             } while ((a = b) > 0);
10417 34D0 78           	ld a, b
10418 34D1 B7           	or a
10419 34D2 C2 B2 34     	jp nz, __l_676
10420 34D5              __l_674:
10421 34D5 D1           	pop de
10422 34D6 C1           	pop bc
10423 34D7 E1           	pop hl
10424 34D8 C9           	ret
10425 34D9              ; 234         }
10426 34D9              ; 235     }
10427 34D9              ; 236 }
10428 34D9              ; 237
10429 34D9              ; 238 /// Обновление позиции
10430 34D9              ; 239 /// вх[A]
10431 34D9              ; 240 /// 0 - без изменений
10432 34D9              ; 241 /// 1 - вверх
10433 34D9              ; 242 /// 0xFF - вниз
10434 34D9              ; 243 void WiFiNetworksViewPosUpdateA() {
10435 34D9              wifinetworksviewposupdatea:
10436 34D9              ; 244     push_pop(bc) {
10437 34D9 C5           	push bc
10438 34DA              ; 245         b = a;
10439 34DA 47           	ld b, a
10440 34DB              ; 246         if (a == 0) {
10441 34DB B7           	or a
10442 34DC C2 E7 34     	jp nz, __l_682
10443 34DF              ; 247             WiFiNetworksViewSelectLineA(a = 1);
10444 34DF 3E 01        	ld a, 1
10445 34E1 CD 1B 35     	call wifinetworksviewselectlinea
10446 34E4 C3 19 35     	jp __l_683
10447 34E7              __l_682:
10448 34E7              ; 248         } else {
10449 34E7              ; 249             a = WiFiNetworksViewSSIDCount;
10450 34E7 3A 64 35     	ld a, (wifinetworksviewssidcount)
10451 34EA              ; 250             c = a;
10452 34EA 4F           	ld c, a
10453 34EB              ; 251             WiFiNetworksViewSelectLineA(a = 0);
10454 34EB 3E 00        	ld a, 0
10455 34ED CD 1B 35     	call wifinetworksviewselectlinea
10456 34F0              ; 252             if ((a = c) == 0) { // нет ни одной записи
10457 34F0 79           	ld a, c
10458 34F1 B7           	or a
10459 34F2 C2 FD 34     	jp nz, __l_684
10460 34F5              ; 253                 a = 0;
10461 34F5 3E 00        	ld a, 0
10462 34F7              ; 254                 WiFiNetworksViewSelectPos = a;
10463 34F7 32 54 35     	ld (wifinetworksviewselectpos), a
10464 34FA C3 14 35     	jp __l_685
10465 34FD              __l_684:
10466 34FD              ; 255             } else { // если есть хоть одна запись
10467 34FD              ; 256                 a = WiFiNetworksViewSelectPos;
10468 34FD 3A 54 35     	ld a, (wifinetworksviewselectpos)
10469 3500              ; 257                 a += b;
10470 3500 80           	add b
10471 3501              ; 258                 //-- FIX
10472 3501              ; 259                 if (a == 0xFF) {
10473 3501 FE FF        	cp 255
10474 3503 C2 0B 35     	jp nz, __l_686
10475 3506              ; 260                     a = c;
10476 3506 79           	ld a, c
10477 3507              ; 261                     a--;
10478 3507 3D           	dec a
10479 3508 C3 11 35     	jp __l_687
10480 350B              __l_686:
10481 350B              ; 262                 } else if (a == c) {
10482 350B B9           	cp c
10483 350C C2 11 35     	jp nz, __l_688
10484 350F              ; 263                     a = 0;
10485 350F 3E 00        	ld a, 0
10486 3511              __l_688:
10487 3511              __l_687:
10488 3511              ; 264                 }
10489 3511              ; 265                 //--
10490 3511              ; 266                 WiFiNetworksViewSelectPos = a;
10491 3511 32 54 35     	ld (wifinetworksviewselectpos), a
10492 3514              __l_685:
10493 3514              ; 267             }
10494 3514              ; 268             WiFiNetworksViewSelectLineA(a = 1);
10495 3514 3E 01        	ld a, 1
10496 3516 CD 1B 35     	call wifinetworksviewselectlinea
10497 3519              __l_683:
10498 3519 C1           	pop bc
10499 351A C9           	ret
10500 351B              ; 269         }
10501 351B              ; 270     }
10502 351B              ; 271 }
10503 351B              ; 272
10504 351B              ; 273 /// Рисование линии прямым или инверсным цветом
10505 351B              ; 274 /// 0 - прямой
10506 351B              ; 275 /// 1 - инверсный
10507 351B              ; 276 void WiFiNetworksViewSelectLineA() {
10508 351B              wifinetworksviewselectlinea:
10509 351B              ; 277     push_pop(bc, hl, de) {
10510 351B C5           	push bc
10511 351C E5           	push hl
10512 351D D5           	push de
10513 351E              ; 278         c = a;
10514 351E 4F           	ld c, a
10515 351F              ; 279         //--
10516 351F              ; 280         a = WiFiNetworksViewSelectPos;
10517 351F 3A 54 35     	ld a, (wifinetworksviewselectpos)
10518 3522              ; 281         b = a;
10519 3522 47           	ld b, a
10520 3523              ; 282         //--
10521 3523              ; 283         a = WiFiNetworksViewX;
10522 3523 3A 4E 35     	ld a, (wifinetworksviewx)
10523 3526              ; 284         a += 1;
10524 3526 C6 01        	add 1
10525 3528              ; 285         l = a; // X
10526 3528 6F           	ld l, a
10527 3529              ; 286         a = WiFiNetworksViewY;
10528 3529 3A 4F 35     	ld a, (wifinetworksviewy)
10529 352C              ; 287         a += 5;
10530 352C C6 05        	add 5
10531 352E              ; 288         a += b;
10532 352E 80           	add b
10533 352F              ; 289         h = a; // Y
10534 352F 67           	ld h, a
10535 3530              ; 290         //--
10536 3530              ; 291         a = WiFiNetworksViewDX;
10537 3530 3A 50 35     	ld a, (wifinetworksviewdx)
10538 3533              ; 292         a -= 2;
10539 3533 D6 02        	sub 2
10540 3535              ; 293         e = a;
10541 3535 5F           	ld e, a
10542 3536              ; 294         d = 1;
10543 3536 16 01        	ld d, 1
10544 3538              ; 295         //--
10545 3538              ; 296         if ((a = c) == 0) {
10546 3538 79           	ld a, c
10547 3539 B7           	or a
10548 353A C2 43 35     	jp nz, __l_690
10549 353D              ; 297             a = WiFiNetworksViewColor;
10550 353D 3A 52 35     	ld a, (wifinetworksviewcolor)
10551 3540 C3 46 35     	jp __l_691
10552 3543              __l_690:
10553 3543              ; 298         } else {
10554 3543              ; 299             a = WiFiNetworksViewInvColor;
10555 3543 3A 53 35     	ld a, (wifinetworksviewinvcolor)
10556 3546              __l_691:
10557 3546              ; 300         }
10558 3546              ; 301         c = a;
10559 3546 4F           	ld c, a
10560 3547              ; 302         //--
10561 3547              ; 303         MyViewChangeBoxColor();
10562 3547 CD 48 11     	call myviewchangeboxcolor
10563 354A D1           	pop de
10564 354B E1           	pop hl
10565 354C C1           	pop bc
10566 354D C9           	ret
10567 354E              ; 304     }
10568 354E              ; 305 }
10569 354E              ; 306
10570 354E              ; 307 uint8_t WiFiNetworksViewX = 14; //21;
10571 354E              wifinetworksviewx:
10572 354E 0E           	db 14
10573 354F              ; 308 uint8_t WiFiNetworksViewY = 3;
10574 354F              wifinetworksviewy:
10575 354F 03           	db 3
10576 3550              ; 309 uint8_t WiFiNetworksViewDX = 20;
10577 3550              wifinetworksviewdx:
10578 3550 14           	db 20
10579 3551              ; 310 uint8_t WiFiNetworksViewDY = 23;
10580 3551              wifinetworksviewdy:
10581 3551 17           	db 23
10582 3552              ; 311 uint8_t WiFiNetworksViewColor = 0x70;
10583 3552              wifinetworksviewcolor:
10584 3552 70           	db 112
10585 3553              ; 312 uint8_t WiFiNetworksViewInvColor = 0x07;
10586 3553              wifinetworksviewinvcolor:
10587 3553 07           	db 7
10588 3554              ; 314 uint8_t WiFiNetworksViewSelectPos = 0;
10589 3554              wifinetworksviewselectpos:
10590 3554 00           	db 0
10591 3555              ; 316 uint8_t WiFiNetworksViewTitle[] = "Wi-Fi Networks";
10592 3555              wifinetworksviewtitle:
10593 3555 57           	db 87
10594 3556 69           	db 105
10595 3557 2D           	db 45
10596 3558 46           	db 70
10597 3559 69           	db 105
10598 355A 20           	db 32
10599 355B 4E           	db 78
10600 355C 65           	db 101
10601 355D 74           	db 116
10602 355E 77           	db 119
10603 355F 6F           	db 111
10604 3560 72           	db 114
10605 3561 6B           	db 107
10606 3562 73           	db 115
10607 3563 00           	ds 1
10608 3564              ; 339 uint8_t WiFiNetworksViewSSIDCount = 0;
10609 3564              wifinetworksviewssidcount:
10610 3564 00           	db 0
10611 3565              ; 340 uint8_t WiFiNetworksViewSSIDList[16*16] = {
10612 3565              wifinetworksviewssidlist:
10613 3565 00           	db 0
10614 3566 00           	db 0
10615 3567 00           	db 0
10616 3568 00           	db 0
10617 3569 00           	db 0
10618 356A 00           	db 0
10619 356B 00           	db 0
10620 356C 00           	db 0
10621 356D 00           	db 0
10622 356E 00           	db 0
10623 356F 00           	db 0
10624 3570 00           	db 0
10625 3571 00           	db 0
10626 3572 00           	db 0
10627 3573 00           	db 0
10628 3574 00           	db 0
10629 3575 00           	db 0
10630 3576 00           	db 0
10631 3577 00           	db 0
10632 3578 00           	db 0
10633 3579 00           	db 0
10634 357A 00           	db 0
10635 357B 00           	db 0
10636 357C 00           	db 0
10637 357D 00           	db 0
10638 357E 00           	db 0
10639 357F 00           	db 0
10640 3580 00           	db 0
10641 3581 00           	db 0
10642 3582 00           	db 0
10643 3583 00           	db 0
10644 3584 00           	db 0
10645 3585 00           	db 0
10646 3586 00           	db 0
10647 3587 00           	db 0
10648 3588 00           	db 0
10649 3589 00           	db 0
10650 358A 00           	db 0
10651 358B 00           	db 0
10652 358C 00           	db 0
10653 358D 00           	db 0
10654 358E 00           	db 0
10655 358F 00           	db 0
10656 3590 00           	db 0
10657 3591 00           	db 0
10658 3592 00           	db 0
10659 3593 00           	db 0
10660 3594 00           	db 0
10661 3595 00           	db 0
10662 3596 00           	db 0
10663 3597 00           	db 0
10664 3598 00           	db 0
10665 3599 00           	db 0
10666 359A 00           	db 0
10667 359B 00           	db 0
10668 359C 00           	db 0
10669 359D 00           	db 0
10670 359E 00           	db 0
10671 359F 00           	db 0
10672 35A0 00           	db 0
10673 35A1 00           	db 0
10674 35A2 00           	db 0
10675 35A3 00           	db 0
10676 35A4 00           	db 0
10677 35A5 00           	db 0
10678 35A6 00           	db 0
10679 35A7 00           	db 0
10680 35A8 00           	db 0
10681 35A9 00           	db 0
10682 35AA 00           	db 0
10683 35AB 00           	db 0
10684 35AC 00           	db 0
10685 35AD 00           	db 0
10686 35AE 00           	db 0
10687 35AF 00           	db 0
10688 35B0 00           	db 0
10689 35B1 00           	db 0
10690 35B2 00           	db 0
10691 35B3 00           	db 0
10692 35B4 00           	db 0
10693 35B5 00           	db 0
10694 35B6 00           	db 0
10695 35B7 00           	db 0
10696 35B8 00           	db 0
10697 35B9 00           	db 0
10698 35BA 00           	db 0
10699 35BB 00           	db 0
10700 35BC 00           	db 0
10701 35BD 00           	db 0
10702 35BE 00           	db 0
10703 35BF 00           	db 0
10704 35C0 00           	db 0
10705 35C1 00           	db 0
10706 35C2 00           	db 0
10707 35C3 00           	db 0
10708 35C4 00           	db 0
10709 35C5 00           	db 0
10710 35C6 00           	db 0
10711 35C7 00           	db 0
10712 35C8 00           	db 0
10713 35C9 00           	db 0
10714 35CA 00           	db 0
10715 35CB 00           	db 0
10716 35CC 00           	db 0
10717 35CD 00           	db 0
10718 35CE 00           	db 0
10719 35CF 00           	db 0
10720 35D0 00           	db 0
10721 35D1 00           	db 0
10722 35D2 00           	db 0
10723 35D3 00           	db 0
10724 35D4 00           	db 0
10725 35D5 00           	db 0
10726 35D6 00           	db 0
10727 35D7 00           	db 0
10728 35D8 00           	db 0
10729 35D9 00           	db 0
10730 35DA 00           	db 0
10731 35DB 00           	db 0
10732 35DC 00           	db 0
10733 35DD 00           	db 0
10734 35DE 00           	db 0
10735 35DF 00           	db 0
10736 35E0 00           	db 0
10737 35E1 00           	db 0
10738 35E2 00           	db 0
10739 35E3 00           	db 0
10740 35E4 00           	db 0
10741 35E5 00           	db 0
10742 35E6 00           	db 0
10743 35E7 00           	db 0
10744 35E8 00           	db 0
10745 35E9 00           	db 0
10746 35EA 00           	db 0
10747 35EB 00           	db 0
10748 35EC 00           	db 0
10749 35ED 00           	db 0
10750 35EE 00           	db 0
10751 35EF 00           	db 0
10752 35F0 00           	db 0
10753 35F1 00           	db 0
10754 35F2 00           	db 0
10755 35F3 00           	db 0
10756 35F4 00           	db 0
10757 35F5 00           	db 0
10758 35F6 00           	db 0
10759 35F7 00           	db 0
10760 35F8 00           	db 0
10761 35F9 00           	db 0
10762 35FA 00           	db 0
10763 35FB 00           	db 0
10764 35FC 00           	db 0
10765 35FD 00           	db 0
10766 35FE 00           	db 0
10767 35FF 00           	db 0
10768 3600 00           	db 0
10769 3601 00           	db 0
10770 3602 00           	db 0
10771 3603 00           	db 0
10772 3604 00           	db 0
10773 3605 00           	db 0
10774 3606 00           	db 0
10775 3607 00           	db 0
10776 3608 00           	db 0
10777 3609 00           	db 0
10778 360A 00           	db 0
10779 360B 00           	db 0
10780 360C 00           	db 0
10781 360D 00           	db 0
10782 360E 00           	db 0
10783 360F 00           	db 0
10784 3610 00           	db 0
10785 3611 00           	db 0
10786 3612 00           	db 0
10787 3613 00           	db 0
10788 3614 00           	db 0
10789 3615 00           	db 0
10790 3616 00           	db 0
10791 3617 00           	db 0
10792 3618 00           	db 0
10793 3619 00           	db 0
10794 361A 00           	db 0
10795 361B 00           	db 0
10796 361C 00           	db 0
10797 361D 00           	db 0
10798 361E 00           	db 0
10799 361F 00           	db 0
10800 3620 00           	db 0
10801 3621 00           	db 0
10802 3622 00           	db 0
10803 3623 00           	db 0
10804 3624 00           	db 0
10805 3625 00           	db 0
10806 3626 00           	db 0
10807 3627 00           	db 0
10808 3628 00           	db 0
10809 3629 00           	db 0
10810 362A 00           	db 0
10811 362B 00           	db 0
10812 362C 00           	db 0
10813 362D 00           	db 0
10814 362E 00           	db 0
10815 362F 00           	db 0
10816 3630 00           	db 0
10817 3631 00           	db 0
10818 3632 00           	db 0
10819 3633 00           	db 0
10820 3634 00           	db 0
10821 3635 00           	db 0
10822 3636 00           	db 0
10823 3637 00           	db 0
10824 3638 00           	db 0
10825 3639 00           	db 0
10826 363A 00           	db 0
10827 363B 00           	db 0
10828 363C 00           	db 0
10829 363D 00           	db 0
10830 363E 00           	db 0
10831 363F 00           	db 0
10832 3640 00           	db 0
10833 3641 00           	db 0
10834 3642 00           	db 0
10835 3643 00           	db 0
10836 3644 00           	db 0
10837 3645 00           	db 0
10838 3646 00           	db 0
10839 3647 00           	db 0
10840 3648 00           	db 0
10841 3649 00           	db 0
10842 364A 00           	db 0
10843 364B 00           	db 0
10844 364C 00           	db 0
10845 364D 00           	db 0
10846 364E 00           	db 0
10847 364F 00           	db 0
10848 3650 00           	db 0
10849 3651 00           	db 0
10850 3652 00           	db 0
10851 3653 00           	db 0
10852 3654 00           	db 0
10853 3655 00           	db 0
10854 3656 00           	db 0
10855 3657 00           	db 0
10856 3658 00           	db 0
10857 3659 00           	db 0
10858 365A 00           	db 0
10859 365B 00           	db 0
10860 365C 00           	db 0
10861 365D 00           	db 0
10862 365E 00           	db 0
10863 365F 00           	db 0
10864 3660 00           	db 0
10865 3661 00           	db 0
10866 3662 00           	db 0
10867 3663 00           	db 0
10868 3664 00           	db 0
10869 3665              ; 11 void FtpSettingsViewShow() {
10870 3665              ftpsettingsviewshow:
10871 3665              ; 12     push_pop(bc, hl, de) {
10872 3665 C5           	push bc
10873 3666 E5           	push hl
10874 3667 D5           	push de
10875 3668              ; 13         CurrentViewChangeAndPushIdA(a = FtpSettingsViewId);
10876 3668 3E 08        	ld a, 8
10877 366A CD 16 24     	call currentviewchangeandpushida
10878 366D              ; 14         //--
10879 366D              ; 15         bios(a = biosSetExtDRVConfigB, b = 0x02);
10880 366D 3E 53        	ld a, 83
10881 366F 06 02        	ld b, 2
10882 3671 CD 00 F0     	call bios
10883 3674              ; 16         c = (a = FtpSettingsViewColor);
10884 3674 3A 61 39     	ld a, (ftpsettingsviewcolor)
10885 3677 4F           	ld c, a
10886 3678              ; 17         l = (a = FtpSettingsViewX);
10887 3678 3A 5D 39     	ld a, (ftpsettingsviewx)
10888 367B 6F           	ld l, a
10889 367C              ; 18         h = (a = FtpSettingsViewY);
10890 367C 3A 5E 39     	ld a, (ftpsettingsviewy)
10891 367F 67           	ld h, a
10892 3680              ; 19         e = (a = FtpSettingsViewDX);
10893 3680 3A 5F 39     	ld a, (ftpsettingsviewdx)
10894 3683 5F           	ld e, a
10895 3684              ; 20         d = (a = FtpSettingsViewDY);
10896 3684 3A 60 39     	ld a, (ftpsettingsviewdy)
10897 3687 57           	ld d, a
10898 3688              ; 21         bios(a = biosWindowSafeOpen);
10899 3688 3E 57        	ld a, 87
10900 368A CD 00 F0     	call bios
10901 368D              ; 22         MyFuncSetFullScreen();
10902 368D CD 04 19     	call myfuncsetfullscreen
10903 3690 D1           	pop de
10904 3691 E1           	pop hl
10905 3692 C1           	pop bc
10906 3693              ; 23     }
10907 3693              ; 24     a = 0;
10908 3693 3E 00        	ld a, 0
10909 3695              ; 25     FtpSettingsViewSelectPos = a;
10910 3695 32 63 39     	ld (ftpsettingsviewselectpos), a
10911 3698              ; 26     FtpSettingsViewShowTitle();
10912 3698 CD AB 36     	call ftpsettingsviewshowtitle
10913 369B              ; 27     FtpSettingsViewShowValue();
10914 369B CD 78 37     	call ftpsettingsviewshowvalue
10915 369E              ; 28     FtpSettingsViewSelectLineA(a = 1);
10916 369E 3E 01        	ld a, 1
10917 36A0 C3 7F 38     	jp ftpsettingsviewselectlinea
10918 36A3              ; 29 }
10919 36A3              ; 30
10920 36A3              ; 31 void FtpSettingsViewClose() {
10921 36A3              ftpsettingsviewclose:
10922 36A3              ; 32     bios(a = biosWindowSafeClose);
10923 36A3 3E 58        	ld a, 88
10924 36A5 CD 00 F0     	call bios
10925 36A8              ; 33     CurrentViewReturn();
10926 36A8 C3 0D 25     	jp currentviewreturn
10927 36AB              ; 34 }
10928 36AB              ; 35
10929 36AB              ; 36 void FtpSettingsViewShowTitle() {
10930 36AB              ftpsettingsviewshowtitle:
10931 36AB              ; 37     push_pop(hl, bc, de) {
10932 36AB E5           	push hl
10933 36AC C5           	push bc
10934 36AD D5           	push de
10935 36AE              ; 38         bios(c = (a = FtpSettingsViewColor), a = biosSetColorC);
10936 36AE 3A 61 39     	ld a, (ftpsettingsviewcolor)
10937 36B1 4F           	ld c, a
10938 36B2 3E 12        	ld a, 18
10939 36B4 CD 00 F0     	call bios
10940 36B7              ; 39         // LINE!!!
10941 36B7              ; 40         a = FtpSettingsViewX;
10942 36B7 3A 5D 39     	ld a, (ftpsettingsviewx)
10943 36BA              ; 41         a += 1;
10944 36BA C6 01        	add 1
10945 36BC              ; 42         l = a;
10946 36BC 6F           	ld l, a
10947 36BD              ; 43         a = FtpSettingsViewY;
10948 36BD 3A 5E 39     	ld a, (ftpsettingsviewy)
10949 36C0              ; 44         a += 2;
10950 36C0 C6 02        	add 2
10951 36C2              ; 45         h = a;
10952 36C2 67           	ld h, a
10953 36C3              ; 46         bios(a = biosSetPositionCursoreHL); //h=y l=x
10954 36C3 3E 1C        	ld a, 28
10955 36C5 CD 00 F0     	call bios
10956 36C8              ; 47         a = FtpSettingsViewDX;
10957 36C8 3A 5F 39     	ld a, (ftpsettingsviewdx)
10958 36CB              ; 48         a -= 2;
10959 36CB D6 02        	sub 2
10960 36CD              ; 49         b = a;
10961 36CD 47           	ld b, a
10962 36CE              ; 50         do {
10963 36CE              __l_692:
10964 36CE              ; 51             bios(a = biosPrintC, c = 0x90);
10965 36CE 3E 00        	ld a, 0
10966 36D0 0E 90        	ld c, 144
10967 36D2 CD 00 F0     	call bios
10968 36D5              ; 52             b--;
10969 36D5 05           	dec b
10970 36D6              __l_693:
10971 36D6              ; 53         } while ((a = b) > 0);
10972 36D6 78           	ld a, b
10973 36D7 B7           	or a
10974 36D8 C2 CE 36     	jp nz, __l_692
10975 36DB              ; 54         // Title
10976 36DB              ; 55         a = FtpSettingsViewX;
10977 36DB 3A 5D 39     	ld a, (ftpsettingsviewx)
10978 36DE              ; 56         a += 7;
10979 36DE C6 07        	add 7
10980 36E0              ; 57         l = a;
10981 36E0 6F           	ld l, a
10982 36E1              ; 58         a = FtpSettingsViewY;
10983 36E1 3A 5E 39     	ld a, (ftpsettingsviewy)
10984 36E4              ; 59         a += 1; //2;
10985 36E4 C6 01        	add 1
10986 36E6              ; 60         h = a;
10987 36E6 67           	ld h, a
10988 36E7              ; 61         bios(a = biosSetPositionCursoreHL); //h=y l=x
10989 36E7 3E 1C        	ld a, 28
10990 36E9 CD 00 F0     	call bios
10991 36EC              ; 62         push_pop(hl) {
10992 36EC E5           	push hl
10993 36ED              ; 63             bios(a = biosPrintMessageHL, hl = FtpSettingsViewTitle);
10994 36ED 3E 02        	ld a, 2
10995 36EF 21 64 39     	ld hl, ftpsettingsviewtitle
10996 36F2 CD 00 F0     	call bios
10997 36F5 E1           	pop hl
10998 36F6              ; 64         }
10999 36F6              ; 65         // IP
11000 36F6              ; 66         a = FtpSettingsViewX;
11001 36F6 3A 5D 39     	ld a, (ftpsettingsviewx)
11002 36F9              ; 67         a += 2;
11003 36F9 C6 02        	add 2
11004 36FB              ; 68         l = a; // X
11005 36FB 6F           	ld l, a
11006 36FC              ; 69         a = FtpSettingsViewY;
11007 36FC 3A 5E 39     	ld a, (ftpsettingsviewy)
11008 36FF              ; 70         a += 4;
11009 36FF C6 04        	add 4
11010 3701              ; 71         h = a; // Y
11011 3701 67           	ld h, a
11012 3702              ; 72         bios(a = biosSetPositionCursoreHL); //h=y l=x
11013 3702 3E 1C        	ld a, 28
11014 3704 CD 00 F0     	call bios
11015 3707              ; 73         push_pop(hl) {
11016 3707 E5           	push hl
11017 3708              ; 74             bios(a = biosPrintMessageHL, hl = FtpSettingsViewTitleIP);
11018 3708 3E 02        	ld a, 2
11019 370A 21 71 39     	ld hl, ftpsettingsviewtitleip
11020 370D CD 00 F0     	call bios
11021 3710 E1           	pop hl
11022 3711              ; 75         }
11023 3711              ; 76         // PORT
11024 3711              ; 77         h++;
11025 3711 24           	inc h
11026 3712              ; 78         bios(a = biosSetPositionCursoreHL); //h=y l=x
11027 3712 3E 1C        	ld a, 28
11028 3714 CD 00 F0     	call bios
11029 3717              ; 79         push_pop(hl) {
11030 3717 E5           	push hl
11031 3718              ; 80             bios(a = biosPrintMessageHL, hl = FtpSettingsViewTitlePort);
11032 3718 3E 02        	ld a, 2
11033 371A 21 77 39     	ld hl, ftpsettingsviewtitleport
11034 371D CD 00 F0     	call bios
11035 3720 E1           	pop hl
11036 3721              ; 81         }
11037 3721              ; 82         // USER
11038 3721              ; 83         h++;
11039 3721 24           	inc h
11040 3722              ; 84         bios(a = biosSetPositionCursoreHL); //h=y l=x
11041 3722 3E 1C        	ld a, 28
11042 3724 CD 00 F0     	call bios
11043 3727              ; 85         push_pop(hl) {
11044 3727 E5           	push hl
11045 3728              ; 86             bios(a = biosPrintMessageHL, hl = FtpSettingsViewTitleUser);
11046 3728 3E 02        	ld a, 2
11047 372A 21 83 39     	ld hl, ftpsettingsviewtitleuser
11048 372D CD 00 F0     	call bios
11049 3730 E1           	pop hl
11050 3731              ; 87         }
11051 3731              ; 88         // PASS
11052 3731              ; 89         h++;
11053 3731 24           	inc h
11054 3732              ; 90         bios(a = biosSetPositionCursoreHL); //h=y l=x
11055 3732 3E 1C        	ld a, 28
11056 3734 CD 00 F0     	call bios
11057 3737              ; 91         push_pop(hl) {
11058 3737 E5           	push hl
11059 3738              ; 92             bios(a = biosPrintMessageHL, hl = WiFiSettingsViewTitlePass);
11060 3738 3E 02        	ld a, 2
11061 373A 21 9A 16     	ld hl, wifisettingsviewtitlepass
11062 373D CD 00 F0     	call bios
11063 3740 E1           	pop hl
11064 3741              ; 93         }
11065 3741              ; 94         // HOME dir
11066 3741              ; 95         h++;
11067 3741 24           	inc h
11068 3742              ; 96         bios(a = biosSetPositionCursoreHL); //h=y l=x
11069 3742 3E 1C        	ld a, 28
11070 3744 CD 00 F0     	call bios
11071 3747              ; 97         push_pop(hl) {
11072 3747 E5           	push hl
11073 3748              ; 98             bios(a = biosPrintMessageHL, hl = FtpSettingsViewTitleHomeDir);
11074 3748 3E 02        	ld a, 2
11075 374A 21 7D 39     	ld hl, ftpsettingsviewtitlehomedir
11076 374D CD 00 F0     	call bios
11077 3750 E1           	pop hl
11078 3751              ; 99         }
11079 3751              ; 100         // Button
11080 3751              ; 101         if ((a = FtpHeaderViewStatus) == 0) {
11081 3751 3A 59 13     	ld a, (ftpheaderviewstatus)
11082 3754 B7           	or a
11083 3755 C2 5E 37     	jp nz, __l_695
11084 3758              ; 102             bc = WiFiSettingsViewButtonTitle;
11085 3758 01 A6 16     	ld bc, wifisettingsviewbuttontitle
11086 375B C3 61 37     	jp __l_696
11087 375E              __l_695:
11088 375E              ; 103         } else {
11089 375E              ; 104             bc = StringLocaleOK;
11090 375E 01 B4 28     	ld bc, stringlocaleok
11091 3761              __l_696:
11092 3761              ; 105         }
11093 3761              ; 106
11094 3761              ; 107         // Button
11095 3761              ; 108         d = 13;
11096 3761 16 0D        	ld d, 13
11097 3763              ; 109         e = 3;
11098 3763 1E 03        	ld e, 3
11099 3765              ; 110         a = FtpSettingsViewX;
11100 3765 3A 5D 39     	ld a, (ftpsettingsviewx)
11101 3768              ; 111         a += 7;
11102 3768 C6 07        	add 7
11103 376A              ; 112         h = a;
11104 376A 67           	ld h, a
11105 376B              ; 113         a = FtpSettingsViewY;
11106 376B 3A 5E 39     	ld a, (ftpsettingsviewy)
11107 376E              ; 114         a += 10;
11108 376E C6 0A        	add 10
11109 3770              ; 115         l = a;
11110 3770 6F           	ld l, a
11111 3771              ; 116         ButtonShadowViewShow();
11112 3771 CD 5D 29     	call buttonshadowviewshow
11113 3774 D1           	pop de
11114 3775 C1           	pop bc
11115 3776 E1           	pop hl
11116 3777 C9           	ret
11117 3778              ; 117     }
11118 3778              ; 118 }
11119 3778              ; 119
11120 3778              ; 120 void FtpSettingsViewShowValue() {
11121 3778              ftpsettingsviewshowvalue:
11122 3778              ; 121     push_pop(hl, bc) {
11123 3778 E5           	push hl
11124 3779 C5           	push bc
11125 377A              ; 122         bios(c = (a = FtpSettingsViewColor), a = biosSetColorC);
11126 377A 3A 61 39     	ld a, (ftpsettingsviewcolor)
11127 377D 4F           	ld c, a
11128 377E 3E 12        	ld a, 18
11129 3780 CD 00 F0     	call bios
11130 3783              ; 123         // IP
11131 3783              ; 124         a = FtpSettingsViewX;
11132 3783 3A 5D 39     	ld a, (ftpsettingsviewx)
11133 3786              ; 125         a += 8;
11134 3786 C6 08        	add 8
11135 3788              ; 126         l = a; // X
11136 3788 6F           	ld l, a
11137 3789              ; 127         a = FtpSettingsViewY;
11138 3789 3A 5E 39     	ld a, (ftpsettingsviewy)
11139 378C              ; 128         a += 4;
11140 378C C6 04        	add 4
11141 378E              ; 129         h = a; // Y
11142 378E 67           	ld h, a
11143 378F              ; 130         bios(a = biosSetPositionCursoreHL); //h=y l=x
11144 378F 3E 1C        	ld a, 28
11145 3791 CD 00 F0     	call bios
11146 3794              ; 131         push_pop(hl) {
11147 3794 E5           	push hl
11148 3795              ; 132             MyFuncPrintHLStrLenA(hl = FtpHeaderViewIpValue, a = 18);
11149 3795 21 49 13     	ld hl, ftpheaderviewipvalue
11150 3798 3E 12        	ld a, 18
11151 379A CD F1 16     	call myfuncprinthlstrlena
11152 379D E1           	pop hl
11153 379E              ; 133         }
11154 379E              ; 134         // PORT
11155 379E              ; 135         h++;
11156 379E 24           	inc h
11157 379F              ; 136         bios(a = biosSetPositionCursoreHL); //h=y l=x
11158 379F 3E 1C        	ld a, 28
11159 37A1 CD 00 F0     	call bios
11160 37A4              ; 137         push_pop(hl) {
11161 37A4 E5           	push hl
11162 37A5              ; 138             MyFuncPrintHLStrLenA(hl = FtpSettingsViewValuePort, a = 18);
11163 37A5 21 89 39     	ld hl, ftpsettingsviewvalueport
11164 37A8 3E 12        	ld a, 18
11165 37AA CD F1 16     	call myfuncprinthlstrlena
11166 37AD E1           	pop hl
11167 37AE              ; 139         }
11168 37AE              ; 140         // USER
11169 37AE              ; 141         h++;
11170 37AE 24           	inc h
11171 37AF              ; 142         bios(a = biosSetPositionCursoreHL); //h=y l=x
11172 37AF 3E 1C        	ld a, 28
11173 37B1 CD 00 F0     	call bios
11174 37B4              ; 143         push_pop(hl) {
11175 37B4 E5           	push hl
11176 37B5              ; 144             MyFuncPrintHLStrLenA(hl = FtpSettingsViewValueUser, a = 18);
11177 37B5 21 99 39     	ld hl, ftpsettingsviewvalueuser
11178 37B8 3E 12        	ld a, 18
11179 37BA CD F1 16     	call myfuncprinthlstrlena
11180 37BD E1           	pop hl
11181 37BE              ; 145         }
11182 37BE              ; 146         // PASS
11183 37BE              ; 147         h++;
11184 37BE 24           	inc h
11185 37BF              ; 148         bios(a = biosSetPositionCursoreHL); //h=y l=x
11186 37BF 3E 1C        	ld a, 28
11187 37C1 CD 00 F0     	call bios
11188 37C4              ; 149         push_pop(hl) {
11189 37C4 E5           	push hl
11190 37C5              ; 150             MyFuncPrintHLPassLenA(hl = FtpSettingsViewValuePass, a = 18);
11191 37C5 21 A9 39     	ld hl, ftpsettingsviewvaluepass
11192 37C8 3E 12        	ld a, 18
11193 37CA CD 20 17     	call myfuncprinthlpasslena
11194 37CD E1           	pop hl
11195 37CE              ; 151         }
11196 37CE              ; 152         // HOME DIR
11197 37CE              ; 153         h++;
11198 37CE 24           	inc h
11199 37CF              ; 154         bios(a = biosSetPositionCursoreHL); //h=y l=x
11200 37CF 3E 1C        	ld a, 28
11201 37D1 CD 00 F0     	call bios
11202 37D4              ; 155         push_pop(hl) {
11203 37D4 E5           	push hl
11204 37D5              ; 156             MyFuncPrintHLStrLenA(hl = FtpSettingsViewValueHomeDir, a = 18);
11205 37D5 21 B9 39     	ld hl, ftpsettingsviewvaluehomedir
11206 37D8 3E 12        	ld a, 18
11207 37DA CD F1 16     	call myfuncprinthlstrlena
11208 37DD E1           	pop hl
11209 37DE C1           	pop bc
11210 37DF E1           	pop hl
11211 37E0 C9           	ret
11212 37E1              ; 157         }
11213 37E1              ; 158     }
11214 37E1              ; 159 }
11215 37E1              ; 160
11216 37E1              ; 161 /// вых [BC] -
11217 37E1              ; 162 void FtpSettingsViewByPosValue() {
11218 37E1              ftpsettingsviewbyposvalue:
11219 37E1              ; 163     if ((a = FtpSettingsViewSelectPos) == 1) {
11220 37E1 3A 63 39     	ld a, (ftpsettingsviewselectpos)
11221 37E4 FE 01        	cp 1
11222 37E6 C2 EF 37     	jp nz, __l_697
11223 37E9              ; 164         bc = FtpHeaderViewIpValue;
11224 37E9 01 49 13     	ld bc, ftpheaderviewipvalue
11225 37EC C3 2A 38     	jp __l_698
11226 37EF              __l_697:
11227 37EF              ; 165     } else if ((a = FtpSettingsViewSelectPos) == 2) {
11228 37EF 3A 63 39     	ld a, (ftpsettingsviewselectpos)
11229 37F2 FE 02        	cp 2
11230 37F4 C2 FD 37     	jp nz, __l_699
11231 37F7              ; 166         bc = FtpSettingsViewValuePort;
11232 37F7 01 89 39     	ld bc, ftpsettingsviewvalueport
11233 37FA C3 2A 38     	jp __l_700
11234 37FD              __l_699:
11235 37FD              ; 167     } else if ((a = FtpSettingsViewSelectPos) == 3) {
11236 37FD 3A 63 39     	ld a, (ftpsettingsviewselectpos)
11237 3800 FE 03        	cp 3
11238 3802 C2 0B 38     	jp nz, __l_701
11239 3805              ; 168         bc = FtpSettingsViewValueUser;
11240 3805 01 99 39     	ld bc, ftpsettingsviewvalueuser
11241 3808 C3 2A 38     	jp __l_702
11242 380B              __l_701:
11243 380B              ; 169     } else if ((a = FtpSettingsViewSelectPos) == 4) {
11244 380B 3A 63 39     	ld a, (ftpsettingsviewselectpos)
11245 380E FE 04        	cp 4
11246 3810 C2 19 38     	jp nz, __l_703
11247 3813              ; 170         bc = FtpSettingsViewValuePass;
11248 3813 01 A9 39     	ld bc, ftpsettingsviewvaluepass
11249 3816 C3 2A 38     	jp __l_704
11250 3819              __l_703:
11251 3819              ; 171     } else if ((a = FtpSettingsViewSelectPos) == 5) {
11252 3819 3A 63 39     	ld a, (ftpsettingsviewselectpos)
11253 381C FE 05        	cp 5
11254 381E C2 27 38     	jp nz, __l_705
11255 3821              ; 172         bc = FtpSettingsViewValueHomeDir;
11256 3821 01 B9 39     	ld bc, ftpsettingsviewvaluehomedir
11257 3824 C3 2A 38     	jp __l_706
11258 3827              __l_705:
11259 3827              ; 173     } else {
11260 3827              ; 174         bc = 0;
11261 3827 01 00 00     	ld bc, 0
11262 382A              __l_706:
11263 382A              __l_704:
11264 382A              __l_702:
11265 382A              __l_700:
11266 382A              __l_698:
11267 382A C9           	ret
11268 382B              ; 175     }
11269 382B              ; 176 }
11270 382B              ; 177
11271 382B              ; 178 /// вых [HL] -
11272 382B              ; 179 /// вых [DE]-
11273 382B              ; 180 void FtpSettingsViewByPosBoxValue() {
11274 382B              ftpsettingsviewbyposboxvalue:
11275 382B              ; 181     push_pop(bc) {
11276 382B C5           	push bc
11277 382C              ; 182         // HL
11278 382C              ; 183         a = FtpSettingsViewSelectPos;
11279 382C 3A 63 39     	ld a, (ftpsettingsviewselectpos)
11280 382F              ; 184         b = a;
11281 382F 47           	ld b, a
11282 3830              ; 185         a = FtpSettingsViewY;
11283 3830 3A 5E 39     	ld a, (ftpsettingsviewy)
11284 3833              ; 186         a += 3;
11285 3833 C6 03        	add 3
11286 3835              ; 187         a += b;
11287 3835 80           	add b
11288 3836              ; 188         h = a;
11289 3836 67           	ld h, a
11290 3837              ; 189         a = FtpSettingsViewX;
11291 3837 3A 5D 39     	ld a, (ftpsettingsviewx)
11292 383A              ; 190         a += 7;
11293 383A C6 07        	add 7
11294 383C              ; 191         l = a;
11295 383C 6F           	ld l, a
11296 383D              ; 192         // DE
11297 383D              ; 193         a = FtpSettingsViewDX;
11298 383D 3A 5F 39     	ld a, (ftpsettingsviewdx)
11299 3840              ; 194         a -= 8;
11300 3840 D6 08        	sub 8
11301 3842              ; 195         e = a;
11302 3842 5F           	ld e, a
11303 3843              ; 196         a = 1;
11304 3843 3E 01        	ld a, 1
11305 3845              ; 197         d = a;
11306 3845 57           	ld d, a
11307 3846 C1           	pop bc
11308 3847 C9           	ret
11309 3848              ; 198     }
11310 3848              ; 199 }
11311 3848              ; 200
11312 3848              ; 201 /// Обновление позиции
11313 3848              ; 202 /// вх[A]
11314 3848              ; 203 /// 0 - без изменений
11315 3848              ; 204 /// 1 - вверх
11316 3848              ; 205 /// 0xFF - вниз
11317 3848              ; 206 void FtpSettingsViewPosUpdateA() {
11318 3848              ftpsettingsviewposupdatea:
11319 3848              ; 207     push_pop(bc) {
11320 3848 C5           	push bc
11321 3849              ; 208         b = a;
11322 3849 47           	ld b, a
11323 384A              ; 209         if (a == 0) {
11324 384A B7           	or a
11325 384B C2 56 38     	jp nz, __l_707
11326 384E              ; 210             FtpSettingsViewSelectLineA(a = 1);
11327 384E 3E 01        	ld a, 1
11328 3850 CD 7F 38     	call ftpsettingsviewselectlinea
11329 3853 C3 7D 38     	jp __l_708
11330 3856              __l_707:
11331 3856              ; 211         } else {
11332 3856              ; 212             a = 6;
11333 3856 3E 06        	ld a, 6
11334 3858              ; 213             c = a;
11335 3858 4F           	ld c, a
11336 3859              ; 214             FtpSettingsViewSelectLineA(a = 0);
11337 3859 3E 00        	ld a, 0
11338 385B CD 7F 38     	call ftpsettingsviewselectlinea
11339 385E              ; 215             a = FtpSettingsViewSelectPos;
11340 385E 3A 63 39     	ld a, (ftpsettingsviewselectpos)
11341 3861              ; 216             a += b;
11342 3861 80           	add b
11343 3862              ; 217             b = a;
11344 3862 47           	ld b, a
11345 3863              ; 218             //-- FIX
11346 3863              ; 219             if ((a = b) == 0xFF) {
11347 3863 78           	ld a, b
11348 3864 FE FF        	cp 255
11349 3866 C2 6E 38     	jp nz, __l_709
11350 3869              ; 220                 a = c;
11351 3869 79           	ld a, c
11352 386A              ; 221                 a--;
11353 386A 3D           	dec a
11354 386B C3 75 38     	jp __l_710
11355 386E              __l_709:
11356 386E              ; 222             } else if ((a = b) == c) {
11357 386E 78           	ld a, b
11358 386F B9           	cp c
11359 3870 C2 75 38     	jp nz, __l_711
11360 3873              ; 223                 a = 0;
11361 3873 3E 00        	ld a, 0
11362 3875              __l_711:
11363 3875              __l_710:
11364 3875              ; 224             }
11365 3875              ; 225             //--
11366 3875              ; 226             FtpSettingsViewSelectPos = a;
11367 3875 32 63 39     	ld (ftpsettingsviewselectpos), a
11368 3878              ; 227             FtpSettingsViewSelectLineA(a = 1);
11369 3878 3E 01        	ld a, 1
11370 387A CD 7F 38     	call ftpsettingsviewselectlinea
11371 387D              __l_708:
11372 387D C1           	pop bc
11373 387E C9           	ret
11374 387F              ; 228         }
11375 387F              ; 229     }
11376 387F              ; 230 }
11377 387F              ; 231
11378 387F              ; 232 /// Рисование линии прямым или инверсным цветом
11379 387F              ; 233 /// 0 - прямой
11380 387F              ; 234 /// 1 - инверсный
11381 387F              ; 235 void FtpSettingsViewSelectLineA() {
11382 387F              ftpsettingsviewselectlinea:
11383 387F              ; 236     push_pop(bc, hl) {
11384 387F C5           	push bc
11385 3880 E5           	push hl
11386 3881              ; 237         c = a;
11387 3881 4F           	ld c, a
11388 3882              ; 238         // 0 - Button
11389 3882              ; 239         if ((a = FtpSettingsViewSelectPos) == 0) {
11390 3882 3A 63 39     	ld a, (ftpsettingsviewselectpos)
11391 3885 B7           	or a
11392 3886 C2 90 38     	jp nz, __l_713
11393 3889              ; 240             ButtonShadowViewSelectA(a = c);
11394 3889 79           	ld a, c
11395 388A CD 8E 29     	call buttonshadowviewselecta
11396 388D C3 A5 38     	jp __l_714
11397 3890              __l_713:
11398 3890              ; 241         } else {
11399 3890              ; 242             FtpSettingsViewByPosBoxValue();
11400 3890 CD 2B 38     	call ftpsettingsviewbyposboxvalue
11401 3893              ; 243             // C
11402 3893              ; 244             if ((a = c) == 0) {
11403 3893 79           	ld a, c
11404 3894 B7           	or a
11405 3895 C2 9E 38     	jp nz, __l_715
11406 3898              ; 245                 a = FtpSettingsViewColor;
11407 3898 3A 61 39     	ld a, (ftpsettingsviewcolor)
11408 389B C3 A1 38     	jp __l_716
11409 389E              __l_715:
11410 389E              ; 246             } else {
11411 389E              ; 247                 a = FtpSettingsViewInvColor;
11412 389E 3A 62 39     	ld a, (ftpsettingsviewinvcolor)
11413 38A1              __l_716:
11414 38A1              ; 248             }
11415 38A1              ; 249             c = a;
11416 38A1 4F           	ld c, a
11417 38A2              ; 250             // A
11418 38A2              ; 251             MyViewChangeBoxColor();
11419 38A2 CD 48 11     	call myviewchangeboxcolor
11420 38A5              __l_714:
11421 38A5 E1           	pop hl
11422 38A6 C1           	pop bc
11423 38A7 C9           	ret
11424 38A8              ; 252         }
11425 38A8              ; 253     }
11426 38A8              ; 254 }
11427 38A8              ; 255
11428 38A8              ; 256 void FtpSettingsViewKeyA() {
11429 38A8              ftpsettingsviewkeya:
11430 38A8              ; 257     push_pop(hl) {
11431 38A8 E5           	push hl
11432 38A9              ; 258         l = a;
11433 38A9 6F           	ld l, a
11434 38AA              ; 259         if ((a = c) == 0) {
11435 38AA 79           	ld a, c
11436 38AB B7           	or a
11437 38AC C2 5B 39     	jp nz, __l_717
11438 38AF              ; 260             if ((a = CurrentViewId) == FtpSettingsViewId) {
11439 38AF 3A 4D 25     	ld a, (currentviewid)
11440 38B2 FE 08        	cp 8
11441 38B4 C2 5B 39     	jp nz, __l_719
11442 38B7              ; 261                 if ((a = l) == 0x1B) { //ESC выход
11443 38B7 7D           	ld a, l
11444 38B8 FE 1B        	cp 27
11445 38BA C2 C3 38     	jp nz, __l_721
11446 38BD              ; 262                     FtpSettingsViewClose();
11447 38BD CD A3 36     	call ftpsettingsviewclose
11448 38C0 C3 5B 39     	jp __l_722
11449 38C3              __l_721:
11450 38C3              ; 263                 } else if ((a = l) == 0x0D) { // Выбор
11451 38C3 7D           	ld a, l
11452 38C4 FE 0D        	cp 13
11453 38C6 C2 42 39     	jp nz, __l_723
11454 38C9              ; 264                     if ((a = FtpSettingsViewSelectPos) == 0) { // OK
11455 38C9 3A 63 39     	ld a, (ftpsettingsviewselectpos)
11456 38CC B7           	or a
11457 38CD C2 E3 38     	jp nz, __l_725
11458 38D0              ; 265                         WiFiSettingsViewClose();
11459 38D0 CD EF 15     	call wifisettingsviewclose
11460 38D3              ; 266                         if ((a = FtpHeaderViewStatus) == 0) {
11461 38D3 3A 59 13     	ld a, (ftpheaderviewstatus)
11462 38D6 B7           	or a
11463 38D7 C2 E0 38     	jp nz, __l_727
11464 38DA              ; 267                             #ifdef _IS_SIMULATOR
11465 38DA              ; 268
11466 38DA              ; 269                             #else
11467 38DA              ; 270                                 NetFtpConnect();
11468 38DA CD F9 2D     	call netftpconnect
11469 38DD              ; 271                                 ThreadsTickNow();
11470 38DD CD 9C 2F     	call threadsticknow
11471 38E0              __l_727:
11472 38E0 C3 3F 39     	jp __l_726
11473 38E3              __l_725:
11474 38E3              ; 272                             #endif
11475 38E3              ; 273                         }
11476 38E3              ; 274                     } else { // Переход в редактирование
11477 38E3              ; 275                         FtpSettingsViewByPosBoxValue();
11478 38E3 CD 2B 38     	call ftpsettingsviewbyposboxvalue
11479 38E6              ; 276                         FtpSettingsViewByPosValue();
11480 38E6 CD E1 37     	call ftpsettingsviewbyposvalue
11481 38E9              ; 277                         EditFieldViewShow();
11482 38E9 CD 04 2A     	call editfieldviewshow
11483 38EC              ; 278                         if (a == 1) { // что то изменилось
11484 38EC FE 01        	cp 1
11485 38EE C2 37 39     	jp nz, __l_729
11486 38F1              ; 279                             if ((a = FtpSettingsViewSelectPos) == 5) {
11487 38F1 3A 63 39     	ld a, (ftpsettingsviewselectpos)
11488 38F4 FE 05        	cp 5
11489 38F6 C2 FF 38     	jp nz, __l_731
11490 38F9              ; 280                                 #ifdef _IS_SIMULATOR
11491 38F9              ; 281
11492 38F9              ; 282                                 #else
11493 38F9              ; 283                                     ThreadsNetFtpHomeDirUpdate();
11494 38F9 CD A8 30     	call threadsnetftphomedirupdate
11495 38FC C3 37 39     	jp __l_732
11496 38FF              __l_731:
11497 38FF              ; 284                                 #endif
11498 38FF              ; 285                             } else if ((a = FtpSettingsViewSelectPos) == 3) {
11499 38FF 3A 63 39     	ld a, (ftpsettingsviewselectpos)
11500 3902 FE 03        	cp 3
11501 3904 C2 0D 39     	jp nz, __l_733
11502 3907              ; 286                                 #ifdef _IS_SIMULATOR
11503 3907              ; 287
11504 3907              ; 288                                 #else
11505 3907              ; 289                                     ThreadsNetFtpUserUpdate();
11506 3907 CD AE 30     	call threadsnetftpuserupdate
11507 390A C3 37 39     	jp __l_734
11508 390D              __l_733:
11509 390D              ; 290                                 #endif
11510 390D              ; 291                             } else if ((a = FtpSettingsViewSelectPos) == 4) {
11511 390D 3A 63 39     	ld a, (ftpsettingsviewselectpos)
11512 3910 FE 04        	cp 4
11513 3912 C2 1B 39     	jp nz, __l_735
11514 3915              ; 292                                 #ifdef _IS_SIMULATOR
11515 3915              ; 293
11516 3915              ; 294                                 #else
11517 3915              ; 295                                     ThreadsNetFtpPasswordUpdate();
11518 3915 CD B4 30     	call threadsnetftppasswordupdate
11519 3918 C3 37 39     	jp __l_736
11520 391B              __l_735:
11521 391B              ; 296                                 #endif
11522 391B              ; 297                             } else if ((a = FtpSettingsViewSelectPos) == 1) { // IP
11523 391B 3A 63 39     	ld a, (ftpsettingsviewselectpos)
11524 391E FE 01        	cp 1
11525 3920 C2 2C 39     	jp nz, __l_737
11526 3923              ; 298                                 #ifdef _IS_SIMULATOR
11527 3923              ; 299
11528 3923              ; 300                                 #else
11529 3923              ; 301                                     ThreadsNetFtpServerUrlUpdate();
11530 3923 CD BA 30     	call threadsnetftpserverurlupdate
11531 3926              ; 302                                 #endif
11532 3926              ; 303                                 FtpHeaderViewShowValue();
11533 3926 CD D1 12     	call ftpheaderviewshowvalue
11534 3929 C3 37 39     	jp __l_738
11535 392C              __l_737:
11536 392C              ; 304                             } else if ((a = FtpSettingsViewSelectPos) == 2) { // PORT
11537 392C 3A 63 39     	ld a, (ftpsettingsviewselectpos)
11538 392F FE 02        	cp 2
11539 3931 C2 37 39     	jp nz, __l_739
11540 3934              ; 305                                 #ifdef _IS_SIMULATOR
11541 3934              ; 306
11542 3934              ; 307                                 #else
11543 3934              ; 308                                     ThreadsNetFtpPortUpdate();
11544 3934 CD C0 30     	call threadsnetftpportupdate
11545 3937              __l_739:
11546 3937              __l_738:
11547 3937              __l_736:
11548 3937              __l_734:
11549 3937              __l_732:
11550 3937              __l_729:
11551 3937              ; 309                                 #endif
11552 3937              ; 310                             }
11553 3937              ; 311                             //FtpSettingsViewShowValue();
11554 3937              ; 312                         }
11555 3937              ; 313                         FtpSettingsViewShowValue();
11556 3937 CD 78 37     	call ftpsettingsviewshowvalue
11557 393A              ; 314                         FtpSettingsViewSelectLineA(a = 1);
11558 393A 3E 01        	ld a, 1
11559 393C CD 7F 38     	call ftpsettingsviewselectlinea
11560 393F              __l_726:
11561 393F C3 5B 39     	jp __l_724
11562 3942              __l_723:
11563 3942              ; 315                     }
11564 3942              ; 316                 } else if ((a = l) == 0x1A) { //down
11565 3942 7D           	ld a, l
11566 3943 FE 1A        	cp 26
11567 3945 C2 50 39     	jp nz, __l_741
11568 3948              ; 317                     FtpSettingsViewPosUpdateA(a = 0x01);
11569 3948 3E 01        	ld a, 1
11570 394A CD 48 38     	call ftpsettingsviewposupdatea
11571 394D C3 5B 39     	jp __l_742
11572 3950              __l_741:
11573 3950              ; 318                 } else if ((a = l) == 0x19) { //up
11574 3950 7D           	ld a, l
11575 3951 FE 19        	cp 25
11576 3953 C2 5B 39     	jp nz, __l_743
11577 3956              ; 319                     FtpSettingsViewPosUpdateA(a = 0xFF);
11578 3956 3E FF        	ld a, 255
11579 3958 CD 48 38     	call ftpsettingsviewposupdatea
11580 395B              __l_743:
11581 395B              __l_742:
11582 395B              __l_724:
11583 395B              __l_722:
11584 395B              __l_719:
11585 395B              __l_717:
11586 395B E1           	pop hl
11587 395C C9           	ret
11588 395D              ; 320                 }
11589 395D              ; 321             }
11590 395D              ; 322         }
11591 395D              ; 323     }
11592 395D              ; 324 }
11593 395D              ; 325
11594 395D              ; 326 uint8_t FtpSettingsViewX = 11;
11595 395D              ftpsettingsviewx:
11596 395D 0B           	db 11
11597 395E              ; 327 uint8_t FtpSettingsViewY = 9;
11598 395E              ftpsettingsviewy:
11599 395E 09           	db 9
11600 395F              ; 328 uint8_t FtpSettingsViewDX = 27;
11601 395F              ftpsettingsviewdx:
11602 395F 1B           	db 27
11603 3960              ; 329 uint8_t FtpSettingsViewDY = 15;
11604 3960              ftpsettingsviewdy:
11605 3960 0F           	db 15
11606 3961              ; 330 uint8_t FtpSettingsViewColor = 0x70;
11607 3961              ftpsettingsviewcolor:
11608 3961 70           	db 112
11609 3962              ; 331 uint8_t FtpSettingsViewInvColor = 0x07;
11610 3962              ftpsettingsviewinvcolor:
11611 3962 07           	db 7
11612 3963              ; 333 uint8_t FtpSettingsViewSelectPos = 1; //0
11613 3963              ftpsettingsviewselectpos:
11614 3963 01           	db 1
11615 3964              ; 335 uint8_t FtpSettingsViewTitle[] = "FTP settings";
11616 3964              ftpsettingsviewtitle:
11617 3964 46           	db 70
11618 3965 54           	db 84
11619 3966 50           	db 80
11620 3967 20           	db 32
11621 3968 73           	db 115
11622 3969 65           	db 101
11623 396A 74           	db 116
11624 396B 74           	db 116
11625 396C 69           	db 105
11626 396D 6E           	db 110
11627 396E 67           	db 103
11628 396F 73           	db 115
11629 3970 00           	ds 1
11630 3971              ; 336 uint8_t FtpSettingsViewTitleIP[] =      "  IP:";
11631 3971              ftpsettingsviewtitleip:
11632 3971 20           	db 32
11633 3972 20           	db 32
11634 3973 49           	db 73
11635 3974 50           	db 80
11636 3975 3A           	db 58
11637 3976 00           	ds 1
11638 3977              ; 337 uint8_t FtpSettingsViewTitlePort[] =    "Port:";
11639 3977              ftpsettingsviewtitleport:
11640 3977 50           	db 80
11641 3978 6F           	db 111
11642 3979 72           	db 114
11643 397A 74           	db 116
11644 397B 3A           	db 58
11645 397C 00           	ds 1
11646 397D              ; 338 uint8_t FtpSettingsViewTitleHomeDir[] = "Home:";
11647 397D              ftpsettingsviewtitlehomedir:
11648 397D 48           	db 72
11649 397E 6F           	db 111
11650 397F 6D           	db 109
11651 3980 65           	db 101
11652 3981 3A           	db 58
11653 3982 00           	ds 1
11654 3983              ; 339 uint8_t FtpSettingsViewTitleUser[] = "User:";
11655 3983              ftpsettingsviewtitleuser:
11656 3983 55           	db 85
11657 3984 73           	db 115
11658 3985 65           	db 101
11659 3986 72           	db 114
11660 3987 3A           	db 58
11661 3988 00           	ds 1
11662 3989              ; 341 uint8_t FtpSettingsViewValuePort[16] = "21";
11663 3989              ftpsettingsviewvalueport:
11664 3989 32           	db 50
11665 398A 31           	db 49
11666 398B 00 00 00...  	ds 14
11667 3999              ; 342 uint8_t FtpSettingsViewValueUser[16] = "-";
11668 3999              ftpsettingsviewvalueuser:
11669 3999 2D           	db 45
11670 399A 00 00 00...  	ds 15
11671 39A9              ; 343 uint8_t FtpSettingsViewValuePass[16] = "-";
11672 39A9              ftpsettingsviewvaluepass:
11673 39A9 2D           	db 45
11674 39AA 00 00 00...  	ds 15
11675 39B9              ; 344 uint8_t FtpSettingsViewValueHomeDir[16] = "/";
11676 39B9              ftpsettingsviewvaluehomedir:
11677 39B9 2F           	db 47
11678 39BA 00 00 00...  	ds 15
11679 39C9              ; 14 void ButtonShadowView2Show() {
11680 39C9              buttonshadowview2show:
11681 39C9              ; 15     push_pop(hl) {
11682 39C9 E5           	push hl
11683 39CA              ; 16         h = b;
11684 39CA 60           	ld h, b
11685 39CB              ; 17         l = c;
11686 39CB 69           	ld l, c
11687 39CC              ; 18         ButtonShadowView2TitlePoint = hl;
11688 39CC 22 6E 3A     	ld (buttonshadowview2titlepoint), hl
11689 39CF E1           	pop hl
11690 39D0              ; 19     }
11691 39D0              ; 20     //- SAVE -
11692 39D0              ; 21     ButtonShadowView2X = (a = h);
11693 39D0 7C           	ld a, h
11694 39D1 32 68 3A     	ld (buttonshadowview2x), a
11695 39D4              ; 22     ButtonShadowView2Y = (a = l);
11696 39D4 7D           	ld a, l
11697 39D5 32 69 3A     	ld (buttonshadowview2y), a
11698 39D8              ; 23     ButtonShadowView2DX = (a = d);
11699 39D8 7A           	ld a, d
11700 39D9 32 6A 3A     	ld (buttonshadowview2dx), a
11701 39DC              ; 24     ButtonShadowView2DY = (a = e);
11702 39DC 7B           	ld a, e
11703 39DD 32 6B 3A     	ld (buttonshadowview2dy), a
11704 39E0              ; 25     //--
11705 39E0              ; 26     ButtonShadowView2ShowTitleBC();
11706 39E0 CD 24 3A     	call buttonshadowview2showtitlebc
11707 39E3              ; 27     //--
11708 39E3              ; 28     c = (a = ButtonShadowView2Color);
11709 39E3 3A 6C 3A     	ld a, (buttonshadowview2color)
11710 39E6 4F           	ld c, a
11711 39E7              ; 29     l = (a = ButtonShadowView2X);
11712 39E7 3A 68 3A     	ld a, (buttonshadowview2x)
11713 39EA 6F           	ld l, a
11714 39EB              ; 30     h = (a = ButtonShadowView2Y);
11715 39EB 3A 69 3A     	ld a, (buttonshadowview2y)
11716 39EE 67           	ld h, a
11717 39EF              ; 31     e = (a = ButtonShadowView2DX);
11718 39EF 3A 6A 3A     	ld a, (buttonshadowview2dx)
11719 39F2 5F           	ld e, a
11720 39F3              ; 32     d = (a = ButtonShadowView2DY);
11721 39F3 3A 6B 3A     	ld a, (buttonshadowview2dy)
11722 39F6 57           	ld d, a
11723 39F7              ; 33     MyViewChangeBoxColor();
11724 39F7 C3 48 11     	jp myviewchangeboxcolor
11725 39FA              ; 34 }
11726 39FA              ; 35
11727 39FA              ; 36 /// Закраска кнопки
11728 39FA              ; 37 /// 0 - прямой
11729 39FA              ; 38 /// 1 - инверсный
11730 39FA              ; 39 void ButtonShadowView2SelectA() {
11731 39FA              buttonshadowview2selecta:
11732 39FA              ; 40     push_pop(bc, de, hl) {
11733 39FA C5           	push bc
11734 39FB D5           	push de
11735 39FC E5           	push hl
11736 39FD              ; 41         b = a;
11737 39FD 47           	ld b, a
11738 39FE              ; 42         l = (a = ButtonShadowView2X);
11739 39FE 3A 68 3A     	ld a, (buttonshadowview2x)
11740 3A01 6F           	ld l, a
11741 3A02              ; 43         h = (a = ButtonShadowView2Y);
11742 3A02 3A 69 3A     	ld a, (buttonshadowview2y)
11743 3A05 67           	ld h, a
11744 3A06              ; 44         e = (a = ButtonShadowView2DX);
11745 3A06 3A 6A 3A     	ld a, (buttonshadowview2dx)
11746 3A09 5F           	ld e, a
11747 3A0A              ; 45         d = (a = ButtonShadowView2DY);
11748 3A0A 3A 6B 3A     	ld a, (buttonshadowview2dy)
11749 3A0D 57           	ld d, a
11750 3A0E              ; 46         //--------
11751 3A0E              ; 47         if ((a = b) == 0) {
11752 3A0E 78           	ld a, b
11753 3A0F B7           	or a
11754 3A10 C2 19 3A     	jp nz, __l_745
11755 3A13              ; 48             a = ButtonShadowView2Color;
11756 3A13 3A 6C 3A     	ld a, (buttonshadowview2color)
11757 3A16 C3 1C 3A     	jp __l_746
11758 3A19              __l_745:
11759 3A19              ; 49         } else {
11760 3A19              ; 50             a = ButtonShadowView2InvColor;
11761 3A19 3A 6D 3A     	ld a, (buttonshadowview2invcolor)
11762 3A1C              __l_746:
11763 3A1C              ; 51         }
11764 3A1C              ; 52         c = a;
11765 3A1C 4F           	ld c, a
11766 3A1D              ; 53         //----
11767 3A1D              ; 54         MyViewChangeBoxColor();
11768 3A1D CD 48 11     	call myviewchangeboxcolor
11769 3A20 E1           	pop hl
11770 3A21 D1           	pop de
11771 3A22 C1           	pop bc
11772 3A23 C9           	ret
11773 3A24              ; 55     }
11774 3A24              ; 56 }
11775 3A24              ; 57
11776 3A24              ; 58 void ButtonShadowView2ShowTitleBC() {
11777 3A24              buttonshadowview2showtitlebc:
11778 3A24              ; 59     push_pop(hl, de, bc) {
11779 3A24 E5           	push hl
11780 3A25 D5           	push de
11781 3A26 C5           	push bc
11782 3A27              ; 60         hl = ButtonShadowView2TitlePoint;
11783 3A27 2A 6E 3A     	ld hl, (buttonshadowview2titlepoint)
11784 3A2A              ; 61         b = 0;
11785 3A2A 06 00        	ld b, 0
11786 3A2C              ; 62         a = ButtonShadowView2DX;
11787 3A2C 3A 6A 3A     	ld a, (buttonshadowview2dx)
11788 3A2F              ; 63         c = a;
11789 3A2F 4F           	ld c, a
11790 3A30              ; 64         do {
11791 3A30              __l_747:
11792 3A30              ; 65             a = *hl;
11793 3A30 7E           	ld a, (hl)
11794 3A31              ; 66             d = a;
11795 3A31 57           	ld d, a
11796 3A32              ; 67             hl++;
11797 3A32 23           	inc hl
11798 3A33              ; 68             if (a > 0) {
11799 3A33 B7           	or a
11800 3A34 CA 38 3A     	jp z, __l_750
11801 3A37              ; 69                 b++;
11802 3A37 04           	inc b
11803 3A38              __l_750:
11804 3A38              ; 70             }
11805 3A38              ; 71             if ((a = b) >= c) {
11806 3A38 78           	ld a, b
11807 3A39 B9           	cp c
11808 3A3A DA 3F 3A     	jp c, __l_752
11809 3A3D              ; 72                 d = 0;
11810 3A3D 16 00        	ld d, 0
11811 3A3F              __l_752:
11812 3A3F              __l_748:
11813 3A3F              ; 73             }
11814 3A3F              ; 74         } while ((a = d) > 0);
11815 3A3F 7A           	ld a, d
11816 3A40 B7           	or a
11817 3A41 C2 30 3A     	jp nz, __l_747
11818 3A44              ; 75         a = ButtonShadowView2DX;
11819 3A44 3A 6A 3A     	ld a, (buttonshadowview2dx)
11820 3A47              ; 76         a -= b;
11821 3A47 90           	sub b
11822 3A48              ; 77         a &= 0xFE;
11823 3A48 E6 FE        	and 254
11824 3A4A              ; 78         cyclic_rotate_right(a, 1);
11825 3A4A 0F           	rrca
11826 3A4B              ; 79         b = a;
11827 3A4B 47           	ld b, a
11828 3A4C              ; 80         a = ButtonShadowView2X;
11829 3A4C 3A 68 3A     	ld a, (buttonshadowview2x)
11830 3A4F              ; 81         a += b;
11831 3A4F 80           	add b
11832 3A50              ; 82         l = a;
11833 3A50 6F           	ld l, a
11834 3A51              ; 83         a = ButtonShadowView2Y;
11835 3A51 3A 69 3A     	ld a, (buttonshadowview2y)
11836 3A54              ; 84         a += 1;
11837 3A54 C6 01        	add 1
11838 3A56              ; 85         h = a;
11839 3A56 67           	ld h, a
11840 3A57              ; 86         bios(a = biosSetPositionCursoreHL);
11841 3A57 3E 1C        	ld a, 28
11842 3A59 CD 00 F0     	call bios
11843 3A5C              ; 87         bios(a = biosPrintMessageHL, hl = ButtonShadowView2TitlePoint);
11844 3A5C 3E 02        	ld a, 2
11845 3A5E 2A 6E 3A     	ld hl, (buttonshadowview2titlepoint)
11846 3A61 CD 00 F0     	call bios
11847 3A64 C1           	pop bc
11848 3A65 D1           	pop de
11849 3A66 E1           	pop hl
11850 3A67 C9           	ret
11851 3A68              ; 88     }
11852 3A68              ; 89 }
11853 3A68              ; 90
11854 3A68              ; 91 uint8_t ButtonShadowView2X = 0;
11855 3A68              buttonshadowview2x:
11856 3A68 00           	db 0
11857 3A69              ; 92 uint8_t ButtonShadowView2Y = 0;
11858 3A69              buttonshadowview2y:
11859 3A69 00           	db 0
11860 3A6A              ; 93 uint8_t ButtonShadowView2DX = 0;
11861 3A6A              buttonshadowview2dx:
11862 3A6A 00           	db 0
11863 3A6B              ; 94 uint8_t ButtonShadowView2DY = 0;
11864 3A6B              buttonshadowview2dy:
11865 3A6B 00           	db 0
11866 3A6C              ; 96 uint8_t ButtonShadowView2Color = 0xF7;
11867 3A6C              buttonshadowview2color:
11868 3A6C F7           	db 247
11869 3A6D              ; 97 uint8_t ButtonShadowView2InvColor = 0xE2; //0xE6
11870 3A6D              buttonshadowview2invcolor:
11871 3A6D E2           	db 226
11872 3A6E              ; 99 uint16_t ButtonShadowView2TitlePoint = 0x0000;
11873 3A6E              buttonshadowview2titlepoint:
11874 3A6E 00 00        	dw 0
11875 3A70              ; 11 void AllertYesNoViewShowHL() {
11876 3A70              allertyesnoviewshowhl:
11877 3A70              ; 12     AllertYesNoViewTitlePoint = hl;
11878 3A70 22 CF 3B     	ld (allertyesnoviewtitlepoint), hl
11879 3A73              ; 13     CurrentViewChangeAndPushIdA(a = AllertYesNoViewId);
11880 3A73 3E 09        	ld a, 9
11881 3A75 CD 16 24     	call currentviewchangeandpushida
11882 3A78              ; 14     AllertYesNoViewReturnValue = (a = 0);
11883 3A78 3E 00        	ld a, 0
11884 3A7A 32 CE 3B     	ld (allertyesnoviewreturnvalue), a
11885 3A7D              ; 15     AllertYesNoViewPos = (a = 0);
11886 3A7D 3E 00        	ld a, 0
11887 3A7F 32 CD 3B     	ld (allertyesnoviewpos), a
11888 3A82              ; 16     push_pop(bc, hl, de) {
11889 3A82 C5           	push bc
11890 3A83 E5           	push hl
11891 3A84 D5           	push de
11892 3A85              ; 17         bios(a = biosSetExtDRVConfigB, b = 0x02);
11893 3A85 3E 53        	ld a, 83
11894 3A87 06 02        	ld b, 2
11895 3A89 CD 00 F0     	call bios
11896 3A8C              ; 18         c = (a = AllertYesNoViewColor);
11897 3A8C 3A CC 3B     	ld a, (allertyesnoviewcolor)
11898 3A8F 4F           	ld c, a
11899 3A90              ; 19         l = (a = AllertYesNoViewX);
11900 3A90 3A C8 3B     	ld a, (allertyesnoviewx)
11901 3A93 6F           	ld l, a
11902 3A94              ; 20         h = (a = AllertYesNoViewY);
11903 3A94 3A C9 3B     	ld a, (allertyesnoviewy)
11904 3A97 67           	ld h, a
11905 3A98              ; 21         e = (a = AllertYesNoViewDX);
11906 3A98 3A CA 3B     	ld a, (allertyesnoviewdx)
11907 3A9B 5F           	ld e, a
11908 3A9C              ; 22         d = (a = AllertYesNoViewDY);
11909 3A9C 3A CB 3B     	ld a, (allertyesnoviewdy)
11910 3A9F 57           	ld d, a
11911 3AA0              ; 23         bios(a = biosWindowSafeOpen);
11912 3AA0 3E 57        	ld a, 87
11913 3AA2 CD 00 F0     	call bios
11914 3AA5              ; 24         MyFuncSetFullScreen();
11915 3AA5 CD 04 19     	call myfuncsetfullscreen
11916 3AA8              ; 25
11917 3AA8              ; 26         // NO Button
11918 3AA8              ; 27         a = AllertYesNoViewX;
11919 3AA8 3A C8 3B     	ld a, (allertyesnoviewx)
11920 3AAB              ; 28         a += 6; //!
11921 3AAB C6 06        	add 6
11922 3AAD              ; 29         h = a;
11923 3AAD 67           	ld h, a
11924 3AAE              ; 30         a = AllertYesNoViewY;
11925 3AAE 3A C9 3B     	ld a, (allertyesnoviewy)
11926 3AB1              ; 31         a += 4;
11927 3AB1 C6 04        	add 4
11928 3AB3              ; 32         l = a;
11929 3AB3 6F           	ld l, a
11930 3AB4              ; 33         d = 4;
11931 3AB4 16 04        	ld d, 4
11932 3AB6              ; 34         e = 3;
11933 3AB6 1E 03        	ld e, 3
11934 3AB8              ; 35         ButtonShadowViewShow(bc = StringLocaleNo);
11935 3AB8 01 BB 28     	ld bc, stringlocaleno
11936 3ABB CD 5D 29     	call buttonshadowviewshow
11937 3ABE              ; 36         // YES Button
11938 3ABE              ; 37         a = AllertYesNoViewX;
11939 3ABE 3A C8 3B     	ld a, (allertyesnoviewx)
11940 3AC1              ; 38         a += 6 + 7; //!
11941 3AC1 C6 0D        	add 13
11942 3AC3              ; 39         h = a;
11943 3AC3 67           	ld h, a
11944 3AC4              ; 40         a = AllertYesNoViewY;
11945 3AC4 3A C9 3B     	ld a, (allertyesnoviewy)
11946 3AC7              ; 41         a += 4;
11947 3AC7 C6 04        	add 4
11948 3AC9              ; 42         l = a;
11949 3AC9 6F           	ld l, a
11950 3ACA              ; 43         d = 5;
11951 3ACA 16 05        	ld d, 5
11952 3ACC              ; 44         e = 3;
11953 3ACC 1E 03        	ld e, 3
11954 3ACE              ; 45         ButtonShadowView2Show(bc = StringLocaleYes);
11955 3ACE 01 B7 28     	ld bc, stringlocaleyes
11956 3AD1 CD C9 39     	call buttonshadowview2show
11957 3AD4 D1           	pop de
11958 3AD5 E1           	pop hl
11959 3AD6 C1           	pop bc
11960 3AD7              ; 46     }
11961 3AD7              ; 47     AllertYesNoViewShowTitle();
11962 3AD7 CD 84 3B     	call allertyesnoviewshowtitle
11963 3ADA              ; 48     AllertYesNoViewPosUpdate();
11964 3ADA CD 59 3B     	call allertyesnoviewposupdate
11965 3ADD              ; 49     AllertYesNoViewLoopKey();
11966 3ADD              ; 50 }
11967 3ADD              ; 51
11968 3ADD              ; 52 void AllertYesNoViewLoopKey() {
11969 3ADD              allertyesnoviewloopkey:
11970 3ADD              ; 53     push_pop(bc) {
11971 3ADD C5           	push bc
11972 3ADE              ; 54         b = 0;
11973 3ADE 06 00        	ld b, 0
11974 3AE0              ; 55         do {
11975 3AE0              __l_754:
11976 3AE0              ; 56             getKeyboardCharA();
11977 3AE0 CD 03 F8     	call getkeyboardchara
11978 3AE3              ; 57             c = a;
11979 3AE3 4F           	ld c, a
11980 3AE4              ; 58             if ((a = c) == 0x1B) { //ESC выход
11981 3AE4 79           	ld a, c
11982 3AE5 FE 1B        	cp 27
11983 3AE7 C2 EF 3A     	jp nz, __l_757
11984 3AEA              ; 59                 b = 1;
11985 3AEA 06 01        	ld b, 1
11986 3AEC C3 3B 3B     	jp __l_758
11987 3AEF              __l_757:
11988 3AEF              ; 60             } else if ((a = c) == 0x0D) { //Enter
11989 3AEF 79           	ld a, c
11990 3AF0 FE 0D        	cp 13
11991 3AF2 C2 00 3B     	jp nz, __l_759
11992 3AF5              ; 61                 a = AllertYesNoViewPos;
11993 3AF5 3A CD 3B     	ld a, (allertyesnoviewpos)
11994 3AF8              ; 62                 AllertYesNoViewReturnValue = a;
11995 3AF8 32 CE 3B     	ld (allertyesnoviewreturnvalue), a
11996 3AFB              ; 63                 b = 1;
11997 3AFB 06 01        	ld b, 1
11998 3AFD C3 3B 3B     	jp __l_760
11999 3B00              __l_759:
12000 3B00              ; 64             } else if ((a = c) == 0x18) { // Вправо
12001 3B00 79           	ld a, c
12002 3B01 FE 18        	cp 24
12003 3B03 C2 0F 3B     	jp nz, __l_761
12004 3B06              ; 65                 AllertYesNoViewPosNext();
12005 3B06 CD 44 3B     	call allertyesnoviewposnext
12006 3B09              ; 66                 AllertYesNoViewPosUpdate();
12007 3B09 CD 59 3B     	call allertyesnoviewposupdate
12008 3B0C C3 3B 3B     	jp __l_762
12009 3B0F              __l_761:
12010 3B0F              ; 67             } else if ((a = c) == 0x08) { // Влево
12011 3B0F 79           	ld a, c
12012 3B10 FE 08        	cp 8
12013 3B12 C2 1E 3B     	jp nz, __l_763
12014 3B15              ; 68                 AllertYesNoViewPosNext();
12015 3B15 CD 44 3B     	call allertyesnoviewposnext
12016 3B18              ; 69                 AllertYesNoViewPosUpdate();
12017 3B18 CD 59 3B     	call allertyesnoviewposupdate
12018 3B1B C3 3B 3B     	jp __l_764
12019 3B1E              __l_763:
12020 3B1E              ; 70             } else if ((a = c) == 'Y') {
12021 3B1E 79           	ld a, c
12022 3B1F FE 59        	cp 89
12023 3B21 C2 2E 3B     	jp nz, __l_765
12024 3B24              ; 71                 a = 1;
12025 3B24 3E 01        	ld a, 1
12026 3B26              ; 72                 AllertYesNoViewReturnValue = a;
12027 3B26 32 CE 3B     	ld (allertyesnoviewreturnvalue), a
12028 3B29              ; 73                 b = 1;
12029 3B29 06 01        	ld b, 1
12030 3B2B C3 3B 3B     	jp __l_766
12031 3B2E              __l_765:
12032 3B2E              ; 74             } else if ((a = c) == 'N') {
12033 3B2E 79           	ld a, c
12034 3B2F FE 4E        	cp 78
12035 3B31 C2 3B 3B     	jp nz, __l_767
12036 3B34              ; 75                 a = 0;
12037 3B34 3E 00        	ld a, 0
12038 3B36              ; 76                 AllertYesNoViewReturnValue = a;
12039 3B36 32 CE 3B     	ld (allertyesnoviewreturnvalue), a
12040 3B39              ; 77                 b = 1;
12041 3B39 06 01        	ld b, 1
12042 3B3B              __l_767:
12043 3B3B              __l_766:
12044 3B3B              __l_764:
12045 3B3B              __l_762:
12046 3B3B              __l_760:
12047 3B3B              __l_758:
12048 3B3B              __l_755:
12049 3B3B              ; 78             }
12050 3B3B              ; 79         } while ((a = b) == 0);
12051 3B3B 78           	ld a, b
12052 3B3C B7           	or a
12053 3B3D CA E0 3A     	jp z, __l_754
12054 3B40 C1           	pop bc
12055 3B41              ; 80     }
12056 3B41              ; 81     AllertYesNoViewClose();
12057 3B41 C3 78 3B     	jp allertyesnoviewclose
12058 3B44              ; 82 }
12059 3B44              ; 83
12060 3B44              ; 84 void AllertYesNoViewPosNext() {
12061 3B44              allertyesnoviewposnext:
12062 3B44              ; 85     if ((a = AllertYesNoViewPos) == 0) {
12063 3B44 3A CD 3B     	ld a, (allertyesnoviewpos)
12064 3B47 B7           	or a
12065 3B48 C2 53 3B     	jp nz, __l_769
12066 3B4B              ; 86         a = 1;
12067 3B4B 3E 01        	ld a, 1
12068 3B4D              ; 87         AllertYesNoViewPos = a;
12069 3B4D 32 CD 3B     	ld (allertyesnoviewpos), a
12070 3B50 C3 58 3B     	jp __l_770
12071 3B53              __l_769:
12072 3B53              ; 88     } else {
12073 3B53              ; 89         a = 0;
12074 3B53 3E 00        	ld a, 0
12075 3B55              ; 90         AllertYesNoViewPos = a;
12076 3B55 32 CD 3B     	ld (allertyesnoviewpos), a
12077 3B58              __l_770:
12078 3B58 C9           	ret
12079 3B59              ; 91     }
12080 3B59              ; 92 }
12081 3B59              ; 93
12082 3B59              ; 94 void AllertYesNoViewPosUpdate() {
12083 3B59              allertyesnoviewposupdate:
12084 3B59              ; 95     if ((a = AllertYesNoViewPos) == 0) {
12085 3B59 3A CD 3B     	ld a, (allertyesnoviewpos)
12086 3B5C B7           	or a
12087 3B5D C2 6D 3B     	jp nz, __l_771
12088 3B60              ; 96         ButtonShadowViewSelectA(a = 1);
12089 3B60 3E 01        	ld a, 1
12090 3B62 CD 8E 29     	call buttonshadowviewselecta
12091 3B65              ; 97         ButtonShadowView2SelectA(a = 0);
12092 3B65 3E 00        	ld a, 0
12093 3B67 CD FA 39     	call buttonshadowview2selecta
12094 3B6A C3 77 3B     	jp __l_772
12095 3B6D              __l_771:
12096 3B6D              ; 98     } else {
12097 3B6D              ; 99         ButtonShadowViewSelectA(a = 0);
12098 3B6D 3E 00        	ld a, 0
12099 3B6F CD 8E 29     	call buttonshadowviewselecta
12100 3B72              ; 100         ButtonShadowView2SelectA(a = 1);
12101 3B72 3E 01        	ld a, 1
12102 3B74 CD FA 39     	call buttonshadowview2selecta
12103 3B77              __l_772:
12104 3B77 C9           	ret
12105 3B78              ; 101     }
12106 3B78              ; 102 }
12107 3B78              ; 103
12108 3B78              ; 104 void AllertYesNoViewClose() {
12109 3B78              allertyesnoviewclose:
12110 3B78              ; 105     bios(a = biosWindowSafeClose);
12111 3B78 3E 58        	ld a, 88
12112 3B7A CD 00 F0     	call bios
12113 3B7D              ; 106     CurrentViewReturn();
12114 3B7D CD 0D 25     	call currentviewreturn
12115 3B80              ; 107     a = AllertYesNoViewReturnValue;
12116 3B80 3A CE 3B     	ld a, (allertyesnoviewreturnvalue)
12117 3B83 C9           	ret
12118 3B84              ; 108 }
12119 3B84              ; 109
12120 3B84              ; 110 void AllertYesNoViewShowTitle() {
12121 3B84              allertyesnoviewshowtitle:
12122 3B84              ; 111     push_pop(hl, de, bc) {
12123 3B84 E5           	push hl
12124 3B85 D5           	push de
12125 3B86 C5           	push bc
12126 3B87              ; 112         hl = AllertYesNoViewTitlePoint;
12127 3B87 2A CF 3B     	ld hl, (allertyesnoviewtitlepoint)
12128 3B8A              ; 113         b = 0;
12129 3B8A 06 00        	ld b, 0
12130 3B8C              ; 114         a = AllertYesNoViewDX;
12131 3B8C 3A CA 3B     	ld a, (allertyesnoviewdx)
12132 3B8F              ; 115         c = a;
12133 3B8F 4F           	ld c, a
12134 3B90              ; 116         do {
12135 3B90              __l_773:
12136 3B90              ; 117             a = *hl;
12137 3B90 7E           	ld a, (hl)
12138 3B91              ; 118             d = a;
12139 3B91 57           	ld d, a
12140 3B92              ; 119             hl++;
12141 3B92 23           	inc hl
12142 3B93              ; 120             if (a > 0) {
12143 3B93 B7           	or a
12144 3B94 CA 98 3B     	jp z, __l_776
12145 3B97              ; 121                 b++;
12146 3B97 04           	inc b
12147 3B98              __l_776:
12148 3B98              ; 122             }
12149 3B98              ; 123             if ((a = b) >= c) {
12150 3B98 78           	ld a, b
12151 3B99 B9           	cp c
12152 3B9A DA 9F 3B     	jp c, __l_778
12153 3B9D              ; 124                 d = 0;
12154 3B9D 16 00        	ld d, 0
12155 3B9F              __l_778:
12156 3B9F              __l_774:
12157 3B9F              ; 125             }
12158 3B9F              ; 126         } while ((a = d) > 0);
12159 3B9F 7A           	ld a, d
12160 3BA0 B7           	or a
12161 3BA1 C2 90 3B     	jp nz, __l_773
12162 3BA4              ; 127         a = AllertYesNoViewDX;
12163 3BA4 3A CA 3B     	ld a, (allertyesnoviewdx)
12164 3BA7              ; 128         a -= b;
12165 3BA7 90           	sub b
12166 3BA8              ; 129         a &= 0xFE;
12167 3BA8 E6 FE        	and 254
12168 3BAA              ; 130         cyclic_rotate_right(a, 1);
12169 3BAA 0F           	rrca
12170 3BAB              ; 131         b = a;
12171 3BAB 47           	ld b, a
12172 3BAC              ; 132         a = AllertYesNoViewX;
12173 3BAC 3A C8 3B     	ld a, (allertyesnoviewx)
12174 3BAF              ; 133         a += b;
12175 3BAF 80           	add b
12176 3BB0              ; 134         l = a;
12177 3BB0 6F           	ld l, a
12178 3BB1              ; 135         a = AllertYesNoViewY;
12179 3BB1 3A C9 3B     	ld a, (allertyesnoviewy)
12180 3BB4              ; 136         a += 2;
12181 3BB4 C6 02        	add 2
12182 3BB6              ; 137         h = a;
12183 3BB6 67           	ld h, a
12184 3BB7              ; 138         bios(a = biosSetPositionCursoreHL);
12185 3BB7 3E 1C        	ld a, 28
12186 3BB9 CD 00 F0     	call bios
12187 3BBC              ; 139         bios(a = biosPrintMessageHL, hl = AllertYesNoViewTitlePoint);
12188 3BBC 3E 02        	ld a, 2
12189 3BBE 2A CF 3B     	ld hl, (allertyesnoviewtitlepoint)
12190 3BC1 CD 00 F0     	call bios
12191 3BC4 C1           	pop bc
12192 3BC5 D1           	pop de
12193 3BC6 E1           	pop hl
12194 3BC7 C9           	ret
12195 3BC8              ; 140     }
12196 3BC8              ; 141 }
12197 3BC8              ; 142
12198 3BC8              ; 143 uint8_t AllertYesNoViewX = 12;
12199 3BC8              allertyesnoviewx:
12200 3BC8 0C           	db 12
12201 3BC9              ; 144 uint8_t AllertYesNoViewY = 12;
12202 3BC9              allertyesnoviewy:
12203 3BC9 0C           	db 12
12204 3BCA              ; 145 uint8_t AllertYesNoViewDX = 24;
12205 3BCA              allertyesnoviewdx:
12206 3BCA 18           	db 24
12207 3BCB              ; 146 uint8_t AllertYesNoViewDY = 9;
12208 3BCB              allertyesnoviewdy:
12209 3BCB 09           	db 9
12210 3BCC              ; 147 uint8_t AllertYesNoViewColor = 0x70; // 0x1F;
12211 3BCC              allertyesnoviewcolor:
12212 3BCC 70           	db 112
12213 3BCD              ; 149 uint8_t AllertYesNoViewPos = 0;
12214 3BCD              allertyesnoviewpos:
12215 3BCD 00           	db 0
12216 3BCE              ; 150 uint8_t AllertYesNoViewReturnValue = 0;
12217 3BCE              allertyesnoviewreturnvalue:
12218 3BCE 00           	db 0
12219 3BCF              ; 152 uint16_t AllertYesNoViewTitlePoint = 0;
12220 3BCF              allertyesnoviewtitlepoint:
12221 3BCF 00 00        	dw 0
12222 3BD1              ; 11 void AllertOkViewShowHL() {
12223 3BD1              allertokviewshowhl:
12224 3BD1              ; 12     AllertOkViewTitlePoint = hl;
12225 3BD1 22 95 3C     	ld (allertokviewtitlepoint), hl
12226 3BD4              ; 13     CurrentViewChangeAndPushIdA(a = AllertOkViewId);
12227 3BD4 3E 0A        	ld a, 10
12228 3BD6 CD 16 24     	call currentviewchangeandpushida
12229 3BD9              ; 14     push_pop(bc, hl, de) {
12230 3BD9 C5           	push bc
12231 3BDA E5           	push hl
12232 3BDB D5           	push de
12233 3BDC              ; 15         bios(a = biosSetExtDRVConfigB, b = 0x02);
12234 3BDC 3E 53        	ld a, 83
12235 3BDE 06 02        	ld b, 2
12236 3BE0 CD 00 F0     	call bios
12237 3BE3              ; 16         c = (a = AllertOkViewColor);
12238 3BE3 3A 94 3C     	ld a, (allertokviewcolor)
12239 3BE6 4F           	ld c, a
12240 3BE7              ; 17         l = (a = AllertOkViewX);
12241 3BE7 3A 90 3C     	ld a, (allertokviewx)
12242 3BEA 6F           	ld l, a
12243 3BEB              ; 18         h = (a = AllertOkViewY);
12244 3BEB 3A 91 3C     	ld a, (allertokviewy)
12245 3BEE 67           	ld h, a
12246 3BEF              ; 19         e = (a = AllertOkViewDX);
12247 3BEF 3A 92 3C     	ld a, (allertokviewdx)
12248 3BF2 5F           	ld e, a
12249 3BF3              ; 20         d = (a = AllertOkViewDY);
12250 3BF3 3A 93 3C     	ld a, (allertokviewdy)
12251 3BF6 57           	ld d, a
12252 3BF7              ; 21         bios(a = biosWindowSafeOpen);
12253 3BF7 3E 57        	ld a, 87
12254 3BF9 CD 00 F0     	call bios
12255 3BFC              ; 22         MyFuncSetFullScreen();
12256 3BFC CD 04 19     	call myfuncsetfullscreen
12257 3BFF              ; 23
12258 3BFF              ; 24         // Ok Button
12259 3BFF              ; 25         a = AllertOkViewX;
12260 3BFF 3A 90 3C     	ld a, (allertokviewx)
12261 3C02              ; 26         a += 10; //!
12262 3C02 C6 0A        	add 10
12263 3C04              ; 27         h = a;
12264 3C04 67           	ld h, a
12265 3C05              ; 28         a = AllertOkViewY;
12266 3C05 3A 91 3C     	ld a, (allertokviewy)
12267 3C08              ; 29         a += 4;
12268 3C08 C6 04        	add 4
12269 3C0A              ; 30         l = a;
12270 3C0A 6F           	ld l, a
12271 3C0B              ; 31         d = 4;
12272 3C0B 16 04        	ld d, 4
12273 3C0D              ; 32         e = 3;
12274 3C0D 1E 03        	ld e, 3
12275 3C0F              ; 33         ButtonShadowViewShow(bc = StringLocaleOK);
12276 3C0F 01 B4 28     	ld bc, stringlocaleok
12277 3C12 CD 5D 29     	call buttonshadowviewshow
12278 3C15              ; 34         ButtonShadowViewSelectA(a = 1);
12279 3C15 3E 01        	ld a, 1
12280 3C17 CD 8E 29     	call buttonshadowviewselecta
12281 3C1A D1           	pop de
12282 3C1B E1           	pop hl
12283 3C1C C1           	pop bc
12284 3C1D              ; 35     }
12285 3C1D              ; 36     AllertOkViewShowTitle();
12286 3C1D CD 4C 3C     	call allertokviewshowtitle
12287 3C20              ; 37     AllertOkViewLoopKey();
12288 3C20              ; 38 }
12289 3C20              ; 39
12290 3C20              ; 40 void AllertOkViewLoopKey() {
12291 3C20              allertokviewloopkey:
12292 3C20              ; 41     push_pop(bc) {
12293 3C20 C5           	push bc
12294 3C21              ; 42         b = 0;
12295 3C21 06 00        	ld b, 0
12296 3C23              ; 43         do {
12297 3C23              __l_780:
12298 3C23              ; 44             getKeyboardCharA();
12299 3C23 CD 03 F8     	call getkeyboardchara
12300 3C26              ; 45             c = a;
12301 3C26 4F           	ld c, a
12302 3C27              ; 46             if ((a = c) == 0x1B) { //ESC выход
12303 3C27 79           	ld a, c
12304 3C28 FE 1B        	cp 27
12305 3C2A C2 32 3C     	jp nz, __l_783
12306 3C2D              ; 47                 b = 1;
12307 3C2D 06 01        	ld b, 1
12308 3C2F C3 3A 3C     	jp __l_784
12309 3C32              __l_783:
12310 3C32              ; 48             } else if ((a = c) == 0x0D) { //Enter
12311 3C32 79           	ld a, c
12312 3C33 FE 0D        	cp 13
12313 3C35 C2 3A 3C     	jp nz, __l_785
12314 3C38              ; 49                 b = 1;
12315 3C38 06 01        	ld b, 1
12316 3C3A              __l_785:
12317 3C3A              __l_784:
12318 3C3A              __l_781:
12319 3C3A              ; 50             }
12320 3C3A              ; 51         } while ((a = b) == 0);
12321 3C3A 78           	ld a, b
12322 3C3B B7           	or a
12323 3C3C CA 23 3C     	jp z, __l_780
12324 3C3F              ; 52         AllertOkViewClose();
12325 3C3F CD 44 3C     	call allertokviewclose
12326 3C42 C1           	pop bc
12327 3C43 C9           	ret
12328 3C44              ; 53     }
12329 3C44              ; 54 }
12330 3C44              ; 55
12331 3C44              ; 56 void AllertOkViewClose() {
12332 3C44              allertokviewclose:
12333 3C44              ; 57     bios(a = biosWindowSafeClose);
12334 3C44 3E 58        	ld a, 88
12335 3C46 CD 00 F0     	call bios
12336 3C49              ; 58     CurrentViewReturn();
12337 3C49 C3 0D 25     	jp currentviewreturn
12338 3C4C              ; 59 }
12339 3C4C              ; 60
12340 3C4C              ; 61 void AllertOkViewShowTitle() {
12341 3C4C              allertokviewshowtitle:
12342 3C4C              ; 62     push_pop(hl, de, bc) {
12343 3C4C E5           	push hl
12344 3C4D D5           	push de
12345 3C4E C5           	push bc
12346 3C4F              ; 63         hl = AllertOkViewTitlePoint;
12347 3C4F 2A 95 3C     	ld hl, (allertokviewtitlepoint)
12348 3C52              ; 64         b = 0;
12349 3C52 06 00        	ld b, 0
12350 3C54              ; 65         a = AllertOkViewDX;
12351 3C54 3A 92 3C     	ld a, (allertokviewdx)
12352 3C57              ; 66         c = a;
12353 3C57 4F           	ld c, a
12354 3C58              ; 67         do {
12355 3C58              __l_787:
12356 3C58              ; 68             a = *hl;
12357 3C58 7E           	ld a, (hl)
12358 3C59              ; 69             d = a;
12359 3C59 57           	ld d, a
12360 3C5A              ; 70             hl++;
12361 3C5A 23           	inc hl
12362 3C5B              ; 71             if (a > 0) {
12363 3C5B B7           	or a
12364 3C5C CA 60 3C     	jp z, __l_790
12365 3C5F              ; 72                 b++;
12366 3C5F 04           	inc b
12367 3C60              __l_790:
12368 3C60              ; 73             }
12369 3C60              ; 74             if ((a = b) >= c) {
12370 3C60 78           	ld a, b
12371 3C61 B9           	cp c
12372 3C62 DA 67 3C     	jp c, __l_792
12373 3C65              ; 75                 d = 0;
12374 3C65 16 00        	ld d, 0
12375 3C67              __l_792:
12376 3C67              __l_788:
12377 3C67              ; 76             }
12378 3C67              ; 77         } while ((a = d) > 0);
12379 3C67 7A           	ld a, d
12380 3C68 B7           	or a
12381 3C69 C2 58 3C     	jp nz, __l_787
12382 3C6C              ; 78         a = AllertOkViewDX;
12383 3C6C 3A 92 3C     	ld a, (allertokviewdx)
12384 3C6F              ; 79         a -= b;
12385 3C6F 90           	sub b
12386 3C70              ; 80         a &= 0xFE;
12387 3C70 E6 FE        	and 254
12388 3C72              ; 81         cyclic_rotate_right(a, 1);
12389 3C72 0F           	rrca
12390 3C73              ; 82         b = a;
12391 3C73 47           	ld b, a
12392 3C74              ; 83         a = AllertOkViewX;
12393 3C74 3A 90 3C     	ld a, (allertokviewx)
12394 3C77              ; 84         a += b;
12395 3C77 80           	add b
12396 3C78              ; 85         l = a;
12397 3C78 6F           	ld l, a
12398 3C79              ; 86         a = AllertOkViewY;
12399 3C79 3A 91 3C     	ld a, (allertokviewy)
12400 3C7C              ; 87         a += 2;
12401 3C7C C6 02        	add 2
12402 3C7E              ; 88         h = a;
12403 3C7E 67           	ld h, a
12404 3C7F              ; 89         bios(a = biosSetPositionCursoreHL);
12405 3C7F 3E 1C        	ld a, 28
12406 3C81 CD 00 F0     	call bios
12407 3C84              ; 90         bios(a = biosPrintMessageHL, hl = AllertOkViewTitlePoint);
12408 3C84 3E 02        	ld a, 2
12409 3C86 2A 95 3C     	ld hl, (allertokviewtitlepoint)
12410 3C89 CD 00 F0     	call bios
12411 3C8C C1           	pop bc
12412 3C8D D1           	pop de
12413 3C8E E1           	pop hl
12414 3C8F C9           	ret
12415 3C90              ; 91     }
12416 3C90              ; 92 }
12417 3C90              ; 93
12418 3C90              ; 94 uint8_t AllertOkViewX = 12;
12419 3C90              allertokviewx:
12420 3C90 0C           	db 12
12421 3C91              ; 95 uint8_t AllertOkViewY = 12;
12422 3C91              allertokviewy:
12423 3C91 0C           	db 12
12424 3C92              ; 96 uint8_t AllertOkViewDX = 24;
12425 3C92              allertokviewdx:
12426 3C92 18           	db 24
12427 3C93              ; 97 uint8_t AllertOkViewDY = 9;
12428 3C93              allertokviewdy:
12429 3C93 09           	db 9
12430 3C94              ; 98 uint8_t AllertOkViewColor = 0x70; // 0x1F;
12431 3C94              allertokviewcolor:
12432 3C94 70           	db 112
12433 3C95              ; 100 uint16_t AllertOkViewTitlePoint = 0;
12434 3C95              allertokviewtitlepoint:
12435 3C95 00 00        	dw 0
12436 3C97              ; 11 void LoadViewShowHL() {
12437 3C97              loadviewshowhl:
12438 3C97              ; 12     CurrentViewChangeAndPushIdA(a = LoadViewId);
12439 3C97 3E 04        	ld a, 4
12440 3C99 CD 16 24     	call currentviewchangeandpushida
12441 3C9C              ; 13     push_pop(bc, hl, de) {
12442 3C9C C5           	push bc
12443 3C9D E5           	push hl
12444 3C9E D5           	push de
12445 3C9F              ; 14         bios(a = biosSetExtDRVConfigB, b = 0x02);
12446 3C9F 3E 53        	ld a, 83
12447 3CA1 06 02        	ld b, 2
12448 3CA3 CD 00 F0     	call bios
12449 3CA6              ; 15         c = (a = LoadViewColor);
12450 3CA6 3A 8D 3D     	ld a, (loadviewcolor)
12451 3CA9 4F           	ld c, a
12452 3CAA              ; 16         l = (a = LoadViewX);
12453 3CAA 3A 89 3D     	ld a, (loadviewx)
12454 3CAD 6F           	ld l, a
12455 3CAE              ; 17         h = (a = LoadViewY);
12456 3CAE 3A 8A 3D     	ld a, (loadviewy)
12457 3CB1 67           	ld h, a
12458 3CB2              ; 18         e = (a = LoadViewDX);
12459 3CB2 3A 8B 3D     	ld a, (loadviewdx)
12460 3CB5 5F           	ld e, a
12461 3CB6              ; 19         d = (a = LoadViewDY);
12462 3CB6 3A 8C 3D     	ld a, (loadviewdy)
12463 3CB9 57           	ld d, a
12464 3CBA              ; 20         bios(a = biosWindowSafeOpen);
12465 3CBA 3E 57        	ld a, 87
12466 3CBC CD 00 F0     	call bios
12467 3CBF              ; 21         MyFuncSetFullScreen();
12468 3CBF CD 04 19     	call myfuncsetfullscreen
12469 3CC2 D1           	pop de
12470 3CC3 E1           	pop hl
12471 3CC4 C1           	pop bc
12472 3CC5              ; 22     }
12473 3CC5              ; 23     LoadViewShowTitleHL();
12474 3CC5 CD D6 3C     	call loadviewshowtitlehl
12475 3CC8              ; 24     LoadViewShowInfoString();
12476 3CC8 CD 0F 3D     	call loadviewshowinfostring
12477 3CCB              ; 25     LoadViewShowInfoSubString();
12478 3CCB C3 2B 3D     	jp loadviewshowinfosubstring
12479 3CCE              ; 26 }
12480 3CCE              ; 27
12481 3CCE              ; 28 void LoadViewClose() {
12482 3CCE              loadviewclose:
12483 3CCE              ; 29     bios(a = biosWindowSafeClose);
12484 3CCE 3E 58        	ld a, 88
12485 3CD0 CD 00 F0     	call bios
12486 3CD3              ; 30     CurrentViewReturn();
12487 3CD3 C3 0D 25     	jp currentviewreturn
12488 3CD6              ; 31 }
12489 3CD6              ; 32
12490 3CD6              ; 33 void LoadViewShowTitleHL() {
12491 3CD6              loadviewshowtitlehl:
12492 3CD6              ; 34     push_pop(bc) {
12493 3CD6 C5           	push bc
12494 3CD7              ; 35         push_pop(hl) {
12495 3CD7 E5           	push hl
12496 3CD8              ; 36             b = 0;
12497 3CD8 06 00        	ld b, 0
12498 3CDA              ; 37             do {
12499 3CDA              __l_794:
12500 3CDA              ; 38                 a = *hl;
12501 3CDA 7E           	ld a, (hl)
12502 3CDB              ; 39                 c = a;
12503 3CDB 4F           	ld c, a
12504 3CDC              ; 40                 hl++;
12505 3CDC 23           	inc hl
12506 3CDD              ; 41                 b++;
12507 3CDD 04           	inc b
12508 3CDE              ; 42                 if ((a = LoadViewDX) < b) {
12509 3CDE 3A 8B 3D     	ld a, (loadviewdx)
12510 3CE1 B8           	cp b
12511 3CE2 D2 E8 3C     	jp nc, __l_797
12512 3CE5              ; 43                     a = 0;
12513 3CE5 3E 00        	ld a, 0
12514 3CE7              ; 44                     c = a;
12515 3CE7 4F           	ld c, a
12516 3CE8              __l_797:
12517 3CE8              __l_795:
12518 3CE8              ; 45                 }
12519 3CE8              ; 46             } while ((a = c) > 0);
12520 3CE8 79           	ld a, c
12521 3CE9 B7           	or a
12522 3CEA C2 DA 3C     	jp nz, __l_794
12523 3CED E1           	pop hl
12524 3CEE              ; 47         }
12525 3CEE              ; 48         a = LoadViewDX;
12526 3CEE 3A 8B 3D     	ld a, (loadviewdx)
12527 3CF1              ; 49         a -= b;
12528 3CF1 90           	sub b
12529 3CF2              ; 50         a &= 0xFE;
12530 3CF2 E6 FE        	and 254
12531 3CF4              ; 51         cyclic_rotate_right(a, 1);
12532 3CF4 0F           	rrca
12533 3CF5              ; 52         c = a;
12534 3CF5 4F           	ld c, a
12535 3CF6              ; 53         push_pop(hl) {
12536 3CF6 E5           	push hl
12537 3CF7              ; 54             // X
12538 3CF7              ; 55             a = LoadViewX;
12539 3CF7 3A 89 3D     	ld a, (loadviewx)
12540 3CFA              ; 56             a += c;
12541 3CFA 81           	add c
12542 3CFB              ; 57             l = a;
12543 3CFB 6F           	ld l, a
12544 3CFC              ; 58             // Y
12545 3CFC              ; 59             a = LoadViewY;
12546 3CFC 3A 8A 3D     	ld a, (loadviewy)
12547 3CFF              ; 60             a += 1;
12548 3CFF C6 01        	add 1
12549 3D01              ; 61             h = a;
12550 3D01 67           	ld h, a
12551 3D02              ; 62             bios(a = biosSetPositionCursoreHL);
12552 3D02 3E 1C        	ld a, 28
12553 3D04 CD 00 F0     	call bios
12554 3D07 E1           	pop hl
12555 3D08              ; 63         }
12556 3D08              ; 64         bios(a = biosPrintMessageHL);
12557 3D08 3E 02        	ld a, 2
12558 3D0A CD 00 F0     	call bios
12559 3D0D C1           	pop bc
12560 3D0E C9           	ret
12561 3D0F              ; 65     }
12562 3D0F              ; 66 }
12563 3D0F              ; 67
12564 3D0F              ; 68 void LoadViewShowInfoString() {
12565 3D0F              loadviewshowinfostring:
12566 3D0F              ; 69     push_pop(hl) {
12567 3D0F E5           	push hl
12568 3D10              ; 70         // X
12569 3D10              ; 71         a = LoadViewX;
12570 3D10 3A 89 3D     	ld a, (loadviewx)
12571 3D13              ; 72         a += 1;
12572 3D13 C6 01        	add 1
12573 3D15              ; 73         l = a;
12574 3D15 6F           	ld l, a
12575 3D16              ; 74         // Y
12576 3D16              ; 75         a = LoadViewY;
12577 3D16 3A 8A 3D     	ld a, (loadviewy)
12578 3D19              ; 76         a += 3;
12579 3D19 C6 03        	add 3
12580 3D1B              ; 77         h = a;
12581 3D1B 67           	ld h, a
12582 3D1C              ; 78         //
12583 3D1C              ; 79         bios(a = biosSetPositionCursoreHL);
12584 3D1C 3E 1C        	ld a, 28
12585 3D1E CD 00 F0     	call bios
12586 3D21              ; 80         bios(a = biosPrintMessageHL, hl = LoadViewInfoString);
12587 3D21 3E 02        	ld a, 2
12588 3D23 21 A6 3D     	ld hl, loadviewinfostring
12589 3D26 CD 00 F0     	call bios
12590 3D29 E1           	pop hl
12591 3D2A C9           	ret
12592 3D2B              ; 81     }
12593 3D2B              ; 82 }
12594 3D2B              ; 83
12595 3D2B              ; 84 void LoadViewShowInfoSubString() {
12596 3D2B              loadviewshowinfosubstring:
12597 3D2B              ; 85     push_pop(hl) {
12598 3D2B E5           	push hl
12599 3D2C              ; 86         // X
12600 3D2C              ; 87         a = LoadViewX;
12601 3D2C 3A 89 3D     	ld a, (loadviewx)
12602 3D2F              ; 88         a += 1;
12603 3D2F C6 01        	add 1
12604 3D31              ; 89         l = a;
12605 3D31 6F           	ld l, a
12606 3D32              ; 90         // Y
12607 3D32              ; 91         a = LoadViewY;
12608 3D32 3A 8A 3D     	ld a, (loadviewy)
12609 3D35              ; 92         a += 7;
12610 3D35 C6 07        	add 7
12611 3D37              ; 93         h = a;
12612 3D37 67           	ld h, a
12613 3D38              ; 94         //
12614 3D38              ; 95         bios(a = biosSetPositionCursoreHL);
12615 3D38 3E 1C        	ld a, 28
12616 3D3A CD 00 F0     	call bios
12617 3D3D              ; 96         bios(a = biosPrintMessageHL, hl = LoadViewInfoSubString);
12618 3D3D 3E 02        	ld a, 2
12619 3D3F 21 CF 3D     	ld hl, loadviewinfosubstring
12620 3D42 CD 00 F0     	call bios
12621 3D45 E1           	pop hl
12622 3D46 C9           	ret
12623 3D47              ; 97     }
12624 3D47              ; 98 }
12625 3D47              ; 99
12626 3D47              ; 100 uint8_t LoadViewShowProgressOld = 0xFF;
12627 3D47              loadviewshowprogressold:
12628 3D47 FF           	db 255
12629 3D48              ; 101 void LoadViewShowProgressA() {
12630 3D48              loadviewshowprogressa:
12631 3D48              ; 102     push_pop(bc, hl) {
12632 3D48 C5           	push bc
12633 3D49 E5           	push hl
12634 3D4A              ; 103         b = a; //Save
12635 3D4A 47           	ld b, a
12636 3D4B              ; 104         if ((a = LoadViewShowProgressOld) != b) {
12637 3D4B 3A 47 3D     	ld a, (loadviewshowprogressold)
12638 3D4E B8           	cp b
12639 3D4F CA 86 3D     	jp z, __l_799
12640 3D52              ; 105             a = b;
12641 3D52 78           	ld a, b
12642 3D53              ; 106             LoadViewShowProgressOld = a;
12643 3D53 32 47 3D     	ld (loadviewshowprogressold), a
12644 3D56              ; 107             // X
12645 3D56              ; 108             a = LoadViewX;
12646 3D56 3A 89 3D     	ld a, (loadviewx)
12647 3D59              ; 109             a += 1;
12648 3D59 C6 01        	add 1
12649 3D5B              ; 110             l = a;
12650 3D5B 6F           	ld l, a
12651 3D5C              ; 111             // Y
12652 3D5C              ; 112             a = LoadViewY;
12653 3D5C 3A 8A 3D     	ld a, (loadviewy)
12654 3D5F              ; 113             a += 5; //2;
12655 3D5F C6 05        	add 5
12656 3D61              ; 114             h = a;
12657 3D61 67           	ld h, a
12658 3D62              ; 115             bios(a = biosSetPositionCursoreHL);
12659 3D62 3E 1C        	ld a, 28
12660 3D64 CD 00 F0     	call bios
12661 3D67              ; 116             h = 0;
12662 3D67 26 00        	ld h, 0
12663 3D69              ; 117             do {
12664 3D69              __l_801:
12665 3D69              ; 118                 if ((a = h) < b) {
12666 3D69 7C           	ld a, h
12667 3D6A B8           	cp b
12668 3D6B D2 78 3D     	jp nc, __l_804
12669 3D6E              ; 119                     bios(a = biosPrintC, c = 0xBF);
12670 3D6E 3E 00        	ld a, 0
12671 3D70 0E BF        	ld c, 191
12672 3D72 CD 00 F0     	call bios
12673 3D75 C3 7F 3D     	jp __l_805
12674 3D78              __l_804:
12675 3D78              ; 120                 } else {
12676 3D78              ; 121                     bios(a = biosPrintC, c = 0xBC);
12677 3D78 3E 00        	ld a, 0
12678 3D7A 0E BC        	ld c, 188
12679 3D7C CD 00 F0     	call bios
12680 3D7F              __l_805:
12681 3D7F              ; 122                 }
12682 3D7F              ; 123                 h++;
12683 3D7F 24           	inc h
12684 3D80              __l_802:
12685 3D80              ; 124             } while ((a = h) < 40);
12686 3D80 7C           	ld a, h
12687 3D81 FE 28        	cp 40
12688 3D83 DA 69 3D     	jp c, __l_801
12689 3D86              __l_799:
12690 3D86 E1           	pop hl
12691 3D87 C1           	pop bc
12692 3D88 C9           	ret
12693 3D89              ; 125         }
12694 3D89              ; 126     }
12695 3D89              ; 127 }
12696 3D89              ; 128
12697 3D89              ; 129 uint8_t LoadViewX = 3;
12698 3D89              loadviewx:
12699 3D89 03           	db 3
12700 3D8A              ; 130 uint8_t LoadViewY = 11; //14;
12701 3D8A              loadviewy:
12702 3D8A 0B           	db 11
12703 3D8B              ; 131 uint8_t LoadViewDX = 42;
12704 3D8B              loadviewdx:
12705 3D8B 2A           	db 42
12706 3D8C              ; 132 uint8_t LoadViewDY = 9; //4;
12707 3D8C              loadviewdy:
12708 3D8C 09           	db 9
12709 3D8D              ; 133 uint8_t LoadViewColor = 0x70; // 0x1F;
12710 3D8D              loadviewcolor:
12711 3D8D 70           	db 112
12712 3D8E              ; 135 uint8_t LoadViewProgress = 0;
12713 3D8E              loadviewprogress:
12714 3D8E 00           	db 0
12715 3D8F              ; 137 uint8_t LoadViewLoadTitle[] = "Load...";
12716 3D8F              loadviewloadtitle:
12717 3D8F 4C           	db 76
12718 3D90 6F           	db 111
12719 3D91 61           	db 97
12720 3D92 64           	db 100
12721 3D93 2E           	db 46
12722 3D94 2E           	db 46
12723 3D95 2E           	db 46
12724 3D96 00           	ds 1
12725 3D97              ; 138 uint8_t LoadViewUploadTitle[] = "Upload...";
12726 3D97              loadviewuploadtitle:
12727 3D97 55           	db 85
12728 3D98 70           	db 112
12729 3D99 6C           	db 108
12730 3D9A 6F           	db 111
12731 3D9B 61           	db 97
12732 3D9C 64           	db 100
12733 3D9D 2E           	db 46
12734 3D9E 2E           	db 46
12735 3D9F 2E           	db 46
12736 3DA0 00           	ds 1
12737 3DA1              ; 140 uint8_t LoadViewFTPPrefix[] = "ftp:";
12738 3DA1              loadviewftpprefix:
12739 3DA1 66           	db 102
12740 3DA2 74           	db 116
12741 3DA3 70           	db 112
12742 3DA4 3A           	db 58
12743 3DA5 00           	ds 1
12744 3DA6              ; 141 uint8_t LoadViewInfoString[41] = "";
12745 3DA6              loadviewinfostring:
12746 3DA6 00 00 00...  	ds 41
12747 3DCF              ; 142 uint8_t LoadViewInfoSubString[41] = "";
12748 3DCF              loadviewinfosubstring:
12749 3DCF 00 00 00...  	ds 41
12750 3DF8              ; 144 uint8_t LoadViewStrFrom[] = "From:";
12751 3DF8              loadviewstrfrom:
12752 3DF8 46           	db 70
12753 3DF9 72           	db 114
12754 3DFA 6F           	db 111
12755 3DFB 6D           	db 109
12756 3DFC 3A           	db 58
12757 3DFD 00           	ds 1
12758 3DFE              ; 145 uint8_t LoadViewStrTo[] = "To:";
12759 3DFE              loadviewstrto:
12760 3DFE 54           	db 84
12761 3DFF 6F           	db 111
12762 3E00 3A           	db 58
12763 3E01 00           	ds 1
12764 3E02              ; 146 uint8_t LoadViewStrName[] = "Name:";
12765 3E02              loadviewstrname:
12766 3E02 4E           	db 78
12767 3E03 61           	db 97
12768 3E04 6D           	db 109
12769 3E05 65           	db 101
12770 3E06 3A           	db 58
12771 3E07 00           	ds 1
12772 3E08              ; 147 uint8_t LoadViewStrSize[] = "Size:";
12773 3E08              loadviewstrsize:
12774 3E08 53           	db 83
12775 3E09 69           	db 105
12776 3E0A 7A           	db 122
12777 3E0B 65           	db 101
12778 3E0C 3A           	db 58
12779 3E0D 00           	ds 1
12780 3E0E              ; 11 void FileParserFtpLoadFileNextParse() {
12781 3E0E              fileparserftploadfilenextparse:
12782 3E0E              ; 12     push_pop(hl, bc) {
12783 3E0E E5           	push hl
12784 3E0F C5           	push bc
12785 3E10              ; 13         if ((a = l) > 0) {
12786 3E10 7D           	ld a, l
12787 3E11 B7           	or a
12788 3E12 CA 45 3E     	jp z, __l_806
12789 3E15              ; 14             FileParserFtpLoadFileNextParseSum();
12790 3E15 CD 2B 3F     	call fileparserftploadfilenextparsesu
12791 3E18              ; 15             if ((a = FileParserSumStateNext) == 0x01) {
12792 3E18 3A 05 40     	ld a, (fileparsersumstatenext)
12793 3E1B FE 01        	cp 1
12794 3E1D C2 42 3E     	jp nz, __l_808
12795 3E20              ; 16                 push_pop(bc, de) {
12796 3E20 C5           	push bc
12797 3E21 D5           	push de
12798 3E22              ; 17                     // FileParserDataCount = len Data
12799 3E22              ; 18                     a = l;
12800 3E22 7D           	ld a, l
12801 3E23              ; 19                     a -= 5;
12802 3E23 D6 05        	sub 5
12803 3E25              ; 20                     FileParserDataCount = a;
12804 3E25 32 03 40     	ld (fileparserdatacount), a
12805 3E28              ; 21                     // Load Buffer
12806 3E28              ; 22                     de = Net_buffer;
12807 3E28 11 53 41     	ld de, net_buffer
12808 3E2B              ; 23                     //-- Address
12809 3E2B              ; 24                     a = *de;
12810 3E2B 1A           	ld a, (de)
12811 3E2C              ; 25                     l = a;
12812 3E2C 6F           	ld l, a
12813 3E2D              ; 26                     de++;
12814 3E2D 13           	inc de
12815 3E2E              ; 27                     a = *de;
12816 3E2E 1A           	ld a, (de)
12817 3E2F              ; 28                     h = a;
12818 3E2F 67           	ld h, a
12819 3E30              ; 29                     FileParserLoadFileAddress = hl;
12820 3E30 22 06 40     	ld (fileparserloadfileaddress), hl
12821 3E33              ; 30                     de++;
12822 3E33 13           	inc de
12823 3E34              ; 31                     //-- Progress
12824 3E34              ; 32                     LoadViewShowProgressA(a = *de);
12825 3E34 1A           	ld a, (de)
12826 3E35 CD 48 3D     	call loadviewshowprogressa
12827 3E38              ; 33                     de++;
12828 3E38 13           	inc de
12829 3E39              ; 34                     //-- 0x3C
12830 3E39              ; 35                     de++;
12831 3E39 13           	inc de
12832 3E3A              ; 36                     //-- Если адрес = 0х0000 нужно создать файл
12833 3E3A              ; 37                     FileParserFtpLoadFileNeedFileCreate();
12834 3E3A CD 48 3E     	call fileparserftploadfileneedfilecre
12835 3E3D              ; 38                     FileParserFtpLoadSaveBufferInFile();
12836 3E3D CD 64 3F     	call fileparserftploadsavebufferinfil
12837 3E40 D1           	pop de
12838 3E41 C1           	pop bc
12839 3E42              __l_808:
12840 3E42 C3 45 3E     	jp __l_807
12841 3E45              __l_806:
12842 3E45              ; 39
12843 3E45              ; 40                 }
12844 3E45              ; 41             }
12845 3E45              ; 42         } else {
12846 3E45              __l_807:
12847 3E45 C1           	pop bc
12848 3E46 E1           	pop hl
12849 3E47 C9           	ret
12850 3E48              ; 43             //hl = FileParserLoadFileStopAddress;
12851 3E48              ; 44             //ordos_stop();
12852 3E48              ; 45             // TODO Error!!!
12853 3E48              ; 46         }
12854 3E48              ; 47     }
12855 3E48              ; 48 }
12856 3E48              ; 49
12857 3E48              ; 50 ///  Если address == 0, То пишем файл и сдвигаем буфер + 0x10 на данные
12858 3E48              ; 51 void FileParserFtpLoadFileNeedFileCreate() {
12859 3E48              fileparserftploadfileneedfilecre:
12860 3E48              ; 52     push_pop(hl, bc) {
12861 3E48 E5           	push hl
12862 3E49 C5           	push bc
12863 3E4A              ; 53         hl = FileParserLoadFileAddress;
12864 3E4A 2A 06 40     	ld hl, (fileparserloadfileaddress)
12865 3E4D              ; 54         a = h;
12866 3E4D 7C           	ld a, h
12867 3E4E              ; 55         a |= l;
12868 3E4E B5           	or l
12869 3E4F              ; 56         if (flag_z) {
12870 3E4F C2 B0 3E     	jp nz, __l_810
12871 3E52              ; 57             h = d;
12872 3E52 62           	ld h, d
12873 3E53              ; 58             l = e;
12874 3E53 6B           	ld l, e
12875 3E54              ; 59             // Обрезаем имя файла
12876 3E54              ; 60             DiskViewCopyFileNameByHL();
12877 3E54 CD 42 23     	call diskviewcopyfilenamebyhl
12878 3E57              ; 61             // Устанавливаем Имя файла в DsDos
12879 3E57              ; 62             push_pop(hl) {
12880 3E57 E5           	push hl
12881 3E58              ; 63                 bios(a = biosSetNameBufferHL, hl = DiskViewFileName);
12882 3E58 3E 85        	ld a, 133
12883 3E5A 21 0D 24     	ld hl, diskviewfilename
12884 3E5D CD 00 F0     	call bios
12885 3E60 E1           	pop hl
12886 3E61              ; 64             }
12887 3E61              ; 65             push_pop(de) {
12888 3E61 D5           	push de
12889 3E62              ; 66                 // Получаем атрибуты файла
12890 3E62              ; 67                 bc = 8;
12891 3E62 01 08 00     	ld bc, 8
12892 3E65              ; 68                 hl += bc;
12893 3E65 09           	add hl, bc
12894 3E66              ; 69                 // адрес посадки
12895 3E66              ; 70                 e = (a = *hl);
12896 3E66 7E           	ld a, (hl)
12897 3E67 5F           	ld e, a
12898 3E68              ; 71                 hl++;
12899 3E68 23           	inc hl
12900 3E69              ; 72                 d = (a = *hl);
12901 3E69 7E           	ld a, (hl)
12902 3E6A 57           	ld d, a
12903 3E6B              ; 73                 hl++;
12904 3E6B 23           	inc hl
12905 3E6C              ; 74                 push_pop(hl) {
12906 3E6C E5           	push hl
12907 3E6D              ; 75                     h = d;
12908 3E6D 62           	ld h, d
12909 3E6E              ; 76                     l = e;
12910 3E6E 6B           	ld l, e
12911 3E6F              ; 77                     FileParserTempAddress = hl;
12912 3E6F 22 0A 40     	ld (fileparsertempaddress), hl
12913 3E72 E1           	pop hl
12914 3E73              ; 78                 }
12915 3E73              ; 79                 // длина
12916 3E73              ; 80                 e = (a = *hl);
12917 3E73 7E           	ld a, (hl)
12918 3E74 5F           	ld e, a
12919 3E75              ; 81                 hl++;
12920 3E75 23           	inc hl
12921 3E76              ; 82                 d = (a = *hl);
12922 3E76 7E           	ld a, (hl)
12923 3E77 57           	ld d, a
12924 3E78              ; 83                 hl++;
12925 3E78 23           	inc hl
12926 3E79              ; 84                 // атрибуты
12927 3E79              ; 85                 c = (a = *hl);
12928 3E79 7E           	ld a, (hl)
12929 3E7A 4F           	ld c, a
12930 3E7B              ; 86                 hl++;
12931 3E7B 23           	inc hl
12932 3E7C              ; 87                 // рабочая страница ОЗУ
12933 3E7C              ; 88                 b = (a = *hl);
12934 3E7C 7E           	ld a, (hl)
12935 3E7D 47           	ld b, a
12936 3E7E              ; 89                 push_pop(hl) {
12937 3E7E E5           	push hl
12938 3E7F              ; 90                     hl = FileParserTempAddress;
12939 3E7F 2A 0A 40     	ld hl, (fileparsertempaddress)
12940 3E82              ; 91                     // Записываем атрибуты файла
12941 3E82              ; 92                     bios(a = biosSetFileAttributes);
12942 3E82 3E 87        	ld a, 135
12943 3E84 CD 00 F0     	call bios
12944 3E87              ; 93                     // Записываем файл с данными из озу
12945 3E87              ; 94                     bios(a = biosSaveFile);
12946 3E87 3E 8A        	ld a, 138
12947 3E89 CD 00 F0     	call bios
12948 3E8C              ; 95                     if (flag_c) {
12949 3E8C D2 97 3E     	jp nc, __l_812
12950 3E8F              ; 96                         // Записать 0 в номер файла - ошибка
12951 3E8F              ; 97                         FileParserFileNum = (a = 0); // TODO надо прервать операцию
12952 3E8F 3E 00        	ld a, 0
12953 3E91 32 04 40     	ld (fileparserfilenum), a
12954 3E94 C3 A2 3E     	jp __l_813
12955 3E97              __l_812:
12956 3E97              ; 98                     } else {
12957 3E97              ; 99                         // Получить номер файла в ОС
12958 3E97              ; 100                         FileParserSeekFileNum();
12959 3E97 CD C1 3E     	call fileparserseekfilenum
12960 3E9A              ; 101                         a = FileParserDataCount;
12961 3E9A 3A 03 40     	ld a, (fileparserdatacount)
12962 3E9D              ; 102                         a -= 0x10;
12963 3E9D D6 10        	sub 16
12964 3E9F              ; 103                         FileParserDataCount = a;
12965 3E9F 32 03 40     	ld (fileparserdatacount), a
12966 3EA2              __l_813:
12967 3EA2 E1           	pop hl
12968 3EA3 D1           	pop de
12969 3EA4              ; 104                     }
12970 3EA4              ; 105                 }
12971 3EA4              ; 106             }
12972 3EA4              ; 107             // Смещаем указатель за заголовок файла
12973 3EA4              ; 108             b = 16;
12974 3EA4 06 10        	ld b, 16
12975 3EA6              ; 109             do {
12976 3EA6              __l_814:
12977 3EA6              ; 110                 de++;
12978 3EA6 13           	inc de
12979 3EA7              ; 111                 b--;
12980 3EA7 05           	dec b
12981 3EA8              __l_815:
12982 3EA8              ; 112             } while ((a = b) > 0);
12983 3EA8 78           	ld a, b
12984 3EA9 B7           	or a
12985 3EAA C2 A6 3E     	jp nz, __l_814
12986 3EAD C3 BE 3E     	jp __l_811
12987 3EB0              __l_810:
12988 3EB0              ; 113         } else {
12989 3EB0              ; 114             push_pop(de, hl) {
12990 3EB0 D5           	push de
12991 3EB1 E5           	push hl
12992 3EB2              ; 115                 // Если это не первая пачка - уменьшаем значение адреса на заголовок (0x10)
12993 3EB2              ; 116                 de = 0xFFF0;
12994 3EB2 11 F0 FF     	ld de, 65520
12995 3EB5              ; 117                 hl = FileParserLoadFileAddress;
12996 3EB5 2A 06 40     	ld hl, (fileparserloadfileaddress)
12997 3EB8              ; 118                 hl += de;
12998 3EB8 19           	add hl, de
12999 3EB9              ; 119                 FileParserLoadFileAddress = hl;
13000 3EB9 22 06 40     	ld (fileparserloadfileaddress), hl
13001 3EBC E1           	pop hl
13002 3EBD D1           	pop de
13003 3EBE              __l_811:
13004 3EBE C1           	pop bc
13005 3EBF E1           	pop hl
13006 3EC0 C9           	ret
13007 3EC1              ; 120             }
13008 3EC1              ; 121         }
13009 3EC1              ; 122     }
13010 3EC1              ; 123 }
13011 3EC1              ; 124
13012 3EC1              ; 125 void FileParserSeekFileNum() {
13013 3EC1              fileparserseekfilenum:
13014 3EC1              ; 126     push_pop(hl, bc, de) {
13015 3EC1 E5           	push hl
13016 3EC2 C5           	push bc
13017 3EC3 D5           	push de
13018 3EC4              ; 127         de = DiskViewFileName;
13019 3EC4 11 0D 24     	ld de, diskviewfilename
13020 3EC7              ; 128         hl = 0x2000;
13021 3EC7 21 00 20     	ld hl, 8192
13022 3ECA              ; 129         bc = 0x0010;
13023 3ECA 01 10 00     	ld bc, 16
13024 3ECD              ; 130         do {
13025 3ECD              __l_817:
13026 3ECD              ; 131             push_pop(hl, bc, de) {
13027 3ECD E5           	push hl
13028 3ECE C5           	push bc
13029 3ECF D5           	push de
13030 3ED0              ; 132                 FileParserFileNameCompareHLDEToA();
13031 3ED0 CD 0D 3F     	call fileparserfilenamecomparehldetoa
13032 3ED3 D1           	pop de
13033 3ED4 C1           	pop bc
13034 3ED5 E1           	pop hl
13035 3ED6              ; 133             }
13036 3ED6              ; 134             if (a == 1) {
13037 3ED6 FE 01        	cp 1
13038 3ED8 C2 EF 3E     	jp nz, __l_820
13039 3EDB              ; 135                 push_pop(hl, bc, de) {
13040 3EDB E5           	push hl
13041 3EDC C5           	push bc
13042 3EDD D5           	push de
13043 3EDE              ; 136                     de = 0x0FF0;
13044 3EDE 11 F0 0F     	ld de, 4080
13045 3EE1              ; 137                     hl &= de;
13046 3EE1 19           	add hl, de
13047 3EE2              ; 138                     hl <<= 4; //8;
13048 3EE2 29           	add hl, hl
13049 3EE3 29           	add hl, hl
13050 3EE4 29           	add hl, hl
13051 3EE5 29           	add hl, hl
13052 3EE6              ; 139                     // Индекс файла начинаеться с 1, а не с 0
13053 3EE6              ; 140                     a = h;
13054 3EE6 7C           	ld a, h
13055 3EE7              ; 141                     a += 2; //1; ??? TODO почему 2?
13056 3EE7 C6 02        	add 2
13057 3EE9              ; 142                     FileParserFileNum = a;
13058 3EE9 32 04 40     	ld (fileparserfilenum), a
13059 3EEC D1           	pop de
13060 3EED C1           	pop bc
13061 3EEE E1           	pop hl
13062 3EEF              __l_820:
13063 3EEF              ; 143                 }
13064 3EEF              ; 144             }
13065 3EEF              ; 145             hl += bc;
13066 3EEF 09           	add hl, bc
13067 3EF0              ; 146             push_pop(bc, hl) {
13068 3EF0 C5           	push bc
13069 3EF1 E5           	push hl
13070 3EF2              ; 147                 ///hl - адрес, a - номер доп. страницы (1-3). выход: c - считанный байт
13071 3EF2              ; 148                 readByteInOtherMem(a = 1);
13072 3EF2 3E 01        	ld a, 1
13073 3EF4 CD 36 F8     	call readbyteinothermem
13074 3EF7              ; 149                 if ((a = h) >= 0x3F) {
13075 3EF7 7C           	ld a, h
13076 3EF8 FE 3F        	cp 63
13077 3EFA DA 02 3F     	jp c, __l_822
13078 3EFD              ; 150                     a = 0;
13079 3EFD 3E 00        	ld a, 0
13080 3EFF C3 03 3F     	jp __l_823
13081 3F02              __l_822:
13082 3F02              ; 151                 } else {
13083 3F02              ; 152                     a = c;
13084 3F02 79           	ld a, c
13085 3F03              __l_823:
13086 3F03 E1           	pop hl
13087 3F04 C1           	pop bc
13088 3F05              __l_818:
13089 3F05              ; 153                 }
13090 3F05              ; 154             }
13091 3F05              ; 155         } while (a > 0);
13092 3F05 B7           	or a
13093 3F06 C2 CD 3E     	jp nz, __l_817
13094 3F09 D1           	pop de
13095 3F0A C1           	pop bc
13096 3F0B E1           	pop hl
13097 3F0C C9           	ret
13098 3F0D              ; 156     }
13099 3F0D              ; 157 }
13100 3F0D              ; 158
13101 3F0D              ; 159 void FileParserFileNameCompareHLDEToA() {
13102 3F0D              fileparserfilenamecomparehldetoa:
13103 3F0D              ; 160     b = 8;
13104 3F0D 06 08        	ld b, 8
13105 3F0F              ; 161     do {
13106 3F0F              __l_824:
13107 3F0F              ; 162         push_pop(bc) {
13108 3F0F C5           	push bc
13109 3F10              ; 163             readByteInOtherMem(a = 1);
13110 3F10 3E 01        	ld a, 1
13111 3F12 CD 36 F8     	call readbyteinothermem
13112 3F15              ; 164             a = c;
13113 3F15 79           	ld a, c
13114 3F16 C1           	pop bc
13115 3F17              ; 165         }
13116 3F17              ; 166         c = a;
13117 3F17 4F           	ld c, a
13118 3F18              ; 167         if ((a = *de) != c) {
13119 3F18 1A           	ld a, (de)
13120 3F19 B9           	cp c
13121 3F1A CA 20 3F     	jp z, __l_827
13122 3F1D              ; 168             return a = 0;
13123 3F1D 3E 00        	ld a, 0
13124 3F1F C9           	ret
13125 3F20              __l_827:
13126 3F20              ; 169         }
13127 3F20              ; 170         b--;
13128 3F20 05           	dec b
13129 3F21              ; 171         hl++;
13130 3F21 23           	inc hl
13131 3F22              ; 172         de++;
13132 3F22 13           	inc de
13133 3F23              __l_825:
13134 3F23              ; 173     } while ((a = b) > 0);
13135 3F23 78           	ld a, b
13136 3F24 B7           	or a
13137 3F25 C2 0F 3F     	jp nz, __l_824
13138 3F28              ; 174     return a = 1;
13139 3F28 3E 01        	ld a, 1
13140 3F2A C9           	ret
13141 3F2B              ; 175 }
13142 3F2B              ; 176
13143 3F2B              ; 177 void FileParserFtpLoadFileNextParseSum() {
13144 3F2B              fileparserftploadfilenextparsesu:
13145 3F2B              ; 178     push_pop(hl, bc) {
13146 3F2B E5           	push hl
13147 3F2C C5           	push bc
13148 3F2D              ; 179         b = l;
13149 3F2D 45           	ld b, l
13150 3F2E              ; 180         b--;
13151 3F2E 05           	dec b
13152 3F2F              ; 181         hl = Net_buffer;
13153 3F2F 21 53 41     	ld hl, net_buffer
13154 3F32              ; 182         c = 0;
13155 3F32 0E 00        	ld c, 0
13156 3F34              ; 183         do {
13157 3F34              __l_829:
13158 3F34              ; 184             a = *hl;
13159 3F34 7E           	ld a, (hl)
13160 3F35              ; 185             a += c;
13161 3F35 81           	add c
13162 3F36              ; 186             c = a;
13163 3F36 4F           	ld c, a
13164 3F37              ; 187             hl++;
13165 3F37 23           	inc hl
13166 3F38              ; 188             b--;
13167 3F38 05           	dec b
13168 3F39              __l_830:
13169 3F39              ; 189         } while ((a = b) > 0);
13170 3F39 78           	ld a, b
13171 3F3A B7           	or a
13172 3F3B C2 34 3F     	jp nz, __l_829
13173 3F3E              ; 190         a = *hl;
13174 3F3E 7E           	ld a, (hl)
13175 3F3F              ; 191         if (a == c) {
13176 3F3F B9           	cp c
13177 3F40 C2 4B 3F     	jp nz, __l_832
13178 3F43              ; 192             a = 0x01;
13179 3F43 3E 01        	ld a, 1
13180 3F45              ; 193             FileParserSumStateNext = a;
13181 3F45 32 05 40     	ld (fileparsersumstatenext), a
13182 3F48 C3 50 3F     	jp __l_833
13183 3F4B              __l_832:
13184 3F4B              ; 194         } else {
13185 3F4B              ; 195             a = 0x00;
13186 3F4B 3E 00        	ld a, 0
13187 3F4D              ; 196             FileParserSumStateNext = a;
13188 3F4D 32 05 40     	ld (fileparsersumstatenext), a
13189 3F50              __l_833:
13190 3F50              ; 197         }
13191 3F50              ; 198         //-- 3 byte = byte 0x3C
13192 3F50              ; 199         hl = Net_buffer;
13193 3F50 21 53 41     	ld hl, net_buffer
13194 3F53              ; 200         hl++;
13195 3F53 23           	inc hl
13196 3F54              ; 201         hl++;
13197 3F54 23           	inc hl
13198 3F55              ; 202         hl++;
13199 3F55 23           	inc hl
13200 3F56              ; 203         a = *hl;
13201 3F56 7E           	ld a, (hl)
13202 3F57              ; 204         if (a != 0x3C) {
13203 3F57 FE 3C        	cp 60
13204 3F59 CA 61 3F     	jp z, __l_834
13205 3F5C              ; 205             a = 0x00;
13206 3F5C 3E 00        	ld a, 0
13207 3F5E              ; 206             FileParserSumStateNext = a;
13208 3F5E 32 05 40     	ld (fileparsersumstatenext), a
13209 3F61              __l_834:
13210 3F61 C1           	pop bc
13211 3F62 E1           	pop hl
13212 3F63 C9           	ret
13213 3F64              ; 207         }
13214 3F64              ; 208     }
13215 3F64              ; 209 }
13216 3F64              ; 210
13217 3F64              ; 211 // DE = буфер
13218 3F64              ; 212 void FileParserFtpLoadSaveBufferInFile() {
13219 3F64              fileparserftploadsavebufferinfil:
13220 3F64              ; 213     push_pop(hl, bc) {
13221 3F64 E5           	push hl
13222 3F65 C5           	push bc
13223 3F66              ; 214         // Адрес с которого начинаем писатьв файл
13224 3F66              ; 215         hl = FileParserLoadFileAddress;
13225 3F66 2A 06 40     	ld hl, (fileparserloadfileaddress)
13226 3F69              ; 216         // Кол-во байт для записи
13227 3F69              ; 217         c = (a = FileParserDataCount);
13228 3F69 3A 03 40     	ld a, (fileparserdatacount)
13229 3F6C 4F           	ld c, a
13230 3F6D              ; 218         FileParserFtpUpdatePosSectorByHL();
13231 3F6D CD 93 3F     	call fileparserftpupdatepossectorbyhl
13232 3F70              ; 219         do {
13233 3F70              __l_836:
13234 3F70              ; 220             //--
13235 3F70              ; 221             push_pop(hl, bc) {
13236 3F70 E5           	push hl
13237 3F71 C5           	push bc
13238 3F72              ; 222                 c = (a = *de);
13239 3F72 1A           	ld a, (de)
13240 3F73 4F           	ld c, a
13241 3F74              ; 223                 h = (a = FileParserSectorNum);
13242 3F74 3A 02 40     	ld a, (fileparsersectornum)
13243 3F77 67           	ld h, a
13244 3F78              ; 224                 /// hl = addr a = page c = byte
13245 3F78              ; 225                 writeByteInOtherMem(a = FileParserSectorPage);
13246 3F78 3A 01 40     	ld a, (fileparsersectorpage)
13247 3F7B CD 39 F8     	call writebyteinothermem
13248 3F7E C1           	pop bc
13249 3F7F E1           	pop hl
13250 3F80              ; 226             }
13251 3F80              ; 227             //--
13252 3F80              ; 228             c--;
13253 3F80 0D           	dec c
13254 3F81              ; 229             hl++;
13255 3F81 23           	inc hl
13256 3F82              ; 230             de++;
13257 3F82 13           	inc de
13258 3F83              ; 231             if ((a = l) == 0) {
13259 3F83 7D           	ld a, l
13260 3F84 B7           	or a
13261 3F85 C2 8B 3F     	jp nz, __l_839
13262 3F88              ; 232                 FileParserFtpUpdatePosSectorByHL();
13263 3F88 CD 93 3F     	call fileparserftpupdatepossectorbyhl
13264 3F8B              __l_839:
13265 3F8B              __l_837:
13266 3F8B              ; 233             }
13267 3F8B              ; 234         } while ((a = c) > 0);
13268 3F8B 79           	ld a, c
13269 3F8C B7           	or a
13270 3F8D C2 70 3F     	jp nz, __l_836
13271 3F90 C1           	pop bc
13272 3F91 E1           	pop hl
13273 3F92 C9           	ret
13274 3F93              ; 235     }
13275 3F93              ; 236 }
13276 3F93              ; 237
13277 3F93              ; 238 void FileParserFtpUpdatePosSectorByHL() {
13278 3F93              fileparserftpupdatepossectorbyhl:
13279 3F93              ; 239     push_pop(hl, bc, de) {
13280 3F93 E5           	push hl
13281 3F94 C5           	push bc
13282 3F95 D5           	push de
13283 3F96              ; 240         // Обнуляем сектор начала поиска
13284 3F96              ; 241         FileParserSectorDeltaPage = (a = 0);
13285 3F96 3E 00        	ld a, 0
13286 3F98 32 00 40     	ld (fileparsersectordeltapage), a
13287 3F9B              ; 242         // Ищем h раз по номеру FileParserFileNum
13288 3F9B              ; 243         l = (a = FileParserFileNum);
13289 3F9B 3A 04 40     	ld a, (fileparserfilenum)
13290 3F9E 6F           	ld l, a
13291 3F9F              ; 244         de = 0x3000;
13292 3F9F 11 00 30     	ld de, 12288
13293 3FA2              ; 245         b = 0; // Page 2/3 4/5 5/7
13294 3FA2 06 00        	ld b, 0
13295 3FA4              ; 246         c = 0; // Sector
13296 3FA4 0E 00        	ld c, 0
13297 3FA6              ; 247         do {
13298 3FA6              __l_841:
13299 3FA6              ; 248             push_pop(bc, hl) {
13300 3FA6 C5           	push bc
13301 3FA7 E5           	push hl
13302 3FA8              ; 249                 ///hl - адрес, a - номер доп. страницы (1-3). выход: c - считанный байт
13303 3FA8              ; 250                 h = d;
13304 3FA8 62           	ld h, d
13305 3FA9              ; 251                 l = e;
13306 3FA9 6B           	ld l, e
13307 3FAA              ; 252                 readByteInOtherMem(a = 1);
13308 3FAA 3E 01        	ld a, 1
13309 3FAC CD 36 F8     	call readbyteinothermem
13310 3FAF              ; 253                 a = c;
13311 3FAF 79           	ld a, c
13312 3FB0 E1           	pop hl
13313 3FB1 C1           	pop bc
13314 3FB2              ; 254             }
13315 3FB2              ; 255             //a = *de;
13316 3FB2              ; 256             if (a == l) {
13317 3FB2 BD           	cp l
13318 3FB3 C2 D8 3F     	jp nz, __l_844
13319 3FB6              ; 257                 if ((a = h) == 0) {
13320 3FB6 7C           	ld a, h
13321 3FB7 B7           	or a
13322 3FB8 C2 CF 3F     	jp nz, __l_846
13323 3FBB              ; 258                     a = b;
13324 3FBB 78           	ld a, b
13325 3FBC              ; 259                     a += 2;
13326 3FBC C6 02        	add 2
13327 3FBE              ; 260                     b = a;
13328 3FBE 47           	ld b, a
13329 3FBF              ; 261                     a = FileParserSectorDeltaPage;
13330 3FBF 3A 00 40     	ld a, (fileparsersectordeltapage)
13331 3FC2              ; 262                     a += b;
13332 3FC2 80           	add b
13333 3FC3              ; 263                     FileParserSectorPage = a;
13334 3FC3 32 01 40     	ld (fileparsersectorpage), a
13335 3FC6              ; 264                     FileParserSectorNum = (a = c);
13336 3FC6 79           	ld a, c
13337 3FC7 32 02 40     	ld (fileparsersectornum), a
13338 3FCA              ; 265                     a = 1;
13339 3FCA 3E 01        	ld a, 1
13340 3FCC C3 D5 3F     	jp __l_847
13341 3FCF              __l_846:
13342 3FCF              ; 266                 } else {
13343 3FCF              ; 267                     h--;
13344 3FCF 25           	dec h
13345 3FD0              ; 268                     FileParserNextSectorCPageB();
13346 3FD0 CD E6 3F     	call fileparsernextsectorcpageb
13347 3FD3              ; 269                     a = 0;
13348 3FD3 3E 00        	ld a, 0
13349 3FD5              __l_847:
13350 3FD5 C3 DD 3F     	jp __l_845
13351 3FD8              __l_844:
13352 3FD8              ; 270                 }
13353 3FD8              ; 271             } else {
13354 3FD8              ; 272                 FileParserNextSectorCPageB();
13355 3FD8 CD E6 3F     	call fileparsernextsectorcpageb
13356 3FDB              ; 273                 a = 0;
13357 3FDB 3E 00        	ld a, 0
13358 3FDD              __l_845:
13359 3FDD              ; 274             }
13360 3FDD              ; 275             de++;
13361 3FDD 13           	inc de
13362 3FDE              __l_842:
13363 3FDE              ; 276         } while (a == 0);
13364 3FDE B7           	or a
13365 3FDF CA A6 3F     	jp z, __l_841
13366 3FE2 D1           	pop de
13367 3FE3 C1           	pop bc
13368 3FE4 E1           	pop hl
13369 3FE5 C9           	ret
13370 3FE6              ; 277     }
13371 3FE6              ; 278 }
13372 3FE6              ; 279
13373 3FE6              ; 280 void FileParserNextSectorCPageB() {
13374 3FE6              fileparsernextsectorcpageb:
13375 3FE6              ; 281     push_pop(a) {
13376 3FE6 F5           	push af
13377 3FE7              ; 282         b++;
13378 3FE7 04           	inc b
13379 3FE8              ; 283         if ((a = b) >= 0x02) {
13380 3FE8 78           	ld a, b
13381 3FE9 FE 02        	cp 2
13382 3FEB DA FE 3F     	jp c, __l_848
13383 3FEE              ; 284             b = 0;
13384 3FEE 06 00        	ld b, 0
13385 3FF0              ; 285             c++;
13386 3FF0 0C           	inc c
13387 3FF1              ; 286             if ((a = c) == 0) {
13388 3FF1 79           	ld a, c
13389 3FF2 B7           	or a
13390 3FF3 C2 FE 3F     	jp nz, __l_850
13391 3FF6              ; 287                 a = FileParserSectorDeltaPage;
13392 3FF6 3A 00 40     	ld a, (fileparsersectordeltapage)
13393 3FF9              ; 288                 a += 2;
13394 3FF9 C6 02        	add 2
13395 3FFB              ; 289                 FileParserSectorDeltaPage = a;
13396 3FFB 32 00 40     	ld (fileparsersectordeltapage), a
13397 3FFE              __l_850:
13398 3FFE              __l_848:
13399 3FFE F1           	pop af
13400 3FFF C9           	ret
13401 4000              ; 290             }
13402 4000              ; 291         }
13403 4000              ; 292     }
13404 4000              ; 293 }
13405 4000              ; 294
13406 4000              ; 295 uint8_t FileParserSectorDeltaPage = 0;
13407 4000              fileparsersectordeltapage:
13408 4000 00           	db 0
13409 4001              ; 296 uint8_t FileParserSectorPage = 0;
13410 4001              fileparsersectorpage:
13411 4001 00           	db 0
13412 4002              ; 297 uint8_t FileParserSectorNum = 0;
13413 4002              fileparsersectornum:
13414 4002 00           	db 0
13415 4003              ; 299 uint8_t FileParserDataCount = 0;
13416 4003              fileparserdatacount:
13417 4003 00           	db 0
13418 4004              ; 300 uint8_t FileParserFileNum = 0;
13419 4004              fileparserfilenum:
13420 4004 00           	db 0
13421 4005              ; 301 uint8_t FileParserSumStateNext = 0;
13422 4005              fileparsersumstatenext:
13423 4005 00           	db 0
13424 4006              ; 302 uint16_t FileParserLoadFileAddress = 0;
13425 4006              fileparserloadfileaddress:
13426 4006 00 00        	dw 0
13427 4008              ; 303 uint16_t FileParserLoadFileStopAddress = 0;
13428 4008              fileparserloadfilestopaddress:
13429 4008 00 00        	dw 0
13430 400A              ; 304 uint16_t FileParserTempAddress = 0;
13431 400A              fileparsertempaddress:
13432 400A 00 00        	dw 0
13433 400C              ; 11 void DetectHardwareESPSendAndGetHL() {
13434 400C              detecthardwareespsendandgethl:
13435 400C              ; 12     ESPErrorClear();
13436 400C CD B0 2C     	call esperrorclear
13437 400F              ; 13     push_pop(bc, de) {
13438 400F C5           	push bc
13439 4010 D5           	push de
13440 4011              ; 14         //-- Send Key
13441 4011              ; 15         c = ESP_Reg_IsBegin;
13442 4011 0E 40        	ld c, 64
13443 4013              ; 16         DetectHardwareESPSendByteAC(a = h);
13444 4013 7C           	ld a, h
13445 4014 CD 94 40     	call detecthardwareespsendbyteac
13446 4017              ; 17         if ((a = ESPError) == 0) { // Нет ошибок - продолжаем
13447 4017 3A B6 2C     	ld a, (esperror)
13448 401A B7           	or a
13449 401B C2 72 40     	jp nz, __l_852
13450 401E              ; 18             //-- Send Data
13451 401E              ; 19             if ((a = l) > 0) {
13452 401E 7D           	ld a, l
13453 401F B7           	or a
13454 4020 CA 3F 40     	jp z, __l_854
13455 4023              ; 20                 b = l;
13456 4023 45           	ld b, l
13457 4024              ; 21                 hl = Net_buffer;
13458 4024 21 53 41     	ld hl, net_buffer
13459 4027              ; 22                 do {
13460 4027              __l_856:
13461 4027              ; 23                     if ((a = b) == 1) {
13462 4027 78           	ld a, b
13463 4028 FE 01        	cp 1
13464 402A C2 32 40     	jp nz, __l_859
13465 402D              ; 24                         c = ESP_Reg_IsEnd;
13466 402D 0E 80        	ld c, 128
13467 402F C3 34 40     	jp __l_860
13468 4032              __l_859:
13469 4032              ; 25                     } else {
13470 4032              ; 26                         c = 0;
13471 4032 0E 00        	ld c, 0
13472 4034              __l_860:
13473 4034              ; 27                     }
13474 4034              ; 28                     DetectHardwareESPSendByteAC(a = *hl);
13475 4034 7E           	ld a, (hl)
13476 4035 CD 94 40     	call detecthardwareespsendbyteac
13477 4038              ; 29                     hl++;
13478 4038 23           	inc hl
13479 4039              ; 30                     b--;
13480 4039 05           	dec b
13481 403A              __l_857:
13482 403A              ; 31                 } while ((a = b) > 0);
13483 403A 78           	ld a, b
13484 403B B7           	or a
13485 403C C2 27 40     	jp nz, __l_856
13486 403F              __l_854:
13487 403F              ; 32             }
13488 403F              ; 33             //-- Get Data
13489 403F              ; 34             b = 0;
13490 403F 06 00        	ld b, 0
13491 4041              ; 35             hl = Net_buffer;
13492 4041 21 53 41     	ld hl, net_buffer
13493 4044              ; 36             c = 1;
13494 4044 0E 01        	ld c, 1
13495 4046              ; 37             do {
13496 4046              __l_861:
13497 4046              ; 38                 DetectHardwareESPGetByteAD(); // a - data d - reg
13498 4046 CD 75 40     	call detecthardwareespgetbytead
13499 4049              ; 39                 e = a;
13500 4049 5F           	ld e, a
13501 404A              ; 40                 //ESP_Reg_In_IsEnd
13502 404A              ; 41                 //a = ESP_Reg_In_NoData + ESP_Reg_In_IsEnd;
13503 404A              ; 42                 a = ESP_Reg_In_NoData;
13504 404A 3E 04        	ld a, 4
13505 404C              ; 43                 a &= d;
13506 404C A2           	and d
13507 404D              ; 44                 if (a == 0) {
13508 404D B7           	or a
13509 404E C2 69 40     	jp nz, __l_864
13510 4051              ; 45                     a = ESP_Reg_In_IsEnd;
13511 4051 3E 08        	ld a, 8
13512 4053              ; 46                     a &= d;
13513 4053 A2           	and d
13514 4054              ; 47                     if (a > 0) {
13515 4054 B7           	or a
13516 4055 CA 5A 40     	jp z, __l_866
13517 4058              ; 48                         c = 0;
13518 4058 0E 00        	ld c, 0
13519 405A              __l_866:
13520 405A              ; 49                     }
13521 405A              ; 50                     *hl = (a = e);
13522 405A 7B           	ld a, e
13523 405B 77           	ld (hl), a
13524 405C              ; 51                     hl++;
13525 405C 23           	inc hl
13526 405D              ; 52                     b++;
13527 405D 04           	inc b
13528 405E              ; 53                     if ((a = b) == 0xFF) {
13529 405E 78           	ld a, b
13530 405F FE FF        	cp 255
13531 4061 C2 66 40     	jp nz, __l_868
13532 4064              ; 54                         c = 0;
13533 4064 0E 00        	ld c, 0
13534 4066              __l_868:
13535 4066 C3 6B 40     	jp __l_865
13536 4069              __l_864:
13537 4069              ; 55                     }
13538 4069              ; 56                 } else {
13539 4069              ; 57                     c = 0;
13540 4069 0E 00        	ld c, 0
13541 406B              __l_865:
13542 406B              __l_862:
13543 406B              ; 58                 }
13544 406B              ; 59             } while ((a = c) == 1);
13545 406B 79           	ld a, c
13546 406C FE 01        	cp 1
13547 406E CA 46 40     	jp z, __l_861
13548 4071              ; 60             l = b;
13549 4071 68           	ld l, b
13550 4072              __l_852:
13551 4072 D1           	pop de
13552 4073 C1           	pop bc
13553 4074 C9           	ret
13554 4075              ; 61         }
13555 4075              ; 62     }
13556 4075              ; 63 }
13557 4075              ; 64
13558 4075              ; 65 void DetectHardwareESPGetByteAD() {
13559 4075              detecthardwareespgetbytead:
13560 4075              ; 66     push_pop(hl, bc) {
13561 4075 E5           	push hl
13562 4076 C5           	push bc
13563 4077              ; 67         // Проверим - не занят ли ESP
13564 4077              ; 68         DetectHardwareESPWaitingForBusy();
13565 4077 CD AE 40     	call detecthardwareespwaitingforbusy
13566 407A              ; 69         // A на вход
13567 407A              ; 70         i8255PortAIn();
13568 407A CD A2 2B     	call i8255portain
13569 407D              ; 71         // Послать сигнал что готовы к данным
13570 407D              ; 72         i8255_SckIsWriteA(a = 0);
13571 407D 3E 00        	ld a, 0
13572 407F CD A8 2B     	call i8255_sckiswritea
13573 4082              ; 73         // Ждем данные
13574 4082              ; 74         DetectHardwareESPWaitingForReady();
13575 4082 CD CF 40     	call detecthardwareespwaitingforready
13576 4085              ; 75         // Читаем данные
13577 4085              ; 76         i8255_ReadData();
13578 4085 CD BF 2B     	call i8255_readdata
13579 4088              ; 77         b = a;
13580 4088 47           	ld b, a
13581 4089              ; 78         // Читаем регистр
13582 4089              ; 79         i8255_ReadReg();
13583 4089 CD BB 2B     	call i8255_readreg
13584 408C              ; 80         d = a;
13585 408C 57           	ld d, a
13586 408D              ; 81         //
13587 408D              ; 82         i8255_Sck0();
13588 408D CD AE 2B     	call i8255_sck0
13589 4090              ; 83         //
13590 4090              ; 84         a = b;
13591 4090 78           	ld a, b
13592 4091 C1           	pop bc
13593 4092 E1           	pop hl
13594 4093 C9           	ret
13595 4094              ; 85     }
13596 4094              ; 86 }
13597 4094              ; 87
13598 4094              ; 88 void DetectHardwareESPSendByteAC() {
13599 4094              detecthardwareespsendbyteac:
13600 4094              ; 89     push_pop(bc) {
13601 4094 C5           	push bc
13602 4095              ; 90         b = a;
13603 4095 47           	ld b, a
13604 4096              ; 91         // Проверим - не занят ли ESP
13605 4096              ; 92         DetectHardwareESPWaitingForBusy();
13606 4096 CD AE 40     	call detecthardwareespwaitingforbusy
13607 4099              ; 93         // A на выход
13608 4099              ; 94         i8255PortAOut();
13609 4099 CD 82 2B     	call i8255portaout
13610 409C              ; 95         // Установить A в порт A
13611 409C              ; 96         i8255_WriteData(a = b);
13612 409C 78           	ld a, b
13613 409D CD C3 2B     	call i8255_writedata
13614 40A0              ; 97         // Послать сигнал что данные готовы
13615 40A0              ; 98         a = ESP_Reg_IsWrite;
13616 40A0 3E 20        	ld a, 32
13617 40A2              ; 99         a |= c;
13618 40A2 B1           	or c
13619 40A3              ; 100         i8255_SckIsWriteA();
13620 40A3 CD A8 2B     	call i8255_sckiswritea
13621 40A6              ; 101         // Ждем подтверждения
13622 40A6              ; 102         DetectHardwareESPWaitingForReady();
13623 40A6 CD CF 40     	call detecthardwareespwaitingforready
13624 40A9              ; 103         //
13625 40A9              ; 104         i8255_Sck0();
13626 40A9 CD AE 2B     	call i8255_sck0
13627 40AC C1           	pop bc
13628 40AD C9           	ret
13629 40AE              ; 105     }
13630 40AE              ; 106 }
13631 40AE              ; 107
13632 40AE              ; 108 /// Проверка что ESP занят
13633 40AE              ; 109 void DetectHardwareESPWaitingForBusy() {
13634 40AE              detecthardwareespwaitingforbusy:
13635 40AE              ; 110     DetectHardwareESPErrorInitHL(hl = 30000);
13636 40AE 21 30 75     	ld hl, 30000
13637 40B1 CD E8 40     	call detecthardwareesperrorinithl
13638 40B4              ; 111     push_pop(bc) {
13639 40B4 C5           	push bc
13640 40B5              ; 112         do {
13641 40B5              __l_870:
13642 40B5              ; 113             a = i8255_PORT_C;
13643 40B5 3A 02 F6     	ld a, (i8255_port_c)
13644 40B8              ; 114             a &= ESP_Reg_Busy;
13645 40B8 E6 01        	and 1
13646 40BA              ; 115             if (a > 0) {
13647 40BA B7           	or a
13648 40BB CA C3 40     	jp z, __l_873
13649 40BE              ; 116                 c = 0;
13650 40BE 0E 00        	ld c, 0
13651 40C0 C3 C5 40     	jp __l_874
13652 40C3              __l_873:
13653 40C3              ; 117             } else {
13654 40C3              ; 118                 c = 1;
13655 40C3 0E 01        	ld c, 1
13656 40C5              __l_874:
13657 40C5              ; 119             }
13658 40C5              ; 120             DetectHardwareESPErrorStep();
13659 40C5 CD EC 40     	call detecthardwareesperrorstep
13660 40C8              __l_871:
13661 40C8              ; 121         } while ((a = c) == 0);
13662 40C8 79           	ld a, c
13663 40C9 B7           	or a
13664 40CA CA B5 40     	jp z, __l_870
13665 40CD C1           	pop bc
13666 40CE C9           	ret
13667 40CF              ; 122     }
13668 40CF              ; 123 }
13669 40CF              ; 124
13670 40CF              ; 125 void DetectHardwareESPWaitingForReady() {
13671 40CF              detecthardwareespwaitingforready:
13672 40CF              ; 126     DetectHardwareESPErrorInitHL(hl = 30000);
13673 40CF 21 30 75     	ld hl, 30000
13674 40D2 CD E8 40     	call detecthardwareesperrorinithl
13675 40D5              ; 127     push_pop(bc) {
13676 40D5 C5           	push bc
13677 40D6              ; 128         b = 0;
13678 40D6 06 00        	ld b, 0
13679 40D8              ; 129         do {
13680 40D8              __l_875:
13681 40D8              ; 130             a = i8255_PORT_C;
13682 40D8 3A 02 F6     	ld a, (i8255_port_c)
13683 40DB              ; 131             a &= ESP_Reg_Ready;
13684 40DB E6 02        	and 2
13685 40DD              ; 132             c = a;
13686 40DD 4F           	ld c, a
13687 40DE              ; 133             DetectHardwareESPErrorStep();
13688 40DE CD EC 40     	call detecthardwareesperrorstep
13689 40E1              __l_876:
13690 40E1              ; 134         } while ((a = c) == 0);
13691 40E1 79           	ld a, c
13692 40E2 B7           	or a
13693 40E3 CA D8 40     	jp z, __l_875
13694 40E6 C1           	pop bc
13695 40E7 C9           	ret
13696 40E8              ; 135     }
13697 40E8              ; 136 }
13698 40E8              ; 137
13699 40E8              ; 138 void DetectHardwareESPErrorInitHL() {
13700 40E8              detecthardwareesperrorinithl:
13701 40E8              ; 139     DetectHardwareESPErrorStepCount = hl;
13702 40E8 22 06 41     	ld (detecthardwareesperrorstepcount), hl
13703 40EB C9           	ret
13704 40EC              ; 140 }
13705 40EC              ; 141
13706 40EC              ; 142 void DetectHardwareESPErrorStep() {
13707 40EC              detecthardwareesperrorstep:
13708 40EC              ; 143     push_pop(hl) {
13709 40EC E5           	push hl
13710 40ED              ; 144         hl = DetectHardwareESPErrorStepCount;
13711 40ED 2A 06 41     	ld hl, (detecthardwareesperrorstepcount)
13712 40F0              ; 145         // Compare hl == 0
13713 40F0              ; 146         a = h;
13714 40F0 7C           	ld a, h
13715 40F1              ; 147         a |= l;
13716 40F1 B5           	or l
13717 40F2              ; 148         if (a == 0) {
13718 40F2 B7           	or a
13719 40F3 C2 00 41     	jp nz, __l_878
13720 40F6              ; 149             //-- Error!!! --
13721 40F6              ; 150             ESPError = (a = ESPError_TimeOut);
13722 40F6 3E 01        	ld a, 1
13723 40F8 32 B6 2C     	ld (esperror), a
13724 40FB              ; 151             c = 1;
13725 40FB 0E 01        	ld c, 1
13726 40FD C3 01 41     	jp __l_879
13727 4100              __l_878:
13728 4100              ; 152         } else {
13729 4100              ; 153             hl--;
13730 4100 2B           	dec hl
13731 4101              __l_879:
13732 4101              ; 154         }
13733 4101              ; 155         DetectHardwareESPErrorStepCount = hl;
13734 4101 22 06 41     	ld (detecthardwareesperrorstepcount), hl
13735 4104 E1           	pop hl
13736 4105 C9           	ret
13737 4106              ; 156     }
13738 4106              ; 157 }
13739 4106              ; 158
13740 4106              ; 159 uint16_t DetectHardwareESPErrorStepCount = 0;
13741 4106              detecthardwareesperrorstepcount:
13742 4106 00 00        	dw 0
13743 4108              ; 15 void DetectHardwareVersion() {
13744 4108              detecthardwareversion:
13745 4108              ; 16     DetectHardwareGetBoardID();
13746 4108 CD 1A 41     	call detecthardwaregetboardid
13747 410B              ; 17     if ((a = ESPError) == 0) {
13748 410B 3A B6 2C     	ld a, (esperror)
13749 410E B7           	or a
13750 410F C2 17 41     	jp nz, __l_880
13751 4112              ; 18         a = 1;
13752 4112 3E 01        	ld a, 1
13753 4114 C3 19 41     	jp __l_881
13754 4117              __l_880:
13755 4117              ; 19     } else {
13756 4117              ; 20         a = 0;
13757 4117 3E 00        	ld a, 0
13758 4119              __l_881:
13759 4119 C9           	ret
13760 411A              ; 21     }
13761 411A              ; 22 }
13762 411A              ; 23
13763 411A              ; 24 void DetectHardwareGetBoardID() {
13764 411A              detecthardwaregetboardid:
13765 411A              ; 25     push_pop(hl, bc, de) {
13766 411A E5           	push hl
13767 411B C5           	push bc
13768 411C D5           	push de
13769 411D              ; 26         h = 0; // GET_BoardID = 0,
13770 411D 26 00        	ld h, 0
13771 411F              ; 27         l = 0; // Len NedBuffer
13772 411F 2E 00        	ld l, 0
13773 4121              ; 28         DetectHardwareESPSendAndGetHL();
13774 4121 CD 0C 40     	call detecthardwareespsendandgethl
13775 4124              ; 29         //--
13776 4124              ; 30         // l - длина Net_buffer - буфер
13777 4124              ; 31         b = l;
13778 4124 45           	ld b, l
13779 4125              ; 32         b--;
13780 4125 05           	dec b
13781 4126              ; 33         c = 0; // Сумма
13782 4126 0E 00        	ld c, 0
13783 4128              ; 34         d = 0; // Последний байт
13784 4128 16 00        	ld d, 0
13785 412A              ; 35         hl = Net_buffer;
13786 412A 21 53 41     	ld hl, net_buffer
13787 412D              ; 36         do {
13788 412D              __l_882:
13789 412D              ; 37             a = *hl;
13790 412D 7E           	ld a, (hl)
13791 412E              ; 38             //a = *hl;
13792 412E              ; 39             d = a;
13793 412E 57           	ld d, a
13794 412F              ; 40             a = *hl;
13795 412F 7E           	ld a, (hl)
13796 4130              ; 41             a += c;
13797 4130 81           	add c
13798 4131              ; 42             c = a;
13799 4131 4F           	ld c, a
13800 4132              ; 43             hl++;
13801 4132 23           	inc hl
13802 4133              ; 44             b--;
13803 4133 05           	dec b
13804 4134              __l_883:
13805 4134              ; 45         } while ((a = b) > 0);
13806 4134 78           	ld a, b
13807 4135 B7           	or a
13808 4136 C2 2D 41     	jp nz, __l_882
13809 4139              ; 46         // Если контроьная сумма не совпала
13810 4139              ; 47         if ((a = *hl) != c) {
13811 4139 7E           	ld a, (hl)
13812 413A B9           	cp c
13813 413B CA 43 41     	jp z, __l_885
13814 413E              ; 48             ESPError = (a = ESPError_Response);
13815 413E 3E 02        	ld a, 2
13816 4140 32 B6 2C     	ld (esperror), a
13817 4143              __l_885:
13818 4143              ; 49         }
13819 4143              ; 50         // Если последный байт не 0x3C
13820 4143              ; 51         if ((a = d) != 0x3C) {
13821 4143 7A           	ld a, d
13822 4144 FE 3C        	cp 60
13823 4146 CA 4E 41     	jp z, __l_887
13824 4149              ; 52             ESPError = (a = ESPError_Response);
13825 4149 3E 02        	ld a, 2
13826 414B 32 B6 2C     	ld (esperror), a
13827 414E              __l_887:
13828 414E D1           	pop de
13829 414F C1           	pop bc
13830 4150 E1           	pop hl
13831 4151 C9           	ret
13832 4152              ; 47 uint8_t Net_buffer_len = 0;
13833 4152              net_buffer_len:
13834 4152 00           	db 0
13835 4153              ; 48 uint8_t Net_buffer[1];
13836 4153              net_buffer:
13837 4153 00           	ds 1
13838 4154               savebin "KFTP-2D.ord", 0x0ff0, 0x3210
13839 4154
# file closed: main.asm
