# file opened: main.asm
    1 0000                  device zxspectrum48 ; There is no ZX Spectrum, it is needed for the sjasmplus assembler.
    2 0000              ordos_wnd equ 49110
    3 0000              ordos_sdma equ 49104
    4 0000              ordos_watf equ 49098
    5 0000              ordos_wfile equ 49143
    6 0000              ordos_stop equ 49122
    7 0000              ordos_dirm equ 49128
    8 0000              ordos_start equ 49149
    9 0000              ordos_mxdsk equ 49080
   10 0000              ordos_rmax equ 49089
   11 0000              ordos_wdisk equ 49119
   12 0000              ordos_rdisk equ 49116
   13 0000              ordos_rfile equ 49146
   14 0000              ordos_pscf equ 49125
   15 0000              ordos_rnd equ 49113
   16 0000              ordos_eras equ 49134
   17 0000              ordos_atf equ 49101
   18 0000              fontaddress equ 62417
   19 0000              inverceaddress equ 62419
   20 0000              keyrusaddress equ 62437
   21 0000              printhexa equ 63509
   22 0000              printchata equ 63503
   23 0000              printchatc equ 63497
   24 0000              writebyteinothermem equ 63545
   25 0000              setposcursor equ 63548
   26 0000              getposcursor equ 63518
   27 0000              printhlstr equ 63512
   28 0000              getkeyboardchara equ 63491
   29 0000              getkeyboardstatea equ 63506
   30 0000              getkeyboardcodea equ 63515
   31 0000              unpackcharcode equ 63533
   32 0000              i8255_setup equ 62979
   33 0000              i8255_port_c equ 62978
   34 0000              i8255_port_a equ 62976
   35 0000              diskviewresidentprogram equ 43008
   36 0000              gotovbox equ 4102
   37 0000
   38 0000                  org 0x0FF0
   39 0FF0
   40 0FF0              ; 20 uint8_t appName[] = {'K','F','T','P','2','$',' ',' '};
   41 0FF0              appname:
   42 0FF0 4B           	db 75
   43 0FF1 46           	db 70
   44 0FF2 54           	db 84
   45 0FF3 50           	db 80
   46 0FF4 32           	db 50
   47 0FF5 24           	db 36
   48 0FF6 20           	db 32
   49 0FF7 20           	db 32
   50 0FF8
   51 0FF8
   52 0FF8 00 10            DB 0x00, 0x10
   53 0FFA
   54 0FFA 00 3F            DB 0x00, 0x3F
   55 0FFC
   56 0FFC 00 00 00 00      DB 0x00, 0x00, 0x00, 0x00
   57 1000
   58 1000              ; 31 void main(){
   59 1000              main:
   60 1000              ; 32     #ifdef _IS_MAIN_STACK
   61 1000              ; 33         sp = 0x6FFF;
   62 1000              ; 34     #else
   63 1000              ; 35         nop();
   64 1000 00           	nop
   65 1001              ; 36         nop();
   66 1001 00           	nop
   67 1002              ; 37         nop();
   68 1002 00           	nop
   69 1003              ; 38     #endif
   70 1003              ; 39     mainStart();
   71 1003 C3 09 10     	jp mainstart
   72 1006              ; 40 }
   73 1006              ; 41
   74 1006              ; 42 ///Exec VBOX
   75 1006              ; 43 uint8_t jmpToVBOX = 0xc3;
   76 1006              jmptovbox:
   77 1006 C3           	db 195
   78 1007              ; 44 uint16_t startVboxAddr = 0x0000;
   79 1007              startvboxaddr:
   80 1007 00 00        	dw 0
   81 1009              ; 46 void mainStart() {
   82 1009              mainstart:
   83 1009              ; 47     h = 24;
   84 1009 26 18        	ld h, 24
   85 100B              ; 48     l = 60;
   86 100B 2E 3C        	ld l, 60
   87 100D              ; 49     setPosCursor();
   88 100D CD 3C F8     	call setposcursor
   89 1010              ; 50
   90 1010              ; 51     HelpViewShow();
   91 1010 CD E5 1D     	call helpviewshow
   92 1013              ; 52     FtpStateViewShow();
   93 1013 CD C1 2E     	call ftpstateviewshow
   94 1016              ; 53     WifiStateViewShow();
   95 1016 CD 3B 27     	call wifistateviewshow
   96 1019              ; 54     FtpViewShow();
   97 1019 CD 0B 33     	call ftpviewshow
   98 101C              ; 55     DiskViewShow();
   99 101C CD EC 27     	call diskviewshow
  100 101F              ; 56
  101 101F              ; 57     CurrentViewChangeIdA(a = FtpViewId);
  102 101F 3E 02        	ld a, 2
  103 1021 CD 63 1E     	call currentviewchangeida
  104 1024              ; 58
  105 1024              ; 59     #ifdef _IS_SIMULATOR
  106 1024              ; 60         DiskViewReload();
  107 1024              ; 61     #else
  108 1024              ; 62         NetUpdateData();
  109 1024 CD 2C 26     	call netupdatedata
  110 1027              ; 63         ThreadsTickNow();
  111 1027 CD B3 25     	call threadsticknow
  112 102A              ; 64     #endif
  113 102A              ; 65
  114 102A              ; 66     for(;;){
  115 102A              __l_1:
  116 102A              ; 67         #ifdef _IS_SIMULATOR
  117 102A              ; 68             getKeyboardCharA();
  118 102A              ; 69             KeyboardEventA();
  119 102A              ; 70         #else
  120 102A              ; 71             getKeyboardStateA();
  121 102A CD 12 F8     	call getkeyboardstatea
  122 102D              ; 72             if (a == 0xFF) {
  123 102D FE FF        	cp 255
  124 102F C2 3B 10     	jp nz, __l_3
  125 1032              ; 73                 getKeyboardCodeA();
  126 1032 CD 1B F8     	call getkeyboardcodea
  127 1035              ; 74                 KeyboardEventA();
  128 1035 CD 41 10     	call keyboardeventa
  129 1038 C3 3E 10     	jp __l_4
  130 103B              __l_3:
  131 103B              ; 75             } else {
  132 103B              ; 76                 ThreadsTick();
  133 103B CD B9 25     	call threadstick
  134 103E              __l_4:
  135 103E C3 2A 10     	jp __l_1
  136 1041              ; 77             }
  137 1041              ; 78         #endif
  138 1041              ; 79     }
  139 1041              ; 80 }
  140 1041              ; 81
  141 1041              ; 82 void KeyboardEventA() {
  142 1041              keyboardeventa:
  143 1041              ; 83     push_pop(bc) {
  144 1041 C5           	push bc
  145 1042              ; 84         b = a; //Save
  146 1042 47           	ld b, a
  147 1043              ; 85         if ((a = b) == 0x03) { //F4
  148 1043 78           	ld a, b
  149 1044 FE 03        	cp 3
  150 1046 C2 52 10     	jp nz, __l_5
  151 1049              ; 86             vboxClearCash();
  152 1049 CD B1 4D     	call vboxclearcash
  153 104C              ; 87             ordos_start();
  154 104C CD FD BF     	call ordos_start
  155 104F C3 93 10     	jp __l_6
  156 1052              __l_5:
  157 1052              ; 88         } else if ((a = b) == 0x02) { //F3 Open FTP settings
  158 1052 78           	ld a, b
  159 1053 FE 02        	cp 2
  160 1055 C2 69 10     	jp nz, __l_7
  161 1058              ; 89             CurrentViewDiskOrFtpViewByIdA(a = CurrentViewId);
  162 1058 3A 8F 1F     	ld a, (currentviewid)
  163 105B CD 55 1F     	call currentviewdiskorftpviewbyida
  164 105E              ; 90             if (a == 1) {
  165 105E FE 01        	cp 1
  166 1060 C2 66 10     	jp nz, __l_9
  167 1063              ; 91                 FtpSettingsViewShow();
  168 1063 CD C4 2F     	call ftpsettingsviewshow
  169 1066              __l_9:
  170 1066 C3 93 10     	jp __l_8
  171 1069              __l_7:
  172 1069              ; 92             }
  173 1069              ; 93         } else if ((a = b) == 0x01) { //F2 Open WiFi settings
  174 1069 78           	ld a, b
  175 106A FE 01        	cp 1
  176 106C C2 80 10     	jp nz, __l_11
  177 106F              ; 94             CurrentViewDiskOrFtpViewByIdA(a = CurrentViewId);
  178 106F 3A 8F 1F     	ld a, (currentviewid)
  179 1072 CD 55 1F     	call currentviewdiskorftpviewbyida
  180 1075              ; 95             if (a == 1) {
  181 1075 FE 01        	cp 1
  182 1077 C2 7D 10     	jp nz, __l_13
  183 107A              ; 96                 WiFiSettingsViewShow();
  184 107A CD FD 18     	call wifisettingsviewshow
  185 107D              __l_13:
  186 107D C3 93 10     	jp __l_12
  187 1080              __l_11:
  188 1080              ; 97             }
  189 1080              ; 98         } else if ((a = b) == 0x00) { //F1 Open help
  190 1080 78           	ld a, b
  191 1081 B7           	or a
  192 1082 C2 93 10     	jp nz, __l_15
  193 1085              ; 99             CurrentViewDiskOrFtpViewByIdA(a = CurrentViewId);
  194 1085 3A 8F 1F     	ld a, (currentviewid)
  195 1088 CD 55 1F     	call currentviewdiskorftpviewbyida
  196 108B              ; 100             if (a == 1) {
  197 108B FE 01        	cp 1
  198 108D C2 93 10     	jp nz, __l_17
  199 1090              ; 101                 HelpInfoViewShow();
  200 1090 CD 95 42     	call helpinfoviewshow
  201 1093              __l_17:
  202 1093              __l_15:
  203 1093              __l_12:
  204 1093              __l_8:
  205 1093              __l_6:
  206 1093              ; 102             }
  207 1093              ; 103         #ifdef _IS_DEBUG_ADD_FILES_O
  208 1093              ; 104         } else if ((a = b) == 'O') { // o - create file
  209 1093              ; 105             DebugFilesCreate();
  210 1093              ; 106         #else
  211 1093              ; 107         #endif
  212 1093              ; 108         }
  213 1093              ; 109
  214 1093              ; 110         c = 0;
  215 1093 0E 00        	ld c, 0
  216 1095              ; 111         if ((a = CurrentViewId) == DiskViewId) {
  217 1095 3A 8F 1F     	ld a, (currentviewid)
  218 1098 FE 01        	cp 1
  219 109A C2 A6 10     	jp nz, __l_19
  220 109D              ; 112             DiskViewKeyA(a = b);
  221 109D 78           	ld a, b
  222 109E CD C9 2A     	call diskviewkeya
  223 10A1              ; 113             c = 1;
  224 10A1 0E 01        	ld c, 1
  225 10A3 C3 1A 11     	jp __l_20
  226 10A6              __l_19:
  227 10A6              ; 114         } else if ((a = CurrentViewId) == FtpViewId) {
  228 10A6 3A 8F 1F     	ld a, (currentviewid)
  229 10A9 FE 02        	cp 2
  230 10AB C2 B7 10     	jp nz, __l_21
  231 10AE              ; 115             FtpViewKeyA(a = b);
  232 10AE 78           	ld a, b
  233 10AF CD 75 35     	call ftpviewkeya
  234 10B2              ; 116             c = 1;
  235 10B2 0E 01        	ld c, 1
  236 10B4 C3 1A 11     	jp __l_22
  237 10B7              __l_21:
  238 10B7              ; 117         } else if ((a = CurrentViewId) == SelectDiskViewId) {
  239 10B7 3A 8F 1F     	ld a, (currentviewid)
  240 10BA FE 03        	cp 3
  241 10BC C2 C8 10     	jp nz, __l_23
  242 10BF              ; 118             SelectDiskViewKeyA(a = b);
  243 10BF 78           	ld a, b
  244 10C0 CD 4D 2E     	call selectdiskviewkeya
  245 10C3              ; 119             c = 1;
  246 10C3 0E 01        	ld c, 1
  247 10C5 C3 1A 11     	jp __l_24
  248 10C8              __l_23:
  249 10C8              ; 120         } else if ((a = CurrentViewId) == WiFiSettingsViewId) {
  250 10C8 3A 8F 1F     	ld a, (currentviewid)
  251 10CB FE 05        	cp 5
  252 10CD C2 D9 10     	jp nz, __l_25
  253 10D0              ; 121             WiFiSettingsViewKeyA(a = b);
  254 10D0 78           	ld a, b
  255 10D1 CD 19 1A     	call wifisettingsviewkeya
  256 10D4              ; 122             c = 1;
  257 10D4 0E 01        	ld c, 1
  258 10D6 C3 1A 11     	jp __l_26
  259 10D9              __l_25:
  260 10D9              ; 123         } else if ((a = CurrentViewId) == WiFiNetworksViewId) {
  261 10D9 3A 8F 1F     	ld a, (currentviewid)
  262 10DC FE 07        	cp 7
  263 10DE C2 EA 10     	jp nz, __l_27
  264 10E1              ; 124             WiFiNetworksViewKeyA(a = b);
  265 10E1 78           	ld a, b
  266 10E2 CD D3 3A     	call wifinetworksviewkeya
  267 10E5              ; 125             c = 1;
  268 10E5 0E 01        	ld c, 1
  269 10E7 C3 1A 11     	jp __l_28
  270 10EA              __l_27:
  271 10EA              ; 126         } else if ((a = CurrentViewId) == FtpSettingsViewId) {
  272 10EA 3A 8F 1F     	ld a, (currentviewid)
  273 10ED FE 08        	cp 8
  274 10EF C2 FB 10     	jp nz, __l_29
  275 10F2              ; 127             FtpSettingsViewKeyA(a = b);
  276 10F2 78           	ld a, b
  277 10F3 CD EF 31     	call ftpsettingsviewkeya
  278 10F6              ; 128             c = 1;
  279 10F6 0E 01        	ld c, 1
  280 10F8 C3 1A 11     	jp __l_30
  281 10FB              __l_29:
  282 10FB              ; 129         } else if ((a = CurrentViewId) == FtpMakeDirectoryId) {
  283 10FB 3A 8F 1F     	ld a, (currentviewid)
  284 10FE FE 0B        	cp 11
  285 1100 C2 0C 11     	jp nz, __l_31
  286 1103              ; 130             FtpMakeDirectoryKeyA(a = b);
  287 1103 78           	ld a, b
  288 1104 CD 11 42     	call ftpmakedirectorykeya
  289 1107              ; 131             c = 1;
  290 1107 0E 01        	ld c, 1
  291 1109 C3 1A 11     	jp __l_32
  292 110C              __l_31:
  293 110C              ; 132         } else if ((a = CurrentViewId) == HelpInfoViewId) {
  294 110C 3A 8F 1F     	ld a, (currentviewid)
  295 110F FE 0C        	cp 12
  296 1111 C2 1A 11     	jp nz, __l_33
  297 1114              ; 133             HelpInfoViewKeyA(a = b);
  298 1114 78           	ld a, b
  299 1115 CD 64 43     	call helpinfoviewkeya
  300 1118              ; 134             c = 1;
  301 1118 0E 01        	ld c, 1
  302 111A              __l_33:
  303 111A              __l_32:
  304 111A              __l_30:
  305 111A              __l_28:
  306 111A              __l_26:
  307 111A              __l_24:
  308 111A              __l_22:
  309 111A              __l_20:
  310 111A C1           	pop bc
  311 111B C9           	ret
  312 111C              ; 11 void i8255Init() {
  313 111C              i8255init:
  314 111C C9           	ret
  315 111D              ; 12
  316 111D              ; 13 }
  317 111D              ; 14
  318 111D              ; 15 void i8255PortAOut() {
  319 111D              i8255portaout:
  320 111D              ; 16     a = i8255SETUPPortAOut;
  321 111D 3E 81        	ld a, 129
  322 111F              ; 17     i8255_SETUP = a;
  323 111F 32 03 F6     	ld (i8255_setup), a
  324 1122 C9           	ret
  325 1123              ; 18 }
  326 1123              ; 19
  327 1123              ; 20 void i8255_WaitingForReady() {
  328 1123              i8255_waitingforready:
  329 1123              ; 21     push_pop(bc) {
  330 1123 C5           	push bc
  331 1124              ; 22         b = 0;
  332 1124 06 00        	ld b, 0
  333 1126              ; 23         do {
  334 1126              __l_35:
  335 1126              ; 24             a = i8255_PORT_C;
  336 1126 3A 02 F6     	ld a, (i8255_port_c)
  337 1129              ; 25             a &= ESP_Reg_Ready;
  338 1129 E6 02        	and 2
  339 112B              ; 26             c = a;
  340 112B 4F           	ld c, a
  341 112C              __l_36:
  342 112C              ; 27             #ifdef _IS_ESP_DELAY
  343 112C              ; 28                 if ((a = c) == 0) {
  344 112C              ; 29                     i8255_DelayA(a = 1); //5 200
  345 112C              ; 30                     b++;
  346 112C              ; 31                     if ((a = b) >= 100) { //253
  347 112C              ; 32                         c = ESP_Reg_Ready;
  348 112C              ; 33                         a = ESPError_TimeOut;
  349 112C              ; 34                         ESPError = a;
  350 112C              ; 35                     }
  351 112C              ; 36                 }
  352 112C              ; 37             #endif
  353 112C              ; 38         } while ((a = c) == 0);
  354 112C 79           	ld a, c
  355 112D B7           	or a
  356 112E CA 26 11     	jp z, __l_35
  357 1131 C1           	pop bc
  358 1132 C9           	ret
  359 1133              ; 39     }
  360 1133              ; 40 }
  361 1133              ; 41
  362 1133              ; 42 /// Проверка что ESP занят
  363 1133              ; 43 void i8255_WaitingForBusy() {
  364 1133              i8255_waitingforbusy:
  365 1133              ; 44     do {
  366 1133              __l_38:
  367 1133              ; 45         a = i8255_PORT_C;
  368 1133 3A 02 F6     	ld a, (i8255_port_c)
  369 1136              ; 46         a &= ESP_Reg_Busy;
  370 1136 E6 01        	and 1
  371 1138              __l_39:
  372 1138              ; 47     } while (a > 0);
  373 1138 B7           	or a
  374 1139 C2 33 11     	jp nz, __l_38
  375 113C C9           	ret
  376 113D              ; 48 }
  377 113D              ; 49
  378 113D              ; 50 void i8255PortAIn() {
  379 113D              i8255portain:
  380 113D              ; 51     a = i8255SETUPPortAIn;
  381 113D 3E 91        	ld a, 145
  382 113F              ; 52     i8255_SETUP = a;
  383 113F 32 03 F6     	ld (i8255_setup), a
  384 1142 C9           	ret
  385 1143              ; 53 }
  386 1143              ; 54
  387 1143              ; 55 /// Сигнал Clock
  388 1143              ; 56 /// A include IsWrite, IsBegin, IsEnd
  389 1143              ; 57 /// A = 1 - Write
  390 1143              ; 58 void i8255_SckIsWriteA() {
  391 1143              i8255_sckiswritea:
  392 1143              ; 59     a |= ESP_Reg_Sck;
  393 1143 F6 10        	or 16
  394 1145              ; 60     i8255_PORT_C = a;
  395 1145 32 02 F6     	ld (i8255_port_c), a
  396 1148 C9           	ret
  397 1149              ; 61     #ifdef _IS_ESP_DELAY
  398 1149              ; 62         i8255_DelayA(a = 1); //20 40
  399 1149              ; 63     #endif
  400 1149              ; 64 }
  401 1149              ; 65
  402 1149              ; 66 void i8255_Sck0() {
  403 1149              i8255_sck0:
  404 1149              ; 67     a = 0;
  405 1149 3E 00        	ld a, 0
  406 114B              ; 68     i8255_PORT_C = a;
  407 114B 32 02 F6     	ld (i8255_port_c), a
  408 114E C9           	ret
  409 114F              ; 69     #ifdef _IS_ESP_DELAY
  410 114F              ; 70         i8255_DelayA(a = 1); //20 40
  411 114F              ; 71     #endif
  412 114F              ; 72 }
  413 114F              ; 73
  414 114F              ; 74 void i8255_DelayA() {
  415 114F              i8255_delaya:
  416 114F              ; 75     do {
  417 114F              __l_41:
  418 114F              ; 76         nop();
  419 114F 00           	nop
  420 1150              ; 77         a--;
  421 1150 3D           	dec a
  422 1151              __l_42:
  423 1151              ; 78     } while (a > 0);
  424 1151 B7           	or a
  425 1152 C2 4F 11     	jp nz, __l_41
  426 1155 C9           	ret
  427 1156              ; 79 }
  428 1156              ; 80
  429 1156              ; 81 void i8255_ReadReg() {
  430 1156              i8255_readreg:
  431 1156              ; 82     a = i8255_PORT_C;
  432 1156 3A 02 F6     	ld a, (i8255_port_c)
  433 1159 C9           	ret
  434 115A              ; 83 }
  435 115A              ; 84
  436 115A              ; 85 void i8255_ReadData() {
  437 115A              i8255_readdata:
  438 115A              ; 86     a = i8255_PORT_A;
  439 115A 3A 00 F6     	ld a, (i8255_port_a)
  440 115D C9           	ret
  441 115E              ; 87 }
  442 115E              ; 88
  443 115E              ; 89 void i8255_WriteData() {
  444 115E              i8255_writedata:
  445 115E              ; 90     i8255_PORT_A = a;
  446 115E 32 00 F6     	ld (i8255_port_a), a
  447 1161 C9           	ret
  448 1162              ; 91 }
  449 1162              ; 92
  450 1162              ; 93 uint8_t i8255_PortA_IsOut = 1;
  451 1162              i8255_porta_isout:
  452 1162 01           	db 1
  453 1163              ; 12 void ESPSendByteAC() {
  454 1163              espsendbyteac:
  455 1163              ; 13     push_pop(bc) {
  456 1163 C5           	push bc
  457 1164              ; 14         b = a;
  458 1164 47           	ld b, a
  459 1165              ; 15         // Проверим - не занят ли ESP
  460 1165              ; 16         i8255_WaitingForBusy();
  461 1165 CD 33 11     	call i8255_waitingforbusy
  462 1168              ; 17         // A на выход
  463 1168              ; 18         i8255PortAOut();
  464 1168 CD 1D 11     	call i8255portaout
  465 116B              ; 19         // Установить A в порт A
  466 116B              ; 20         i8255_WriteData(a = b);
  467 116B 78           	ld a, b
  468 116C CD 5E 11     	call i8255_writedata
  469 116F              ; 21         // Послать сигнал что данные готовы
  470 116F              ; 22         a = ESP_Reg_IsWrite;
  471 116F 3E 20        	ld a, 32
  472 1171              ; 23         a |= c;
  473 1171 B1           	or c
  474 1172              ; 24         i8255_SckIsWriteA();
  475 1172 CD 43 11     	call i8255_sckiswritea
  476 1175              ; 25         // Ждем подтверждения
  477 1175              ; 26         i8255_WaitingForReady();
  478 1175 CD 23 11     	call i8255_waitingforready
  479 1178              ; 27         //
  480 1178              ; 28         i8255_Sck0();
  481 1178 CD 49 11     	call i8255_sck0
  482 117B C1           	pop bc
  483 117C C9           	ret
  484 117D              ; 29     }
  485 117D              ; 30 }
  486 117D              ; 31
  487 117D              ; 32 /// A - Data
  488 117D              ; 33 /// D - Register
  489 117D              ; 34 void ESPGetByteAD() {
  490 117D              espgetbytead:
  491 117D              ; 35     push_pop(bc) {
  492 117D C5           	push bc
  493 117E              ; 36         // Проверим - не занят ли ESP
  494 117E              ; 37         i8255_WaitingForBusy();
  495 117E CD 33 11     	call i8255_waitingforbusy
  496 1181              ; 38         // A на вход
  497 1181              ; 39         i8255PortAIn();
  498 1181 CD 3D 11     	call i8255portain
  499 1184              ; 40         // Послать сигнал что готовы к данным
  500 1184              ; 41         i8255_SckIsWriteA(a = 0);
  501 1184 3E 00        	ld a, 0
  502 1186 CD 43 11     	call i8255_sckiswritea
  503 1189              ; 42         // Ждем данные
  504 1189              ; 43         i8255_WaitingForReady();
  505 1189 CD 23 11     	call i8255_waitingforready
  506 118C              ; 44         // Читаем данные
  507 118C              ; 45         i8255_ReadData();
  508 118C CD 5A 11     	call i8255_readdata
  509 118F              ; 46         b = a;
  510 118F 47           	ld b, a
  511 1190              ; 47         // Читаем регистр
  512 1190              ; 48         i8255_ReadReg();
  513 1190 CD 56 11     	call i8255_readreg
  514 1193              ; 49         d = a;
  515 1193 57           	ld d, a
  516 1194              ; 50         //
  517 1194              ; 51         i8255_Sck0();
  518 1194 CD 49 11     	call i8255_sck0
  519 1197              ; 52         //
  520 1197              ; 53         a = b;
  521 1197 78           	ld a, b
  522 1198 C1           	pop bc
  523 1199 C9           	ret
  524 119A              ; 54     }
  525 119A              ; 55 }
  526 119A              ; 56
  527 119A              ; 57 /// h = key
  528 119A              ; 58 /// l = len buffer
  529 119A              ; 59 void ESPSendHL() {
  530 119A              espsendhl:
  531 119A              ; 60     ESPErrorClear();
  532 119A CD 4B 12     	call esperrorclear
  533 119D              ; 61     push_pop(bc, hl) {
  534 119D C5           	push bc
  535 119E E5           	push hl
  536 119F              ; 62         //-- Send Key
  537 119F              ; 63         c = ESP_Reg_IsBegin;
  538 119F 0E 40        	ld c, 64
  539 11A1              ; 64         if ((a = l) == 0) {
  540 11A1 7D           	ld a, l
  541 11A2 B7           	or a
  542 11A3 C2 AA 11     	jp nz, __l_44
  543 11A6              ; 65             a = c;
  544 11A6 79           	ld a, c
  545 11A7              ; 66             a |= ESP_Reg_IsEnd;
  546 11A7 F6 80        	or 128
  547 11A9              ; 67             c = a;
  548 11A9 4F           	ld c, a
  549 11AA              __l_44:
  550 11AA              ; 68         }
  551 11AA              ; 69         ESPSendByteAC(a = h);
  552 11AA 7C           	ld a, h
  553 11AB CD 63 11     	call espsendbyteac
  554 11AE              ; 70         if ((a = ESPError) == 0) { // Нет ошибок - продолжаем
  555 11AE 3A 51 12     	ld a, (esperror)
  556 11B1 B7           	or a
  557 11B2 C2 DF 11     	jp nz, __l_46
  558 11B5              ; 71             //-- Send Data
  559 11B5              ; 72             if ((a = l) > 0) {
  560 11B5 7D           	ld a, l
  561 11B6 B7           	or a
  562 11B7 CA DF 11     	jp z, __l_48
  563 11BA              ; 73                 b = l;
  564 11BA 45           	ld b, l
  565 11BB              ; 74                 hl = Net_buffer;
  566 11BB 21 CA 4E     	ld hl, net_buffer
  567 11BE              ; 75                 do {
  568 11BE              __l_50:
  569 11BE              ; 76                     if ((a = b) == 1) {
  570 11BE 78           	ld a, b
  571 11BF FE 01        	cp 1
  572 11C1 C2 C9 11     	jp nz, __l_53
  573 11C4              ; 77                         c = ESP_Reg_IsEnd;
  574 11C4 0E 80        	ld c, 128
  575 11C6 C3 CB 11     	jp __l_54
  576 11C9              __l_53:
  577 11C9              ; 78                     } else {
  578 11C9              ; 79                         c = 0;
  579 11C9 0E 00        	ld c, 0
  580 11CB              __l_54:
  581 11CB              ; 80                     }
  582 11CB              ; 81                     ESPSendByteAC(a = *hl);
  583 11CB 7E           	ld a, (hl)
  584 11CC CD 63 11     	call espsendbyteac
  585 11CF              ; 82                     if ((a = ESPError) > 0) { // Есть ошибки - выходим
  586 11CF 3A 51 12     	ld a, (esperror)
  587 11D2 B7           	or a
  588 11D3 CA D8 11     	jp z, __l_55
  589 11D6              ; 83                         b = 1;
  590 11D6 06 01        	ld b, 1
  591 11D8              __l_55:
  592 11D8              ; 84                     }
  593 11D8              ; 85                     hl++;
  594 11D8 23           	inc hl
  595 11D9              ; 86                     b--;
  596 11D9 05           	dec b
  597 11DA              __l_51:
  598 11DA              ; 87                 } while ((a = b) > 0);
  599 11DA 78           	ld a, b
  600 11DB B7           	or a
  601 11DC C2 BE 11     	jp nz, __l_50
  602 11DF              __l_48:
  603 11DF              __l_46:
  604 11DF E1           	pop hl
  605 11E0 C1           	pop bc
  606 11E1 C9           	ret
  607 11E2              ; 88             }
  608 11E2              ; 89         }
  609 11E2              ; 90     }
  610 11E2              ; 91 }
  611 11E2              ; 92
  612 11E2              ; 93 /// [вх] h = key
  613 11E2              ; 94 /// [вх] l = len buffer
  614 11E2              ; 95 /// [вых] l = len buffer
  615 11E2              ; 96 void ESPSendAndGetHL() {
  616 11E2              espsendandgethl:
  617 11E2              ; 97     ESPErrorClear();
  618 11E2 CD 4B 12     	call esperrorclear
  619 11E5              ; 98     push_pop(bc, de) {
  620 11E5 C5           	push bc
  621 11E6 D5           	push de
  622 11E7              ; 99         //-- Send Key
  623 11E7              ; 100         c = ESP_Reg_IsBegin;
  624 11E7 0E 40        	ld c, 64
  625 11E9              ; 101         ESPSendByteAC(a = h);
  626 11E9 7C           	ld a, h
  627 11EA CD 63 11     	call espsendbyteac
  628 11ED              ; 102         if ((a = ESPError) == 0) { // Нет ошибок - продолжаем
  629 11ED 3A 51 12     	ld a, (esperror)
  630 11F0 B7           	or a
  631 11F1 C2 48 12     	jp nz, __l_57
  632 11F4              ; 103             //-- Send Data
  633 11F4              ; 104             if ((a = l) > 0) {
  634 11F4 7D           	ld a, l
  635 11F5 B7           	or a
  636 11F6 CA 15 12     	jp z, __l_59
  637 11F9              ; 105                 b = l;
  638 11F9 45           	ld b, l
  639 11FA              ; 106                 hl = Net_buffer;
  640 11FA 21 CA 4E     	ld hl, net_buffer
  641 11FD              ; 107                 do {
  642 11FD              __l_61:
  643 11FD              ; 108                     if ((a = b) == 1) {
  644 11FD 78           	ld a, b
  645 11FE FE 01        	cp 1
  646 1200 C2 08 12     	jp nz, __l_64
  647 1203              ; 109                         c = ESP_Reg_IsEnd;
  648 1203 0E 80        	ld c, 128
  649 1205 C3 0A 12     	jp __l_65
  650 1208              __l_64:
  651 1208              ; 110                     } else {
  652 1208              ; 111                         c = 0;
  653 1208 0E 00        	ld c, 0
  654 120A              __l_65:
  655 120A              ; 112                     }
  656 120A              ; 113                     ESPSendByteAC(a = *hl);
  657 120A 7E           	ld a, (hl)
  658 120B CD 63 11     	call espsendbyteac
  659 120E              ; 114                     hl++;
  660 120E 23           	inc hl
  661 120F              ; 115                     b--;
  662 120F 05           	dec b
  663 1210              __l_62:
  664 1210              ; 116                 } while ((a = b) > 0);
  665 1210 78           	ld a, b
  666 1211 B7           	or a
  667 1212 C2 FD 11     	jp nz, __l_61
  668 1215              __l_59:
  669 1215              ; 117             }
  670 1215              ; 118             //-- Get Data
  671 1215              ; 119             b = 0;
  672 1215 06 00        	ld b, 0
  673 1217              ; 120             hl = Net_buffer;
  674 1217 21 CA 4E     	ld hl, net_buffer
  675 121A              ; 121             c = 1;
  676 121A 0E 01        	ld c, 1
  677 121C              ; 122             do {
  678 121C              __l_66:
  679 121C              ; 123                 ESPGetByteAD(); // a - data d - reg
  680 121C CD 7D 11     	call espgetbytead
  681 121F              ; 124                 e = a;
  682 121F 5F           	ld e, a
  683 1220              ; 125                 //ESP_Reg_In_IsEnd
  684 1220              ; 126                 //a = ESP_Reg_In_NoData + ESP_Reg_In_IsEnd;
  685 1220              ; 127                 a = ESP_Reg_In_NoData;
  686 1220 3E 04        	ld a, 4
  687 1222              ; 128                 a &= d;
  688 1222 A2           	and d
  689 1223              ; 129                 if (a == 0) {
  690 1223 B7           	or a
  691 1224 C2 3F 12     	jp nz, __l_69
  692 1227              ; 130                     a = ESP_Reg_In_IsEnd;
  693 1227 3E 08        	ld a, 8
  694 1229              ; 131                     a &= d;
  695 1229 A2           	and d
  696 122A              ; 132                     if (a > 0) {
  697 122A B7           	or a
  698 122B CA 30 12     	jp z, __l_71
  699 122E              ; 133                         c = 0;
  700 122E 0E 00        	ld c, 0
  701 1230              __l_71:
  702 1230              ; 134                     }
  703 1230              ; 135                     a = e;
  704 1230 7B           	ld a, e
  705 1231              ; 136                     *hl = a;
  706 1231 77           	ld (hl), a
  707 1232              ; 137                     hl++;
  708 1232 23           	inc hl
  709 1233              ; 138                     b++;
  710 1233 04           	inc b
  711 1234              ; 139                     if ((a = b) == 0xFF) {
  712 1234 78           	ld a, b
  713 1235 FE FF        	cp 255
  714 1237 C2 3C 12     	jp nz, __l_73
  715 123A              ; 140                         c = 0;
  716 123A 0E 00        	ld c, 0
  717 123C              __l_73:
  718 123C C3 41 12     	jp __l_70
  719 123F              __l_69:
  720 123F              ; 141                     }
  721 123F              ; 142                 } else {
  722 123F              ; 143                     c = 0;
  723 123F 0E 00        	ld c, 0
  724 1241              __l_70:
  725 1241              __l_67:
  726 1241              ; 144                 }
  727 1241              ; 145             } while ((a = c) == 1);
  728 1241 79           	ld a, c
  729 1242 FE 01        	cp 1
  730 1244 CA 1C 12     	jp z, __l_66
  731 1247              ; 146             l = b;
  732 1247 68           	ld l, b
  733 1248              __l_57:
  734 1248 D1           	pop de
  735 1249 C1           	pop bc
  736 124A C9           	ret
  737 124B              ; 147         }
  738 124B              ; 148     }
  739 124B              ; 149 }
  740 124B              ; 150
  741 124B              ; 151 void ESPErrorClear() {
  742 124B              esperrorclear:
  743 124B              ; 152     a = ESPError_No;
  744 124B 3E 00        	ld a, 0
  745 124D              ; 153     ESPError = a;
  746 124D 32 51 12     	ld (esperror), a
  747 1250 C9           	ret
  748 1251              ; 154 }
  749 1251              ; 155
  750 1251              ; 156 uint8_t ESPError = 0;
  751 1251              esperror:
  752 1251 00           	db 0
  753 1252              ; 11 void NetWiFiGetSsidPassword() {
  754 1252              netwifigetssidpassword:
  755 1252              ; 12     push_pop(hl, bc) {
  756 1252 E5           	push hl
  757 1253 C5           	push bc
  758 1254              ; 13         h = 1; // GET_SSID_PASSWORD, // 1
  759 1254 26 01        	ld h, 1
  760 1256              ; 14         l = 0; // Len NedBuffer
  761 1256 2E 00        	ld l, 0
  762 1258              ; 15         ESPSendAndGetHL();
  763 1258 CD E2 11     	call espsendandgethl
  764 125B              ; 16         b = 16;
  765 125B 06 10        	ld b, 16
  766 125D              ; 17         c = l;
  767 125D 4D           	ld c, l
  768 125E              ; 18         hl = WiFiSettingsViewPassValue;
  769 125E 21 6C 1B     	ld hl, wifisettingsviewpassvalue
  770 1261              ; 19         ParserBufferToHL();
  771 1261 CD 0E 15     	call parserbuffertohl
  772 1264 C1           	pop bc
  773 1265 E1           	pop hl
  774 1266 C9           	ret
  775 1267              ; 20     }
  776 1267              ; 21 }
  777 1267              ; 22
  778 1267              ; 23 void NetWiFiSetSsidPassword() {
  779 1267              netwifisetssidpassword:
  780 1267              ; 24     push_pop(hl, bc) {
  781 1267 E5           	push hl
  782 1268 C5           	push bc
  783 1269              ; 25         hl = WiFiSettingsViewPassValue;
  784 1269 21 6C 1B     	ld hl, wifisettingsviewpassvalue
  785 126C              ; 26         ParserHLToBuffer(b = 16);
  786 126C 06 10        	ld b, 16
  787 126E CD 2A 15     	call parserhltobuffer
  788 1271              ; 27         h = 2; // SET_SSID_PASSWORD, // 2
  789 1271 26 02        	ld h, 2
  790 1273              ; 28         l = 16; // Len NedBuffer
  791 1273 2E 10        	ld l, 16
  792 1275              ; 29         ESPSendHL();
  793 1275 CD 9A 11     	call espsendhl
  794 1278 C1           	pop bc
  795 1279 E1           	pop hl
  796 127A C9           	ret
  797 127B              ; 30     }
  798 127B              ; 31 }
  799 127B              ; 32
  800 127B              ; 33 void NetWiFiGetSsidIp() {
  801 127B              netwifigetssidip:
  802 127B              ; 34     push_pop(hl, bc) {
  803 127B E5           	push hl
  804 127C C5           	push bc
  805 127D              ; 35         h = 3; // GET_SSID_IP, // 3
  806 127D 26 03        	ld h, 3
  807 127F              ; 36         l = 0; // Len NedBuffer
  808 127F 2E 00        	ld l, 0
  809 1281              ; 37         ESPSendAndGetHL();
  810 1281 CD E2 11     	call espsendandgethl
  811 1284              ; 38         b = 16;
  812 1284 06 10        	ld b, 16
  813 1286              ; 39         c = l;
  814 1286 4D           	ld c, l
  815 1287              ; 40         hl = WiFiSettingsViewIpValue;
  816 1287 21 8E 1B     	ld hl, wifisettingsviewipvalue
  817 128A              ; 41         ParserBufferToHL();
  818 128A CD 0E 15     	call parserbuffertohl
  819 128D C1           	pop bc
  820 128E E1           	pop hl
  821 128F C9           	ret
  822 1290              ; 42     }
  823 1290              ; 43 }
  824 1290              ; 44
  825 1290              ; 45 void NetWiFiGetSsidMac() {
  826 1290              netwifigetssidmac:
  827 1290              ; 46     push_pop(hl, bc) {
  828 1290 E5           	push hl
  829 1291 C5           	push bc
  830 1292              ; 47         h = 4; // GET_SSID_MAC, // 4
  831 1292 26 04        	ld h, 4
  832 1294              ; 48         l = 0; // Len NedBuffer
  833 1294 2E 00        	ld l, 0
  834 1296              ; 49         ESPSendAndGetHL();
  835 1296 CD E2 11     	call espsendandgethl
  836 1299              ; 50         b = 18;
  837 1299 06 12        	ld b, 18
  838 129B              ; 51         c = l;
  839 129B 4D           	ld c, l
  840 129C              ; 52         hl = WiFiSettingsViewMacValue;
  841 129C 21 7C 1B     	ld hl, wifisettingsviewmacvalue
  842 129F              ; 53         ParserBufferSumToHL();
  843 129F CD BF 16     	call parserbuffersumtohl
  844 12A2 C1           	pop bc
  845 12A3 E1           	pop hl
  846 12A4 C9           	ret
  847 12A5              ; 54     }
  848 12A5              ; 55 }
  849 12A5              ; 56
  850 12A5              ; 57 void NetWiFiGetSsid() {
  851 12A5              netwifigetssid:
  852 12A5              ; 58     push_pop(hl, bc) {
  853 12A5 E5           	push hl
  854 12A6 C5           	push bc
  855 12A7              ; 59         h = 5; // GET_SSID, // 5
  856 12A7 26 05        	ld h, 5
  857 12A9              ; 60         l = 0; // Len NedBuffer
  858 12A9 2E 00        	ld l, 0
  859 12AB              ; 61         ESPSendAndGetHL();
  860 12AB CD E2 11     	call espsendandgethl
  861 12AE              ; 62         b = 16;
  862 12AE 06 10        	ld b, 16
  863 12B0              ; 63         c = l;
  864 12B0 4D           	ld c, l
  865 12B1              ; 64         hl = WiFiSettingsViewSsidValue;
  866 12B1 21 5C 1B     	ld hl, wifisettingsviewssidvalue
  867 12B4              ; 65         ParserBufferToHL();
  868 12B4 CD 0E 15     	call parserbuffertohl
  869 12B7 C1           	pop bc
  870 12B8 E1           	pop hl
  871 12B9 C9           	ret
  872 12BA              ; 66     }
  873 12BA              ; 67 }
  874 12BA              ; 68
  875 12BA              ; 69 void NetFtpGetUrl() {
  876 12BA              netftpgeturl:
  877 12BA              ; 70     push_pop(hl, bc) {
  878 12BA E5           	push hl
  879 12BB C5           	push bc
  880 12BC              ; 71         h = 6; // GET_FTP_URL, // 6
  881 12BC 26 06        	ld h, 6
  882 12BE              ; 72         l = 0; // Len NedBuffer
  883 12BE 2E 00        	ld l, 0
  884 12C0              ; 73         ESPSendAndGetHL();
  885 12C0 CD E2 11     	call espsendandgethl
  886 12C3              ; 74         b = 16;
  887 12C3 06 10        	ld b, 16
  888 12C5              ; 75         c = l;
  889 12C5 4D           	ld c, l
  890 12C6              ; 76         hl = FtpStateViewIpValue;
  891 12C6 21 A0 2F     	ld hl, ftpstateviewipvalue
  892 12C9              ; 77         ParserBufferToHL();
  893 12C9 CD 0E 15     	call parserbuffertohl
  894 12CC C1           	pop bc
  895 12CD E1           	pop hl
  896 12CE C9           	ret
  897 12CF              ; 78     }
  898 12CF              ; 79 }
  899 12CF              ; 80
  900 12CF              ; 81 void NetFtpSetUrl() {
  901 12CF              netftpseturl:
  902 12CF              ; 82     push_pop(hl, bc) {
  903 12CF E5           	push hl
  904 12D0 C5           	push bc
  905 12D1              ; 83         hl = FtpStateViewIpValue;
  906 12D1 21 A0 2F     	ld hl, ftpstateviewipvalue
  907 12D4              ; 84         ParserHLToBuffer(b = 16);
  908 12D4 06 10        	ld b, 16
  909 12D6 CD 2A 15     	call parserhltobuffer
  910 12D9              ; 85         h = 7; // SET_FTP_URL, // 7
  911 12D9 26 07        	ld h, 7
  912 12DB              ; 86         l = 16; // Len NedBuffer
  913 12DB 2E 10        	ld l, 16
  914 12DD              ; 87         ESPSendHL();
  915 12DD CD 9A 11     	call espsendhl
  916 12E0 C1           	pop bc
  917 12E1 E1           	pop hl
  918 12E2 C9           	ret
  919 12E3              ; 88     }
  920 12E3              ; 89 }
  921 12E3              ; 90
  922 12E3              ; 91 void NetFtpGetUser() {
  923 12E3              netftpgetuser:
  924 12E3              ; 92     push_pop(hl, bc) {
  925 12E3 E5           	push hl
  926 12E4 C5           	push bc
  927 12E5              ; 93         h = 8; // GET_FTP_USER, // 8
  928 12E5 26 08        	ld h, 8
  929 12E7              ; 94         l = 0; // Len NedBuffer
  930 12E7 2E 00        	ld l, 0
  931 12E9              ; 95         ESPSendAndGetHL();
  932 12E9 CD E2 11     	call espsendandgethl
  933 12EC              ; 96         b = 16;
  934 12EC 06 10        	ld b, 16
  935 12EE              ; 97         c = l;
  936 12EE 4D           	ld c, l
  937 12EF              ; 98         hl = FtpSettingsViewValueUser;
  938 12EF 21 DB 32     	ld hl, ftpsettingsviewvalueuser
  939 12F2              ; 99         ParserBufferToHL();
  940 12F2 CD 0E 15     	call parserbuffertohl
  941 12F5 C1           	pop bc
  942 12F6 E1           	pop hl
  943 12F7 C9           	ret
  944 12F8              ; 100     }
  945 12F8              ; 101 }
  946 12F8              ; 102
  947 12F8              ; 103 void NetFtpSetUser() {
  948 12F8              netftpsetuser:
  949 12F8              ; 104     push_pop(hl, bc) {
  950 12F8 E5           	push hl
  951 12F9 C5           	push bc
  952 12FA              ; 105         hl = FtpSettingsViewValueUser;
  953 12FA 21 DB 32     	ld hl, ftpsettingsviewvalueuser
  954 12FD              ; 106         ParserHLToBuffer(b = 16);
  955 12FD 06 10        	ld b, 16
  956 12FF CD 2A 15     	call parserhltobuffer
  957 1302              ; 107         h = 9; // SET_FTP_USER, // 9
  958 1302 26 09        	ld h, 9
  959 1304              ; 108         l = 16; // Len NedBuffer
  960 1304 2E 10        	ld l, 16
  961 1306              ; 109         ESPSendHL();
  962 1306 CD 9A 11     	call espsendhl
  963 1309 C1           	pop bc
  964 130A E1           	pop hl
  965 130B C9           	ret
  966 130C              ; 110     }
  967 130C              ; 111 }
  968 130C              ; 112
  969 130C              ; 113 void NetFtpGetPassword() {
  970 130C              netftpgetpassword:
  971 130C              ; 114     push_pop(hl, bc) {
  972 130C E5           	push hl
  973 130D C5           	push bc
  974 130E              ; 115         h = 10; // GET_FTP_PASS, // 10
  975 130E 26 0A        	ld h, 10
  976 1310              ; 116         l = 0; // Len NedBuffer
  977 1310 2E 00        	ld l, 0
  978 1312              ; 117         ESPSendAndGetHL();
  979 1312 CD E2 11     	call espsendandgethl
  980 1315              ; 118         b = 16;
  981 1315 06 10        	ld b, 16
  982 1317              ; 119         c = l;
  983 1317 4D           	ld c, l
  984 1318              ; 120         hl = FtpSettingsViewValuePass;
  985 1318 21 EB 32     	ld hl, ftpsettingsviewvaluepass
  986 131B              ; 121         ParserBufferToHL();
  987 131B CD 0E 15     	call parserbuffertohl
  988 131E C1           	pop bc
  989 131F E1           	pop hl
  990 1320 C9           	ret
  991 1321              ; 122     }
  992 1321              ; 123 }
  993 1321              ; 124
  994 1321              ; 125 void NetFtpSetPassword() {
  995 1321              netftpsetpassword:
  996 1321              ; 126     push_pop(hl, bc) {
  997 1321 E5           	push hl
  998 1322 C5           	push bc
  999 1323              ; 127         hl = FtpSettingsViewValuePass;
 1000 1323 21 EB 32     	ld hl, ftpsettingsviewvaluepass
 1001 1326              ; 128         ParserHLToBuffer(b = 16);
 1002 1326 06 10        	ld b, 16
 1003 1328 CD 2A 15     	call parserhltobuffer
 1004 132B              ; 129         h = 11; // SET_FTP_PASS, // 11
 1005 132B 26 0B        	ld h, 11
 1006 132D              ; 130         l = 16; // Len NedBuffer
 1007 132D 2E 10        	ld l, 16
 1008 132F              ; 131         ESPSendHL();
 1009 132F CD 9A 11     	call espsendhl
 1010 1332 C1           	pop bc
 1011 1333 E1           	pop hl
 1012 1334 C9           	ret
 1013 1335              ; 132     }
 1014 1335              ; 133 }
 1015 1335              ; 134
 1016 1335              ; 135 void NetFtpGetHomeDir() {
 1017 1335              netftpgethomedir:
 1018 1335              ; 136     push_pop(hl, bc) {
 1019 1335 E5           	push hl
 1020 1336 C5           	push bc
 1021 1337              ; 137         h = 12; // GET_FTP_HOME_DIR, // 12
 1022 1337 26 0C        	ld h, 12
 1023 1339              ; 138         l = 0; // Len NedBuffer
 1024 1339 2E 00        	ld l, 0
 1025 133B              ; 139         ESPSendAndGetHL();
 1026 133B CD E2 11     	call espsendandgethl
 1027 133E              ; 140         b = 16;
 1028 133E 06 10        	ld b, 16
 1029 1340              ; 141         c = l;
 1030 1340 4D           	ld c, l
 1031 1341              ; 142         hl = FtpSettingsViewValueHomeDir;
 1032 1341 21 FB 32     	ld hl, ftpsettingsviewvaluehomedir
 1033 1344              ; 143         ParserBufferToHL();
 1034 1344 CD 0E 15     	call parserbuffertohl
 1035 1347 C1           	pop bc
 1036 1348 E1           	pop hl
 1037 1349 C9           	ret
 1038 134A              ; 144     }
 1039 134A              ; 145 }
 1040 134A              ; 146
 1041 134A              ; 147 void NetFtpSetHomeDir() {
 1042 134A              netftpsethomedir:
 1043 134A              ; 148     push_pop(hl, bc) {
 1044 134A E5           	push hl
 1045 134B C5           	push bc
 1046 134C              ; 149         hl = FtpSettingsViewValueHomeDir;
 1047 134C 21 FB 32     	ld hl, ftpsettingsviewvaluehomedir
 1048 134F              ; 150         ParserHLToBuffer(b = 16);
 1049 134F 06 10        	ld b, 16
 1050 1351 CD 2A 15     	call parserhltobuffer
 1051 1354              ; 151         h = 13; // SET_FTP_HOME_DIR, // 13
 1052 1354 26 0D        	ld h, 13
 1053 1356              ; 152         l = 16; // Len NedBuffer
 1054 1356 2E 10        	ld l, 16
 1055 1358              ; 153         ESPSendHL();
 1056 1358 CD 9A 11     	call espsendhl
 1057 135B C1           	pop bc
 1058 135C E1           	pop hl
 1059 135D C9           	ret
 1060 135E              ; 154     }
 1061 135E              ; 155 }
 1062 135E              ; 156
 1063 135E              ; 157 void NetFtpGetPort() {
 1064 135E              netftpgetport:
 1065 135E              ; 158     push_pop(hl, bc) {
 1066 135E E5           	push hl
 1067 135F C5           	push bc
 1068 1360              ; 159         h = 14; // GET_FTP_PORT, // 14
 1069 1360 26 0E        	ld h, 14
 1070 1362              ; 160         l = 0; // Len NedBuffer
 1071 1362 2E 00        	ld l, 0
 1072 1364              ; 161         ESPSendAndGetHL();
 1073 1364 CD E2 11     	call espsendandgethl
 1074 1367              ; 162         b = 6;
 1075 1367 06 06        	ld b, 6
 1076 1369              ; 163         c = l;
 1077 1369 4D           	ld c, l
 1078 136A              ; 164         hl = FtpSettingsViewValuePort;
 1079 136A 21 CB 32     	ld hl, ftpsettingsviewvalueport
 1080 136D              ; 165         ParserBufferToHL();
 1081 136D CD 0E 15     	call parserbuffertohl
 1082 1370 C1           	pop bc
 1083 1371 E1           	pop hl
 1084 1372 C9           	ret
 1085 1373              ; 166     }
 1086 1373              ; 167 }
 1087 1373              ; 168
 1088 1373              ; 169 void NetFtpSetPort() {
 1089 1373              netftpsetport:
 1090 1373              ; 170     push_pop(hl, bc) {
 1091 1373 E5           	push hl
 1092 1374 C5           	push bc
 1093 1375              ; 171         hl = FtpSettingsViewValuePort;
 1094 1375 21 CB 32     	ld hl, ftpsettingsviewvalueport
 1095 1378              ; 172         ParserHLToBuffer(b = 16);
 1096 1378 06 10        	ld b, 16
 1097 137A CD 2A 15     	call parserhltobuffer
 1098 137D              ; 173         h = 15; // SET_FTP_PORT, // 15
 1099 137D 26 0F        	ld h, 15
 1100 137F              ; 174         l = 6; // Len NedBuffer
 1101 137F 2E 06        	ld l, 6
 1102 1381              ; 175         ESPSendHL();
 1103 1381 CD 9A 11     	call espsendhl
 1104 1384 C1           	pop bc
 1105 1385 E1           	pop hl
 1106 1386 C9           	ret
 1107 1387              ; 176     }
 1108 1387              ; 177 }
 1109 1387              ; 178
 1110 1387              ; 179 void NetWiFiListUpdate() {
 1111 1387              netwifilistupdate:
 1112 1387              ; 180     push_pop(hl) {
 1113 1387 E5           	push hl
 1114 1388              ; 181         h = 16; // SSID_LIST_UPDATE, // 16
 1115 1388 26 10        	ld h, 16
 1116 138A              ; 182         l = 0; // Len NedBuffer
 1117 138A 2E 00        	ld l, 0
 1118 138C              ; 183         ESPSendHL();
 1119 138C CD 9A 11     	call espsendhl
 1120 138F E1           	pop hl
 1121 1390 C9           	ret
 1122 1391              ; 184     }
 1123 1391              ; 185 }
 1124 1391              ; 186
 1125 1391              ; 187 void NetWiFiGetList() {
 1126 1391              netwifigetlist:
 1127 1391              ; 188     a = 0;
 1128 1391 3E 00        	ld a, 0
 1129 1393              ; 189     WiFiNetworksViewSSIDCount = a;
 1130 1393 32 5B 3C     	ld (wifinetworksviewssidcount), a
 1131 1396              ; 190     push_pop(hl, bc, de) {
 1132 1396 E5           	push hl
 1133 1397 C5           	push bc
 1134 1398 D5           	push de
 1135 1399              ; 191         c = 0;
 1136 1399 0E 00        	ld c, 0
 1137 139B              ; 192         do {
 1138 139B              __l_75:
 1139 139B              ; 193             h = 17; // SSID_LIST_NEXT, // 17
 1140 139B 26 11        	ld h, 17
 1141 139D              ; 194             l = 0; // Len NedBuffer
 1142 139D 2E 00        	ld l, 0
 1143 139F              ; 195             ESPSendAndGetHL();
 1144 139F CD E2 11     	call espsendandgethl
 1145 13A2              ; 196             if ((a = l) > 0) {
 1146 13A2 7D           	ld a, l
 1147 13A3 B7           	or a
 1148 13A4 CA C2 13     	jp z, __l_78
 1149 13A7              ; 197                 b = l;
 1150 13A7 45           	ld b, l
 1151 13A8              ; 198                 //--
 1152 13A8              ; 199                 hl = WiFiNetworksViewSSIDList;
 1153 13A8 21 5C 3C     	ld hl, wifinetworksviewssidlist
 1154 13AB              ; 200                 d = 0;
 1155 13AB 16 00        	ld d, 0
 1156 13AD              ; 201                 a ^= a;
 1157 13AD AF           	xor a
 1158 13AE              ; 202                 a = c;
 1159 13AE 79           	ld a, c
 1160 13AF              ; 203                 carry_rotate_left(a, 4);
 1161 13AF 17           	rla
 1162 13B0 17           	rla
 1163 13B1 17           	rla
 1164 13B2 17           	rla
 1165 13B3              ; 204                 if (flag_c) { // Если переполняние младшего разряда, инкремент старшего
 1166 13B3 D2 B7 13     	jp nc, __l_80
 1167 13B6              ; 205                     d++;
 1168 13B6 14           	inc d
 1169 13B7              __l_80:
 1170 13B7              ; 206                 }
 1171 13B7              ; 207                 e = a;
 1172 13B7 5F           	ld e, a
 1173 13B8              ; 208                 hl += de;
 1174 13B8 19           	add hl, de
 1175 13B9              ; 209                 push_pop(bc) {
 1176 13B9 C5           	push bc
 1177 13BA              ; 210                     c = b;
 1178 13BA 48           	ld c, b
 1179 13BB              ; 211                     b = 16;
 1180 13BB 06 10        	ld b, 16
 1181 13BD              ; 212                     ParserBufferToHL();
 1182 13BD CD 0E 15     	call parserbuffertohl
 1183 13C0 C1           	pop bc
 1184 13C1              ; 213                 }
 1185 13C1              ; 214                 //--
 1186 13C1              ; 215                 c++;
 1187 13C1 0C           	inc c
 1188 13C2              __l_78:
 1189 13C2              __l_76:
 1190 13C2              ; 216             }
 1191 13C2              ; 217         } while ((a = l) > 0);
 1192 13C2 7D           	ld a, l
 1193 13C3 B7           	or a
 1194 13C4 C2 9B 13     	jp nz, __l_75
 1195 13C7              ; 218         a = c;
 1196 13C7 79           	ld a, c
 1197 13C8              ; 219         WiFiNetworksViewSSIDCount = a;
 1198 13C8 32 5B 3C     	ld (wifinetworksviewssidcount), a
 1199 13CB D1           	pop de
 1200 13CC C1           	pop bc
 1201 13CD E1           	pop hl
 1202 13CE C9           	ret
 1203 13CF              ; 220     }
 1204 13CF              ; 221 }
 1205 13CF              ; 222
 1206 13CF              ; 223 void NetWiFiSetListA() {
 1207 13CF              netwifisetlista:
 1208 13CF              ; 224     push_pop(hl) {
 1209 13CF E5           	push hl
 1210 13D0              ; 225         hl = Net_buffer;
 1211 13D0 21 CA 4E     	ld hl, net_buffer
 1212 13D3              ; 226         *hl = a;
 1213 13D3 77           	ld (hl), a
 1214 13D4              ; 227         h = 18; // SSID_SET_LIST_ID, // 18
 1215 13D4 26 12        	ld h, 18
 1216 13D6              ; 228         l = 1; // Len NedBuffer
 1217 13D6 2E 01        	ld l, 1
 1218 13D8              ; 229         ESPSendHL();
 1219 13D8 CD 9A 11     	call espsendhl
 1220 13DB E1           	pop hl
 1221 13DC C9           	ret
 1222 13DD              ; 230     }
 1223 13DD              ; 231 }
 1224 13DD              ; 232
 1225 13DD              ; 233 void NetWiFiConnect() {
 1226 13DD              netwificonnect:
 1227 13DD              ; 234     push_pop(hl) {
 1228 13DD E5           	push hl
 1229 13DE              ; 235         h = 19; // SSID_CONNECT, // 19
 1230 13DE 26 13        	ld h, 19
 1231 13E0              ; 236         l = 0; // Len NedBuffer
 1232 13E0 2E 00        	ld l, 0
 1233 13E2              ; 237         ESPSendHL();
 1234 13E2 CD 9A 11     	call espsendhl
 1235 13E5 E1           	pop hl
 1236 13E6 C9           	ret
 1237 13E7              ; 238     }
 1238 13E7              ; 239 }
 1239 13E7              ; 240
 1240 13E7              ; 241 void NetGetAllStatus() {
 1241 13E7              netgetallstatus:
 1242 13E7              ; 242     push_pop(hl) {
 1243 13E7 E5           	push hl
 1244 13E8              ; 243         h = 20; //  GET_STATUS, // 20
 1245 13E8 26 14        	ld h, 20
 1246 13EA              ; 244         l = 0; // Len NedBuffer
 1247 13EA 2E 00        	ld l, 0
 1248 13EC              ; 245         ESPSendAndGetHL();
 1249 13EC CD E2 11     	call espsendandgethl
 1250 13EF              ; 246         //--
 1251 13EF              ; 247         NetGetAllStatusParse();
 1252 13EF CD 65 16     	call netgetallstatusparse
 1253 13F2 E1           	pop hl
 1254 13F3 C9           	ret
 1255 13F4              ; 248     }
 1256 13F4              ; 249 }
 1257 13F4              ; 250
 1258 13F4              ; 251 void NetFtpGoToHomeDir() {
 1259 13F4              netftpgotohomedir:
 1260 13F4              ; 252     push_pop(hl) {
 1261 13F4 E5           	push hl
 1262 13F5              ; 253         h = 21; // SET_FTP_TO_HOME_DIR, // 21
 1263 13F5 26 15        	ld h, 21
 1264 13F7              ; 254         l = 0; // Len NedBuffer
 1265 13F7 2E 00        	ld l, 0
 1266 13F9              ; 255         ESPSendHL();
 1267 13F9 CD 9A 11     	call espsendhl
 1268 13FC E1           	pop hl
 1269 13FD C9           	ret
 1270 13FE              ; 256     }
 1271 13FE              ; 257 }
 1272 13FE              ; 258
 1273 13FE              ; 259 void NetFtpGetCurrentPath() {
 1274 13FE              netftpgetcurrentpath:
 1275 13FE              ; 260     push_pop(hl) {
 1276 13FE E5           	push hl
 1277 13FF              ; 261         h = 22; //  GET_FTP_CURRENT_FOLDER, // 22
 1278 13FF 26 16        	ld h, 22
 1279 1401              ; 262         l = 0; // Len NedBuffer
 1280 1401 2E 00        	ld l, 0
 1281 1403              ; 263         ESPSendAndGetHL();
 1282 1403 CD E2 11     	call espsendandgethl
 1283 1406              ; 264         b = 16;
 1284 1406 06 10        	ld b, 16
 1285 1408              ; 265         c = l;
 1286 1408 4D           	ld c, l
 1287 1409              ; 266         hl = FtpViewPath;
 1288 1409 21 41 37     	ld hl, ftpviewpath
 1289 140C              ; 267         ParserBufferToHL();
 1290 140C CD 0E 15     	call parserbuffertohl
 1291 140F E1           	pop hl
 1292 1410 C9           	ret
 1293 1411              ; 268     }
 1294 1411              ; 269 }
 1295 1411              ; 270
 1296 1411              ; 271 void NetFtpConnect() {
 1297 1411              netftpconnect:
 1298 1411              ; 272     push_pop(hl) {
 1299 1411 E5           	push hl
 1300 1412              ; 273         h = 23; // FTP_CONNECT, // 23
 1301 1412 26 17        	ld h, 23
 1302 1414              ; 274         l = 0; // Len NedBuffer
 1303 1414 2E 00        	ld l, 0
 1304 1416              ; 275         ESPSendHL();
 1305 1416 CD 9A 11     	call espsendhl
 1306 1419 E1           	pop hl
 1307 141A C9           	ret
 1308 141B              ; 276     }
 1309 141B              ; 277 }
 1310 141B              ; 278
 1311 141B              ; 279 void NetFtpChangeDirUp() {
 1312 141B              netftpchangedirup:
 1313 141B              ; 280     push_pop(hl) {
 1314 141B E5           	push hl
 1315 141C              ; 281         h = 24; // SET_FTP_CHANGE_DIR_UP, // 24
 1316 141C 26 18        	ld h, 24
 1317 141E              ; 282         l = 0; // Len NedBuffer
 1318 141E 2E 00        	ld l, 0
 1319 1420              ; 283         ESPSendHL();
 1320 1420 CD 9A 11     	call espsendhl
 1321 1423 E1           	pop hl
 1322 1424 C9           	ret
 1323 1425              ; 284     }
 1324 1425              ; 285 }
 1325 1425              ; 286
 1326 1425              ; 287 void NetFtpChangeDirIndexA() {
 1327 1425              netftpchangedirindexa:
 1328 1425              ; 288     push_pop(hl) {
 1329 1425 E5           	push hl
 1330 1426              ; 289         hl = Net_buffer;
 1331 1426 21 CA 4E     	ld hl, net_buffer
 1332 1429              ; 290         *hl = a;
 1333 1429 77           	ld (hl), a
 1334 142A              ; 291         h = 25; // SET_FTP_CHANGE_DIR_INDEX, // 25
 1335 142A 26 19        	ld h, 25
 1336 142C              ; 292         l = 1; // Len NedBuffer
 1337 142C 2E 01        	ld l, 1
 1338 142E              ; 293         ESPSendHL();
 1339 142E CD 9A 11     	call espsendhl
 1340 1431 E1           	pop hl
 1341 1432 C9           	ret
 1342 1433              ; 294     }
 1343 1433              ; 295 }
 1344 1433              ; 296
 1345 1433              ; 297 void NetFtpUpdateList() {
 1346 1433              netftpupdatelist:
 1347 1433              ; 298     push_pop(hl) {
 1348 1433 E5           	push hl
 1349 1434              ; 299         hl = Net_buffer;
 1350 1434 21 CA 4E     	ld hl, net_buffer
 1351 1437              ; 300         a = 20; // Получить 20 файлов
 1352 1437 3E 14        	ld a, 20
 1353 1439              ; 301         *hl = a;
 1354 1439 77           	ld (hl), a
 1355 143A              ; 302         h = 26; // FTP_UPDATE_LIST, // 26
 1356 143A 26 1A        	ld h, 26
 1357 143C              ; 303         l = 1; // Len NedBuffer
 1358 143C 2E 01        	ld l, 1
 1359 143E              ; 304         ESPSendHL();
 1360 143E CD 9A 11     	call espsendhl
 1361 1441 E1           	pop hl
 1362 1442 C9           	ret
 1363 1443              ; 305     }
 1364 1443              ; 306 }
 1365 1443              ; 307
 1366 1443              ; 308 void NetFtpListFiles() {
 1367 1443              netftplistfiles:
 1368 1443              ; 309     push_pop(hl, bc, de) {
 1369 1443 E5           	push hl
 1370 1444 C5           	push bc
 1371 1445 D5           	push de
 1372 1446              ; 310         a = 0;
 1373 1446 3E 00        	ld a, 0
 1374 1448              ; 311         NetFtpListFilesParseSumState = a;
 1375 1448 32 8B 17     	ld (netftplistfilesparsesumstate), a
 1376 144B              ; 312         c = 0;
 1377 144B 0E 00        	ld c, 0
 1378 144D              ; 313         do {
 1379 144D              __l_82:
 1380 144D              ; 314             //--
 1381 144D              ; 315             hl = Net_buffer;
 1382 144D 21 CA 4E     	ld hl, net_buffer
 1383 1450              ; 316             a = NetFtpListFilesParseSumState;
 1384 1450 3A 8B 17     	ld a, (netftplistfilesparsesumstate)
 1385 1453              ; 317             *hl = a;
 1386 1453 77           	ld (hl), a
 1387 1454              ; 318             //--
 1388 1454              ; 319             h = 27; // FTP_LIST_FILE_NEXT, // 27
 1389 1454 26 1B        	ld h, 27
 1390 1456              ; 320             l = 1; // Len NedBuffer
 1391 1456 2E 01        	ld l, 1
 1392 1458              ; 321             ESPSendAndGetHL();
 1393 1458 CD E2 11     	call espsendandgethl
 1394 145B              ; 322             //--
 1395 145B              ; 323             NetFtpListFilesParse(); // пока l > 0 (ответ от ESP что то содержит)
 1396 145B CD 3C 15     	call netftplistfilesparse
 1397 145E              __l_83:
 1398 145E              ; 324         } while ((a = l) > 0);
 1399 145E 7D           	ld a, l
 1400 145F B7           	or a
 1401 1460 C2 4D 14     	jp nz, __l_82
 1402 1463              ; 325         a = c;
 1403 1463 79           	ld a, c
 1404 1464              ; 326         FtpViewFilesListCount = a;
 1405 1464 32 52 37     	ld (ftpviewfileslistcount), a
 1406 1467 D1           	pop de
 1407 1468 C1           	pop bc
 1408 1469 E1           	pop hl
 1409 146A C9           	ret
 1410 146B              ; 327     }
 1411 146B              ; 328 }
 1412 146B              ; 329
 1413 146B              ; 330 void NetFtpLoadFileA() {
 1414 146B              netftploadfilea:
 1415 146B              ; 331     push_pop(hl) {
 1416 146B E5           	push hl
 1417 146C              ; 332         hl = Net_buffer;
 1418 146C 21 CA 4E     	ld hl, net_buffer
 1419 146F              ; 333         *hl = a;
 1420 146F 77           	ld (hl), a
 1421 1470              ; 334         h = 28; // FTP_FILE_DOWNLOAD, // 28
 1422 1470 26 1C        	ld h, 28
 1423 1472              ; 335         l = 1; // Len NedBuffer
 1424 1472 2E 01        	ld l, 1
 1425 1474              ; 336         ESPSendHL();
 1426 1474 CD 9A 11     	call espsendhl
 1427 1477 E1           	pop hl
 1428 1478 C9           	ret
 1429 1479              ; 337     }
 1430 1479              ; 338 }
 1431 1479              ; 339
 1432 1479              ; 340 void NetFtpLoadFileNext() {
 1433 1479              netftploadfilenext:
 1434 1479              ; 341     push_pop(hl) {
 1435 1479 E5           	push hl
 1436 147A              ; 342         a = 1;
 1437 147A 3E 01        	ld a, 1
 1438 147C              ; 343         NetFtpLoadFileNextParseSumState = a;
 1439 147C 32 8A 17     	ld (netftploadfilenextparsesumstate), a
 1440 147F              ; 344         do {
 1441 147F              __l_85:
 1442 147F              ; 345             //--
 1443 147F              ; 346             hl = Net_buffer;
 1444 147F 21 CA 4E     	ld hl, net_buffer
 1445 1482              ; 347             a = NetFtpLoadFileNextParseSumState;
 1446 1482 3A 8A 17     	ld a, (netftploadfilenextparsesumstate)
 1447 1485              ; 348             *hl = a;
 1448 1485 77           	ld (hl), a
 1449 1486              ; 349             //--
 1450 1486              ; 350             h = 29; // FTP_FILE_DOWNLOAD_NEXT, // 29
 1451 1486 26 1D        	ld h, 29
 1452 1488              ; 351             l = 1; // Len NedBuffer
 1453 1488 2E 01        	ld l, 1
 1454 148A              ; 352             ESPSendAndGetHL();
 1455 148A CD E2 11     	call espsendandgethl
 1456 148D              ; 353             //--
 1457 148D              ; 354             NetFtpLoadFileNextParse();
 1458 148D CD B1 15     	call netftploadfilenextparse
 1459 1490              __l_86:
 1460 1490              ; 355         } while ((a = l) > 0);
 1461 1490 7D           	ld a, l
 1462 1491 B7           	or a
 1463 1492 C2 7F 14     	jp nz, __l_85
 1464 1495 E1           	pop hl
 1465 1496 C9           	ret
 1466 1497              ; 356     }
 1467 1497              ; 357 }
 1468 1497              ; 358
 1469 1497              ; 359 void NetErrorClear() {
 1470 1497              neterrorclear:
 1471 1497              ; 360     push_pop(hl) {
 1472 1497 E5           	push hl
 1473 1498              ; 361         h = 30; // ESP_ERROR_CLEAR, // 30
 1474 1498 26 1E        	ld h, 30
 1475 149A              ; 362         l = 0; // Len NedBuffer
 1476 149A 2E 00        	ld l, 0
 1477 149C              ; 363         ESPSendHL();
 1478 149C CD 9A 11     	call espsendhl
 1479 149F E1           	pop hl
 1480 14A0 C9           	ret
 1481 14A1              ; 364     }
 1482 14A1              ; 365 }
 1483 14A1              ; 366
 1484 14A1              ; 367 void NetFtpDeleteFileIndexA() {
 1485 14A1              netftpdeletefileindexa:
 1486 14A1              ; 368     push_pop(hl) {
 1487 14A1 E5           	push hl
 1488 14A2              ; 369         hl = Net_buffer;
 1489 14A2 21 CA 4E     	ld hl, net_buffer
 1490 14A5              ; 370         *hl = a;
 1491 14A5 77           	ld (hl), a
 1492 14A6              ; 371         h = 31; // FTP_FILE_DELETE_INDEX, // 31
 1493 14A6 26 1F        	ld h, 31
 1494 14A8              ; 372         l = 1; // Len NedBuffer
 1495 14A8 2E 01        	ld l, 1
 1496 14AA              ; 373         ESPSendHL();
 1497 14AA CD 9A 11     	call espsendhl
 1498 14AD E1           	pop hl
 1499 14AE C9           	ret
 1500 14AF              ; 374     }
 1501 14AF              ; 375 }
 1502 14AF              ; 376
 1503 14AF              ; 377 void NetFtpMakeDirectory() {
 1504 14AF              netftpmakedirectory:
 1505 14AF              ; 378     push_pop(hl) {
 1506 14AF E5           	push hl
 1507 14B0              ; 379         hl = FtpMakeDirectoryValue;
 1508 14B0 21 84 42     	ld hl, ftpmakedirectoryvalue
 1509 14B3              ; 380         ParserHLToBuffer(b = 16);
 1510 14B3 06 10        	ld b, 16
 1511 14B5 CD 2A 15     	call parserhltobuffer
 1512 14B8              ; 381         h = 33; // FTP_MAKE_DIRECTORY, // 33
 1513 14B8 26 21        	ld h, 33
 1514 14BA              ; 382         l = 16; // Len NedBuffer
 1515 14BA 2E 10        	ld l, 16
 1516 14BC              ; 383         ESPSendHL();
 1517 14BC CD 9A 11     	call espsendhl
 1518 14BF E1           	pop hl
 1519 14C0 C9           	ret
 1520 14C1              ; 384     }
 1521 14C1              ; 385 }
 1522 14C1              ; 386
 1523 14C1              ; 387 void NetFtpUploadFileInitHL() {
 1524 14C1              netftpuploadfileinithl:
 1525 14C1              ; 388     ParserFileUploadInit();
 1526 14C1 CD 8C 17     	call parserfileuploadinit
 1527 14C4              ; 389     // Отправляем данные о файле
 1528 14C4              ; 390     push_pop(hl, bc) {
 1529 14C4 E5           	push hl
 1530 14C5 C5           	push bc
 1531 14C6              ; 391         ParserFileUploadInit();
 1532 14C6 CD 8C 17     	call parserfileuploadinit
 1533 14C9              ; 392
 1534 14C9              ; 393         ParserHLToBuffer(b = 8);
 1535 14C9 06 08        	ld b, 8
 1536 14CB CD 2A 15     	call parserhltobuffer
 1537 14CE              ; 394         h = 32; // FTP_FILE_UPLOAD_INIT, // 32
 1538 14CE 26 20        	ld h, 32
 1539 14D0              ; 395         l = 8; // Len NedBuffer
 1540 14D0 2E 08        	ld l, 8
 1541 14D2              ; 396         ESPSendHL();
 1542 14D2 CD 9A 11     	call espsendhl
 1543 14D5 C1           	pop bc
 1544 14D6 E1           	pop hl
 1545 14D7              ; 397     }
 1546 14D7              ; 398     // Начинаем передавать содержимое файла
 1547 14D7              ; 399     do {
 1548 14D7              __l_88:
 1549 14D7              ; 400         ParserFileUploadCreateBuffer();
 1550 14D7 CD CB 17     	call parserfileuploadcreatebuffer
 1551 14DA              ; 401         h = 34; // FTP_FILE_UPLOAD_NEXT, // 34
 1552 14DA 26 22        	ld h, 34
 1553 14DC              ; 402         l = 20; // Len NedBuffer 16 + 1 + 2 + 1 = 20
 1554 14DC 2E 14        	ld l, 20
 1555 14DE              ; 403         ESPSendAndGetHL();
 1556 14DE CD E2 11     	call espsendandgethl
 1557 14E1              ; 404         // Parse
 1558 14E1              ; 405         // b = 0x3C, b = isCorrect, b = progress, b = sum
 1559 14E1              ; 406         ParserFileUploadParse();
 1560 14E1 CD 10 18     	call parserfileuploadparse
 1561 14E4              __l_89:
 1562 14E4              ; 407     } while (a > 0);
 1563 14E4 B7           	or a
 1564 14E5 C2 D7 14     	jp nz, __l_88
 1565 14E8 C9           	ret
 1566 14E9              ; 408 }
 1567 14E9              ; 409
 1568 14E9              ; 410 // Вых [A] - 1 - Успешно. 0 - Ошибка
 1569 14E9              ; 411 void NetDiskGetNum() {
 1570 14E9              netdiskgetnum:
 1571 14E9              ; 412     push_pop(hl, bc) {
 1572 14E9 E5           	push hl
 1573 14EA C5           	push bc
 1574 14EB              ; 413         h = 35; // GET_DISK, // 35
 1575 14EB 26 23        	ld h, 35
 1576 14ED              ; 414         l = 0; // Len NedBuffer
 1577 14ED 2E 00        	ld l, 0
 1578 14EF              ; 415         ESPSendAndGetHL();
 1579 14EF CD E2 11     	call espsendandgethl
 1580 14F2              ; 416         ParserFileDiskResponse();
 1581 14F2 CD A6 18     	call parserfilediskresponse
 1582 14F5 C1           	pop bc
 1583 14F6 E1           	pop hl
 1584 14F7 C9           	ret
 1585 14F8              ; 417     }
 1586 14F8              ; 418 }
 1587 14F8              ; 419
 1588 14F8              ; 420 void NetDiskSetNum() {
 1589 14F8              netdisksetnum:
 1590 14F8              ; 421     push_pop(hl, bc) {
 1591 14F8 E5           	push hl
 1592 14F9 C5           	push bc
 1593 14FA              ; 422         ParserFileDiskRequest();
 1594 14FA CD 8D 18     	call parserfilediskrequest
 1595 14FD              ; 423         h = 36; // SET_DISK, // 36
 1596 14FD 26 24        	ld h, 36
 1597 14FF              ; 424         l = 3; // Len NedBuffer
 1598 14FF 2E 03        	ld l, 3
 1599 1501              ; 425         ESPSendHL();
 1600 1501 CD 9A 11     	call espsendhl
 1601 1504 C1           	pop bc
 1602 1505 E1           	pop hl
 1603 1506 C9           	ret
 1604 1507              ; 426     }
 1605 1507              ; 427 }
 1606 1507              ; 428
 1607 1507              ; 429 void NetGetHardwareAndSoftware() {
 1608 1507              netgethardwareandsoftware:
 1609 1507              ; 430     h = 37; // GET_HARDWARE_AND_SOFTWARE, // 37
 1610 1507 26 25        	ld h, 37
 1611 1509              ; 431     l = 0; // Len NedBuffer
 1612 1509 2E 00        	ld l, 0
 1613 150B              ; 432     ESPSendAndGetHL();
 1614 150B C3 E2 11     	jp espsendandgethl
 1615 150E              ; 14 void ParserBufferToHL() {
 1616 150E              parserbuffertohl:
 1617 150E              ; 15     push_pop(de) {
 1618 150E D5           	push de
 1619 150F              ; 16         de = Net_buffer;
 1620 150F 11 CA 4E     	ld de, net_buffer
 1621 1512              ; 17         do {
 1622 1512              __l_91:
 1623 1512              ; 18             if ((a = c) > 0) {
 1624 1512 79           	ld a, c
 1625 1513 B7           	or a
 1626 1514 CA 1E 15     	jp z, __l_94
 1627 1517              ; 19                 a = *de;
 1628 1517 1A           	ld a, (de)
 1629 1518              ; 20                 *hl = a;
 1630 1518 77           	ld (hl), a
 1631 1519              ; 21                 c--;
 1632 1519 0D           	dec c
 1633 151A              ; 22                 de++;
 1634 151A 13           	inc de
 1635 151B C3 21 15     	jp __l_95
 1636 151E              __l_94:
 1637 151E              ; 23             } else {
 1638 151E              ; 24                 a = 0;
 1639 151E 3E 00        	ld a, 0
 1640 1520              ; 25                 *hl = a;
 1641 1520 77           	ld (hl), a
 1642 1521              __l_95:
 1643 1521              ; 26             }
 1644 1521              ; 27             hl++;
 1645 1521 23           	inc hl
 1646 1522              ; 28             b--;
 1647 1522 05           	dec b
 1648 1523              __l_92:
 1649 1523              ; 29         } while ((a = b) > 0);
 1650 1523 78           	ld a, b
 1651 1524 B7           	or a
 1652 1525 C2 12 15     	jp nz, __l_91
 1653 1528 D1           	pop de
 1654 1529 C9           	ret
 1655 152A              ; 30     }
 1656 152A              ; 31 }
 1657 152A              ; 32
 1658 152A              ; 33 void ParserHLToBuffer() {
 1659 152A              parserhltobuffer:
 1660 152A              ; 34     push_pop(bc, de) {
 1661 152A C5           	push bc
 1662 152B D5           	push de
 1663 152C              ; 35         de = Net_buffer;
 1664 152C 11 CA 4E     	ld de, net_buffer
 1665 152F              ; 36         do {
 1666 152F              __l_96:
 1667 152F              ; 37             a = *hl;
 1668 152F 7E           	ld a, (hl)
 1669 1530              ; 38             *de = a;
 1670 1530 12           	ld (de), a
 1671 1531              ; 39             hl++;
 1672 1531 23           	inc hl
 1673 1532              ; 40             de++;
 1674 1532 13           	inc de
 1675 1533              ; 41             b--;
 1676 1533 05           	dec b
 1677 1534              __l_97:
 1678 1534              ; 42         } while ((a = b) > 0);
 1679 1534 78           	ld a, b
 1680 1535 B7           	or a
 1681 1536 C2 2F 15     	jp nz, __l_96
 1682 1539 D1           	pop de
 1683 153A C1           	pop bc
 1684 153B C9           	ret
 1685 153C              ; 43     }
 1686 153C              ; 44 }
 1687 153C              ; 45
 1688 153C              ; 46 /// C - count (не трогаем)
 1689 153C              ; 47 /// l - Len NedBuffer
 1690 153C              ; 48 void NetFtpListFilesParse() {
 1691 153C              netftplistfilesparse:
 1692 153C              ; 49     if ((a = l) == 16) {
 1693 153C 7D           	ld a, l
 1694 153D FE 10        	cp 16
 1695 153F C2 6F 15     	jp nz, __l_99
 1696 1542              ; 50         NetFtpListFilesParseSum();
 1697 1542 CD 75 15     	call netftplistfilesparsesum
 1698 1545              ; 51         if ((a = NetFtpListFilesParseSumState) == 0x01) {
 1699 1545 3A 8B 17     	ld a, (netftplistfilesparsesumstate)
 1700 1548 FE 01        	cp 1
 1701 154A C2 6C 15     	jp nz, __l_101
 1702 154D              ; 52             push_pop(hl, de) {
 1703 154D E5           	push hl
 1704 154E D5           	push de
 1705 154F              ; 53                 b = l;
 1706 154F 45           	ld b, l
 1707 1550              ; 54                 //--
 1708 1550              ; 55                 hl = FtpViewFilesList;
 1709 1550 21 53 37     	ld hl, ftpviewfileslist
 1710 1553              ; 56                 d = 0;
 1711 1553 16 00        	ld d, 0
 1712 1555              ; 57                 a ^= a;
 1713 1555 AF           	xor a
 1714 1556              ; 58                 a = c;
 1715 1556 79           	ld a, c
 1716 1557              ; 59                 carry_rotate_left(a, 4);
 1717 1557 17           	rla
 1718 1558 17           	rla
 1719 1559 17           	rla
 1720 155A 17           	rla
 1721 155B              ; 60                 if (flag_c) { // Если переполняние младшего разряда, инкремент старшего
 1722 155B D2 5F 15     	jp nc, __l_103
 1723 155E              ; 61                     d++;
 1724 155E 14           	inc d
 1725 155F              __l_103:
 1726 155F              ; 62                 }
 1727 155F              ; 63                 e = a;
 1728 155F 5F           	ld e, a
 1729 1560              ; 64                 hl += de;
 1730 1560 19           	add hl, de
 1731 1561              ; 65                 push_pop(bc) {
 1732 1561 C5           	push bc
 1733 1562              ; 66                     c = b;
 1734 1562 48           	ld c, b
 1735 1563              ; 67                     b = 16;
 1736 1563 06 10        	ld b, 16
 1737 1565              ; 68                     ParserBufferToHL();
 1738 1565 CD 0E 15     	call parserbuffertohl
 1739 1568 C1           	pop bc
 1740 1569              ; 69                 }
 1741 1569              ; 70                 //--
 1742 1569              ; 71                 c++;
 1743 1569 0C           	inc c
 1744 156A D1           	pop de
 1745 156B E1           	pop hl
 1746 156C              __l_101:
 1747 156C C3 74 15     	jp __l_100
 1748 156F              __l_99:
 1749 156F              ; 72             }
 1750 156F              ; 73         }
 1751 156F              ; 74     } else {
 1752 156F              ; 75         a = 0x00;
 1753 156F 3E 00        	ld a, 0
 1754 1571              ; 76         NetFtpListFilesParseSumState = a;
 1755 1571 32 8B 17     	ld (netftplistfilesparsesumstate), a
 1756 1574              __l_100:
 1757 1574 C9           	ret
 1758 1575              ; 77     }
 1759 1575              ; 78 }
 1760 1575              ; 79
 1761 1575              ; 80 void NetFtpListFilesParseSum() {
 1762 1575              netftplistfilesparsesum:
 1763 1575              ; 81     push_pop(hl, bc) {
 1764 1575 E5           	push hl
 1765 1576 C5           	push bc
 1766 1577              ; 82         b = 15;
 1767 1577 06 0F        	ld b, 15
 1768 1579              ; 83         c = 0;
 1769 1579 0E 00        	ld c, 0
 1770 157B              ; 84         hl = Net_buffer;
 1771 157B 21 CA 4E     	ld hl, net_buffer
 1772 157E              ; 85         do {
 1773 157E              __l_105:
 1774 157E              ; 86             a = *hl;
 1775 157E 7E           	ld a, (hl)
 1776 157F              ; 87             a += c;
 1777 157F 81           	add c
 1778 1580              ; 88             c = a;
 1779 1580 4F           	ld c, a
 1780 1581              ; 89             hl++;
 1781 1581 23           	inc hl
 1782 1582              ; 90             b--;
 1783 1582 05           	dec b
 1784 1583              __l_106:
 1785 1583              ; 91         } while ((a = b) > 0);
 1786 1583 78           	ld a, b
 1787 1584 B7           	or a
 1788 1585 C2 7E 15     	jp nz, __l_105
 1789 1588              ; 92         a = *hl;
 1790 1588 7E           	ld a, (hl)
 1791 1589              ; 93         if (a == c) {
 1792 1589 B9           	cp c
 1793 158A C2 95 15     	jp nz, __l_108
 1794 158D              ; 94             a = 0x01;
 1795 158D 3E 01        	ld a, 1
 1796 158F              ; 95             NetFtpListFilesParseSumState = a;
 1797 158F 32 8B 17     	ld (netftplistfilesparsesumstate), a
 1798 1592 C3 9A 15     	jp __l_109
 1799 1595              __l_108:
 1800 1595              ; 96         } else {
 1801 1595              ; 97             a = 0x00;
 1802 1595 3E 00        	ld a, 0
 1803 1597              ; 98             NetFtpListFilesParseSumState = a;
 1804 1597 32 8B 17     	ld (netftplistfilesparsesumstate), a
 1805 159A              __l_109:
 1806 159A              ; 99         }
 1807 159A              ; 100         // 10 byte = 0x3C
 1808 159A              ; 101         hl = Net_buffer;
 1809 159A 21 CA 4E     	ld hl, net_buffer
 1810 159D              ; 102         bc = 10;
 1811 159D 01 0A 00     	ld bc, 10
 1812 15A0              ; 103         hl += bc;
 1813 15A0 09           	add hl, bc
 1814 15A1              ; 104         a = *hl;
 1815 15A1 7E           	ld a, (hl)
 1816 15A2              ; 105         a &= 0xFE;
 1817 15A2 E6 FE        	and 254
 1818 15A4              ; 106         if (a != 0x3C) {
 1819 15A4 FE 3C        	cp 60
 1820 15A6 CA AE 15     	jp z, __l_110
 1821 15A9              ; 107             a = 0x00;
 1822 15A9 3E 00        	ld a, 0
 1823 15AB              ; 108             NetFtpListFilesParseSumState = a;
 1824 15AB 32 8B 17     	ld (netftplistfilesparsesumstate), a
 1825 15AE              __l_110:
 1826 15AE C1           	pop bc
 1827 15AF E1           	pop hl
 1828 15B0 C9           	ret
 1829 15B1              ; 109         }
 1830 15B1              ; 110     }
 1831 15B1              ; 111 }
 1832 15B1              ; 112
 1833 15B1              ; 113 void NetFtpLoadFileNextParse() {
 1834 15B1              netftploadfilenextparse:
 1835 15B1              ; 114     push_pop(hl) {
 1836 15B1 E5           	push hl
 1837 15B2              ; 115         if ((a = l) > 0) {
 1838 15B2 7D           	ld a, l
 1839 15B3 B7           	or a
 1840 15B4 CA F3 15     	jp z, __l_112
 1841 15B7              ; 116             NetFtpLoadFileNextParseSum();
 1842 15B7 CD 2C 16     	call netftploadfilenextparsesum
 1843 15BA              ; 117             if ((a = NetFtpLoadFileNextParseSumState) == 0x01) {
 1844 15BA 3A 8A 17     	ld a, (netftploadfilenextparsesumstate)
 1845 15BD FE 01        	cp 1
 1846 15BF C2 F0 15     	jp nz, __l_114
 1847 15C2              ; 118                 push_pop(bc, de) {
 1848 15C2 C5           	push bc
 1849 15C3 D5           	push de
 1850 15C4              ; 119                     b = l;
 1851 15C4 45           	ld b, l
 1852 15C5              ; 120                     de = Net_buffer;
 1853 15C5 11 CA 4E     	ld de, net_buffer
 1854 15C8              ; 121                     //-- Address
 1855 15C8              ; 122                     a = *de;
 1856 15C8 1A           	ld a, (de)
 1857 15C9              ; 123                     l = a;
 1858 15C9 6F           	ld l, a
 1859 15CA              ; 124                     de++;
 1860 15CA 13           	inc de
 1861 15CB              ; 125                     a = *de;
 1862 15CB 1A           	ld a, (de)
 1863 15CC              ; 126                     h = a;
 1864 15CC 67           	ld h, a
 1865 15CD              ; 127                     NetFtpLoadFileNextParseAddress = hl;
 1866 15CD 22 86 17     	ld (netftploadfilenextparseaddress), hl
 1867 15D0              ; 128                     de++;
 1868 15D0 13           	inc de
 1869 15D1              ; 129                     //-- Progress
 1870 15D1              ; 130                     LoadViewShowProgressA(a = *de);
 1871 15D1 1A           	ld a, (de)
 1872 15D2 CD 65 39     	call loadviewshowprogressa
 1873 15D5              ; 131                     de++;
 1874 15D5 13           	inc de
 1875 15D6              ; 132                     //-- 0x3C
 1876 15D6              ; 133                     de++;
 1877 15D6 13           	inc de
 1878 15D7              ; 134                     //--
 1879 15D7              ; 135                     b--;
 1880 15D7 05           	dec b
 1881 15D8              ; 136                     b--;
 1882 15D8 05           	dec b
 1883 15D9              ; 137                     b--;
 1884 15D9 05           	dec b
 1885 15DA              ; 138                     b--;
 1886 15DA 05           	dec b
 1887 15DB              ; 139                     b--;
 1888 15DB 05           	dec b
 1889 15DC              ; 140                     NetFtpLoadFileNextParseCalkDiskPosToHL();
 1890 15DC CD FB 15     	call netftploadfilenextparsecalkdiskp
 1891 15DF              ; 141                     do {
 1892 15DF              __l_116:
 1893 15DF              ; 142                         a = *de;
 1894 15DF 1A           	ld a, (de)
 1895 15E0              ; 143                         ordos_wdisk();
 1896 15E0 CD DF BF     	call ordos_wdisk
 1897 15E3              ; 144                         hl++;
 1898 15E3 23           	inc hl
 1899 15E4              ; 145                         de++;
 1900 15E4 13           	inc de
 1901 15E5              ; 146                         b--;
 1902 15E5 05           	dec b
 1903 15E6              __l_117:
 1904 15E6              ; 147                     } while ((a = b) > 0);
 1905 15E6 78           	ld a, b
 1906 15E7 B7           	or a
 1907 15E8 C2 DF 15     	jp nz, __l_116
 1908 15EB              ; 148                     NetFtpLoadFileNextParseAddressEnd = hl;
 1909 15EB 22 88 17     	ld (netftploadfilenextparseaddressen), hl
 1910 15EE D1           	pop de
 1911 15EF C1           	pop bc
 1912 15F0              __l_114:
 1913 15F0 C3 F9 15     	jp __l_113
 1914 15F3              __l_112:
 1915 15F3              ; 149                 }
 1916 15F3              ; 150             }
 1917 15F3              ; 151         } else {
 1918 15F3              ; 152             hl = NetFtpLoadFileNextParseAddressEnd;
 1919 15F3 2A 88 17     	ld hl, (netftploadfilenextparseaddressen)
 1920 15F6              ; 153             ordos_stop();
 1921 15F6 CD E2 BF     	call ordos_stop
 1922 15F9              __l_113:
 1923 15F9 E1           	pop hl
 1924 15FA C9           	ret
 1925 15FB              ; 154         }
 1926 15FB              ; 155     }
 1927 15FB              ; 156 }
 1928 15FB              ; 157
 1929 15FB              ; 158 /// Считаем адрес куда писать данные на диск
 1930 15FB              ; 159 void NetFtpLoadFileNextParseCalkDiskPosToHL() {
 1931 15FB              netftploadfilenextparsecalkdiskp:
 1932 15FB              ; 160     push_pop(de) {
 1933 15FB D5           	push de
 1934 15FC              ; 161         // получаем адрес пакета
 1935 15FC              ; 162         hl = NetFtpLoadFileNextParseAddress;
 1936 15FC 2A 86 17     	ld hl, (netftploadfilenextparseaddress)
 1937 15FF              ; 163         // прибавляем к точке начала файла на диске
 1938 15FF              ; 164         d = h;
 1939 15FF 54           	ld d, h
 1940 1600              ; 165         e = l;
 1941 1600 5D           	ld e, l
 1942 1601              ; 166         hl = DiskViewStartNewFile;
 1943 1601 2A 33 2D     	ld hl, (diskviewstartnewfile)
 1944 1604              ; 167         a ^= a;
 1945 1604 AF           	xor a
 1946 1605              ; 168         a = l;
 1947 1605 7D           	ld a, l
 1948 1606              ; 169         a += e;
 1949 1606 83           	add e
 1950 1607              ; 170         if (flag_c) {
 1951 1607 D2 0B 16     	jp nc, __l_119
 1952 160A              ; 171             h++;
 1953 160A 24           	inc h
 1954 160B              __l_119:
 1955 160B              ; 172         }
 1956 160B              ; 173         l = a;
 1957 160B 6F           	ld l, a
 1958 160C              ; 174         a = h;
 1959 160C 7C           	ld a, h
 1960 160D              ; 175         a += d;
 1961 160D 82           	add d
 1962 160E              ; 176         h = a;
 1963 160E 67           	ld h, a
 1964 160F              ; 177         push_pop(hl) {
 1965 160F E5           	push hl
 1966 1610              ; 178             a = l;
 1967 1610 7D           	ld a, l
 1968 1611              ; 179             a &= 0x01;
 1969 1611 E6 01        	and 1
 1970 1613              ; 180             if (a > 0) {
 1971 1613 B7           	or a
 1972 1614 CA 29 16     	jp z, __l_121
 1973 1617              ; 181                 a = 0;
 1974 1617 3E 00        	ld a, 0
 1975 1619              ; 182                 myCharPosX = a;
 1976 1619 32 E3 1D     	ld (mycharposx), a
 1977 161C              ; 183                 a = 0;
 1978 161C 3E 00        	ld a, 0
 1979 161E              ; 184                 myCharPosY = a;
 1980 161E 32 E4 1D     	ld (mycharposy), a
 1981 1621              ; 185                 printMyHexA(a = h);
 1982 1621 7C           	ld a, h
 1983 1622 CD 9E 1B     	call printmyhexa
 1984 1625              ; 186                 printMyHexA(a = l);
 1985 1625 7D           	ld a, l
 1986 1626 CD 9E 1B     	call printmyhexa
 1987 1629              __l_121:
 1988 1629 E1           	pop hl
 1989 162A D1           	pop de
 1990 162B C9           	ret
 1991 162C              ; 187             }
 1992 162C              ; 188         }
 1993 162C              ; 189         // В HL адрес записи, полученных данных, на диск
 1994 162C              ; 190     }
 1995 162C              ; 191 }
 1996 162C              ; 192
 1997 162C              ; 193 void NetFtpLoadFileNextParseSum() {
 1998 162C              netftploadfilenextparsesum:
 1999 162C              ; 194     push_pop(hl, bc) {
 2000 162C E5           	push hl
 2001 162D C5           	push bc
 2002 162E              ; 195         b = l;
 2003 162E 45           	ld b, l
 2004 162F              ; 196         b--;
 2005 162F 05           	dec b
 2006 1630              ; 197         hl = Net_buffer;
 2007 1630 21 CA 4E     	ld hl, net_buffer
 2008 1633              ; 198         c = 0;
 2009 1633 0E 00        	ld c, 0
 2010 1635              ; 199         do {
 2011 1635              __l_123:
 2012 1635              ; 200             a = *hl;
 2013 1635 7E           	ld a, (hl)
 2014 1636              ; 201             a += c;
 2015 1636 81           	add c
 2016 1637              ; 202             c = a;
 2017 1637 4F           	ld c, a
 2018 1638              ; 203             hl++;
 2019 1638 23           	inc hl
 2020 1639              ; 204             b--;
 2021 1639 05           	dec b
 2022 163A              __l_124:
 2023 163A              ; 205         } while ((a = b) > 0);
 2024 163A 78           	ld a, b
 2025 163B B7           	or a
 2026 163C C2 35 16     	jp nz, __l_123
 2027 163F              ; 206         a = *hl;
 2028 163F 7E           	ld a, (hl)
 2029 1640              ; 207         if (a == c) {
 2030 1640 B9           	cp c
 2031 1641 C2 4C 16     	jp nz, __l_126
 2032 1644              ; 208             a = 0x01;
 2033 1644 3E 01        	ld a, 1
 2034 1646              ; 209             NetFtpLoadFileNextParseSumState = a;
 2035 1646 32 8A 17     	ld (netftploadfilenextparsesumstate), a
 2036 1649 C3 51 16     	jp __l_127
 2037 164C              __l_126:
 2038 164C              ; 210         } else {
 2039 164C              ; 211             a = 0x00;
 2040 164C 3E 00        	ld a, 0
 2041 164E              ; 212             NetFtpLoadFileNextParseSumState = a;
 2042 164E 32 8A 17     	ld (netftploadfilenextparsesumstate), a
 2043 1651              __l_127:
 2044 1651              ; 213         }
 2045 1651              ; 214         //-- 3 byte = byte 0x3C
 2046 1651              ; 215         hl = Net_buffer;
 2047 1651 21 CA 4E     	ld hl, net_buffer
 2048 1654              ; 216         hl++;
 2049 1654 23           	inc hl
 2050 1655              ; 217         hl++;
 2051 1655 23           	inc hl
 2052 1656              ; 218         hl++;
 2053 1656 23           	inc hl
 2054 1657              ; 219         a = *hl;
 2055 1657 7E           	ld a, (hl)
 2056 1658              ; 220         if (a != 0x3C) {
 2057 1658 FE 3C        	cp 60
 2058 165A CA 62 16     	jp z, __l_128
 2059 165D              ; 221             a = 0x00;
 2060 165D 3E 00        	ld a, 0
 2061 165F              ; 222             NetFtpLoadFileNextParseSumState = a;
 2062 165F 32 8A 17     	ld (netftploadfilenextparsesumstate), a
 2063 1662              __l_128:
 2064 1662 C1           	pop bc
 2065 1663 E1           	pop hl
 2066 1664 C9           	ret
 2067 1665              ; 223         }
 2068 1665              ; 224     }
 2069 1665              ; 225 }
 2070 1665              ; 226
 2071 1665              ; 227 void NetGetAllStatusParse() {
 2072 1665              netgetallstatusparse:
 2073 1665              ; 228     if ((a = l) > 0) {
 2074 1665 7D           	ld a, l
 2075 1666 B7           	or a
 2076 1667 CA 88 16     	jp z, __l_130
 2077 166A              ; 229         NetGetAllStatusParseSum();
 2078 166A CD 89 16     	call netgetallstatusparsesum
 2079 166D              ; 230         if ((a = NetGetAllStatusParseSumState) == 1) {
 2080 166D 3A 85 17     	ld a, (netgetallstatusparsesumstate)
 2081 1670 FE 01        	cp 1
 2082 1672 C2 88 16     	jp nz, __l_132
 2083 1675              ; 231             hl = Net_buffer;
 2084 1675 21 CA 4E     	ld hl, net_buffer
 2085 1678              ; 232             //-- 0x3C
 2086 1678              ; 233             hl++;
 2087 1678 23           	inc hl
 2088 1679              ; 234             //-- WIFIflag
 2089 1679              ; 235             ThreadsNetSetWiFiStateA(a = *hl);
 2090 1679 7E           	ld a, (hl)
 2091 167A CD 64 26     	call threadsnetsetwifistatea
 2092 167D              ; 236             hl++;
 2093 167D 23           	inc hl
 2094 167E              ; 237             //-- FtpConnected
 2095 167E              ; 238             ThreadsNetSetFtpStateA(a = *hl);
 2096 167E 7E           	ld a, (hl)
 2097 167F CD 03 27     	call threadsnetsetftpstatea
 2098 1682              ; 239             hl++;
 2099 1682 23           	inc hl
 2100 1683              ; 240             //-- espError
 2101 1683              ; 241             ESPErrorParserA(a = *hl);
 2102 1683 7E           	ld a, (hl)
 2103 1684 CD 4F 45     	call esperrorparsera
 2104 1687              ; 242             hl++;
 2105 1687 23           	inc hl
 2106 1688              __l_132:
 2107 1688              __l_130:
 2108 1688 C9           	ret
 2109 1689              ; 243         }
 2110 1689              ; 244     }
 2111 1689              ; 245 }
 2112 1689              ; 246
 2113 1689              ; 247 void NetGetAllStatusParseSum() {
 2114 1689              netgetallstatusparsesum:
 2115 1689              ; 248     push_pop(hl, bc) {
 2116 1689 E5           	push hl
 2117 168A C5           	push bc
 2118 168B              ; 249         b = l;
 2119 168B 45           	ld b, l
 2120 168C              ; 250         b--;
 2121 168C 05           	dec b
 2122 168D              ; 251         hl = Net_buffer;
 2123 168D 21 CA 4E     	ld hl, net_buffer
 2124 1690              ; 252         c = 0;
 2125 1690 0E 00        	ld c, 0
 2126 1692              ; 253         a = *hl;
 2127 1692 7E           	ld a, (hl)
 2128 1693              ; 254         if (a == 0x3C) {
 2129 1693 FE 3C        	cp 60
 2130 1695 C2 B7 16     	jp nz, __l_134
 2131 1698              ; 255             do {
 2132 1698              __l_136:
 2133 1698              ; 256                 a = *hl;
 2134 1698 7E           	ld a, (hl)
 2135 1699              ; 257                 a += c;
 2136 1699 81           	add c
 2137 169A              ; 258                 c = a;
 2138 169A 4F           	ld c, a
 2139 169B              ; 259                 hl++;
 2140 169B 23           	inc hl
 2141 169C              ; 260                 b--;
 2142 169C 05           	dec b
 2143 169D              __l_137:
 2144 169D              ; 261             } while ((a = b) > 0);
 2145 169D 78           	ld a, b
 2146 169E B7           	or a
 2147 169F C2 98 16     	jp nz, __l_136
 2148 16A2              ; 262             a = *hl;
 2149 16A2 7E           	ld a, (hl)
 2150 16A3              ; 263             if (a == c) {
 2151 16A3 B9           	cp c
 2152 16A4 C2 AF 16     	jp nz, __l_139
 2153 16A7              ; 264                 a = 0x01;
 2154 16A7 3E 01        	ld a, 1
 2155 16A9              ; 265                 NetGetAllStatusParseSumState = a;
 2156 16A9 32 85 17     	ld (netgetallstatusparsesumstate), a
 2157 16AC C3 B4 16     	jp __l_140
 2158 16AF              __l_139:
 2159 16AF              ; 266             } else {
 2160 16AF              ; 267                 a = 0x00;
 2161 16AF 3E 00        	ld a, 0
 2162 16B1              ; 268                 NetGetAllStatusParseSumState = a;
 2163 16B1 32 85 17     	ld (netgetallstatusparsesumstate), a
 2164 16B4              __l_140:
 2165 16B4 C3 BC 16     	jp __l_135
 2166 16B7              __l_134:
 2167 16B7              ; 269             }
 2168 16B7              ; 270         } else {
 2169 16B7              ; 271             a = 0x00;
 2170 16B7 3E 00        	ld a, 0
 2171 16B9              ; 272             NetGetAllStatusParseSumState = a;
 2172 16B9 32 85 17     	ld (netgetallstatusparsesumstate), a
 2173 16BC              __l_135:
 2174 16BC C1           	pop bc
 2175 16BD E1           	pop hl
 2176 16BE C9           	ret
 2177 16BF              ; 273         }
 2178 16BF              ; 274     }
 2179 16BF              ; 275 }
 2180 16BF              ; 276
 2181 16BF              ; 277 /// HL - point Str
 2182 16BF              ; 278 /// B - Len Str
 2183 16BF              ; 279 /// C - Len buffer
 2184 16BF              ; 280 void ParserBufferSumToHL() {
 2185 16BF              parserbuffersumtohl:
 2186 16BF              ; 281     ParserBufferSumToHLSum();
 2187 16BF CD 3E 17     	call parserbuffersumtohlsum
 2188 16C2              ; 282     if ((a = ParserBufferSumToHLSumState) == 1) {
 2189 16C2 3A 84 17     	ld a, (parserbuffersumtohlsumstate)
 2190 16C5 FE 01        	cp 1
 2191 16C7 C2 ED 16     	jp nz, __l_141
 2192 16CA              ; 283         push_pop(hl, bc, de) {
 2193 16CA E5           	push hl
 2194 16CB C5           	push bc
 2195 16CC D5           	push de
 2196 16CD              ; 284             de = Net_buffer;
 2197 16CD 11 CA 4E     	ld de, net_buffer
 2198 16D0              ; 285             c--;
 2199 16D0 0D           	dec c
 2200 16D1              ; 286             c--;
 2201 16D1 0D           	dec c
 2202 16D2              ; 287             do {
 2203 16D2              __l_143:
 2204 16D2              ; 288                 if ((a = c) > 0) {
 2205 16D2 79           	ld a, c
 2206 16D3 B7           	or a
 2207 16D4 CA DE 16     	jp z, __l_146
 2208 16D7              ; 289                     a = *de;
 2209 16D7 1A           	ld a, (de)
 2210 16D8              ; 290                     *hl = a;
 2211 16D8 77           	ld (hl), a
 2212 16D9              ; 291                     de++;
 2213 16D9 13           	inc de
 2214 16DA              ; 292                     c--;
 2215 16DA 0D           	dec c
 2216 16DB C3 E0 16     	jp __l_147
 2217 16DE              __l_146:
 2218 16DE              ; 293                 } else {
 2219 16DE              ; 294                     *hl = 0;
 2220 16DE 36 00        	ld (hl), 0
 2221 16E0              __l_147:
 2222 16E0              ; 295                 }
 2223 16E0              ; 296                 hl++;
 2224 16E0 23           	inc hl
 2225 16E1              ; 297                 b--;
 2226 16E1 05           	dec b
 2227 16E2              __l_144:
 2228 16E2              ; 298             } while ((a = b) > 0);
 2229 16E2 78           	ld a, b
 2230 16E3 B7           	or a
 2231 16E4 C2 D2 16     	jp nz, __l_143
 2232 16E7 D1           	pop de
 2233 16E8 C1           	pop bc
 2234 16E9 E1           	pop hl
 2235 16EA C3 ED 16     	jp __l_142
 2236 16ED              __l_141:
 2237 16ED              ; 299         }
 2238 16ED              ; 300     } else {
 2239 16ED              __l_142:
 2240 16ED C9           	ret
 2241 16EE              ; 301         //ParserBufferErrorSumShow();
 2242 16EE              ; 302     }
 2243 16EE              ; 303 }
 2244 16EE              ; 304
 2245 16EE              ; 305 void ParserBufferErrorSumShow() {
 2246 16EE              parserbuffererrorsumshow:
 2247 16EE              ; 306     push_pop(hl, bc) {
 2248 16EE E5           	push hl
 2249 16EF C5           	push bc
 2250 16F0              ; 307         //Show Len Buffer
 2251 16F0              ; 308         a = 0;
 2252 16F0 3E 00        	ld a, 0
 2253 16F2              ; 309         myCharPosX = a;
 2254 16F2 32 E3 1D     	ld (mycharposx), a
 2255 16F5              ; 310         a = 0;
 2256 16F5 3E 00        	ld a, 0
 2257 16F7              ; 311         myCharPosY = a;
 2258 16F7 32 E4 1D     	ld (mycharposy), a
 2259 16FA              ; 312         printMyHexA(a = c);
 2260 16FA 79           	ld a, c
 2261 16FB CD 9E 1B     	call printmyhexa
 2262 16FE              ; 313         //-- Buffer
 2263 16FE              ; 314         a = 0;
 2264 16FE 3E 00        	ld a, 0
 2265 1700              ; 315         myCharPosX = a;
 2266 1700 32 E3 1D     	ld (mycharposx), a
 2267 1703              ; 316         a = 1;
 2268 1703 3E 01        	ld a, 1
 2269 1705              ; 317         myCharPosY = a;
 2270 1705 32 E4 1D     	ld (mycharposy), a
 2271 1708              ; 318         hl = Net_buffer;
 2272 1708 21 CA 4E     	ld hl, net_buffer
 2273 170B              ; 319         c--; //
 2274 170B 0D           	dec c
 2275 170C              ; 320         b = 0;
 2276 170C 06 00        	ld b, 0
 2277 170E              ; 321         do {
 2278 170E              __l_148:
 2279 170E              ; 322             a = *hl;
 2280 170E 7E           	ld a, (hl)
 2281 170F              ; 323             a += b;
 2282 170F 80           	add b
 2283 1710              ; 324             b = a;
 2284 1710 47           	ld b, a
 2285 1711              ; 325             //-- Show
 2286 1711              ; 326             printMyHexA(a = *hl);
 2287 1711 7E           	ld a, (hl)
 2288 1712 CD 9E 1B     	call printmyhexa
 2289 1715              ; 327             printMyCharA(a = 0x20);
 2290 1715 3E 20        	ld a, 32
 2291 1717 CD 4E 1C     	call printmychara
 2292 171A              ; 328             //--
 2293 171A              ; 329             hl++;
 2294 171A 23           	inc hl
 2295 171B              ; 330             c--;
 2296 171B 0D           	dec c
 2297 171C              __l_149:
 2298 171C              ; 331         } while ((a = c) > 0);
 2299 171C 79           	ld a, c
 2300 171D B7           	or a
 2301 171E C2 0E 17     	jp nz, __l_148
 2302 1721              ; 332         printMyHexA(a = *hl);
 2303 1721 7E           	ld a, (hl)
 2304 1722 CD 9E 1B     	call printmyhexa
 2305 1725              ; 333         printMyCharA(a = 0x20);
 2306 1725 3E 20        	ld a, 32
 2307 1727 CD 4E 1C     	call printmychara
 2308 172A              ; 334         //-- SUM
 2309 172A              ; 335         a = 0;
 2310 172A 3E 00        	ld a, 0
 2311 172C              ; 336         myCharPosX = a;
 2312 172C 32 E3 1D     	ld (mycharposx), a
 2313 172F              ; 337         a = 3;
 2314 172F 3E 03        	ld a, 3
 2315 1731              ; 338         myCharPosY = a;
 2316 1731 32 E4 1D     	ld (mycharposy), a
 2317 1734              ; 339         printMyHexA(a = b);
 2318 1734 78           	ld a, b
 2319 1735 CD 9E 1B     	call printmyhexa
 2320 1738              ; 340         //--
 2321 1738              ; 341         for(;;){}
 2322 1738              __l_152:
 2323 1738 C3 38 17     	jp __l_152
 2324 173B C1           	pop bc
 2325 173C E1           	pop hl
 2326 173D C9           	ret
 2327 173E              ; 342     }
 2328 173E              ; 343 }
 2329 173E              ; 344
 2330 173E              ; 345 void ParserBufferSumToHLSum() {
 2331 173E              parserbuffersumtohlsum:
 2332 173E              ; 346     push_pop(hl, bc) {
 2333 173E E5           	push hl
 2334 173F C5           	push bc
 2335 1740              ; 347         if ((a = c) >= 3) {
 2336 1740 79           	ld a, c
 2337 1741 FE 03        	cp 3
 2338 1743 DA 7C 17     	jp c, __l_154
 2339 1746              ; 348             b = c;
 2340 1746 41           	ld b, c
 2341 1747              ; 349             b--;
 2342 1747 05           	dec b
 2343 1748              ; 350             c = 0;
 2344 1748 0E 00        	ld c, 0
 2345 174A              ; 351             hl = Net_buffer;
 2346 174A 21 CA 4E     	ld hl, net_buffer
 2347 174D              ; 352             do {
 2348 174D              __l_156:
 2349 174D              ; 353                 a = *hl;
 2350 174D 7E           	ld a, (hl)
 2351 174E              ; 354                 a += c;
 2352 174E 81           	add c
 2353 174F              ; 355                 c = a;
 2354 174F 4F           	ld c, a
 2355 1750              ; 356                 hl++;
 2356 1750 23           	inc hl
 2357 1751              ; 357                 b--;
 2358 1751 05           	dec b
 2359 1752              __l_157:
 2360 1752              ; 358             } while ((a = b) > 0);
 2361 1752 78           	ld a, b
 2362 1753 B7           	or a
 2363 1754 C2 4D 17     	jp nz, __l_156
 2364 1757              ; 359             // 3C
 2365 1757              ; 360             hl--;
 2366 1757 2B           	dec hl
 2367 1758              ; 361             a = *hl;
 2368 1758 7E           	ld a, (hl)
 2369 1759              ; 362             if (a == 0x3C) {
 2370 1759 FE 3C        	cp 60
 2371 175B C2 74 17     	jp nz, __l_159
 2372 175E              ; 363                 hl++;
 2373 175E 23           	inc hl
 2374 175F              ; 364                 // SUM
 2375 175F              ; 365                 a = *hl;
 2376 175F 7E           	ld a, (hl)
 2377 1760              ; 366                 if (a == c) {
 2378 1760 B9           	cp c
 2379 1761 C2 6C 17     	jp nz, __l_161
 2380 1764              ; 367                     a = 1;
 2381 1764 3E 01        	ld a, 1
 2382 1766              ; 368                     ParserBufferSumToHLSumState = a;
 2383 1766 32 84 17     	ld (parserbuffersumtohlsumstate), a
 2384 1769 C3 71 17     	jp __l_162
 2385 176C              __l_161:
 2386 176C              ; 369                 } else {
 2387 176C              ; 370                     a = 0;
 2388 176C 3E 00        	ld a, 0
 2389 176E              ; 371                     ParserBufferSumToHLSumState = a;
 2390 176E 32 84 17     	ld (parserbuffersumtohlsumstate), a
 2391 1771              __l_162:
 2392 1771 C3 79 17     	jp __l_160
 2393 1774              __l_159:
 2394 1774              ; 372                 }
 2395 1774              ; 373             } else {
 2396 1774              ; 374                 a = 0;
 2397 1774 3E 00        	ld a, 0
 2398 1776              ; 375                 ParserBufferSumToHLSumState = a;
 2399 1776 32 84 17     	ld (parserbuffersumtohlsumstate), a
 2400 1779              __l_160:
 2401 1779 C3 81 17     	jp __l_155
 2402 177C              __l_154:
 2403 177C              ; 376             }
 2404 177C              ; 377         } else {
 2405 177C              ; 378             a = 0;
 2406 177C 3E 00        	ld a, 0
 2407 177E              ; 379             ParserBufferSumToHLSumState = a;
 2408 177E 32 84 17     	ld (parserbuffersumtohlsumstate), a
 2409 1781              __l_155:
 2410 1781 C1           	pop bc
 2411 1782 E1           	pop hl
 2412 1783 C9           	ret
 2413 1784              ; 380         }
 2414 1784              ; 381     }
 2415 1784              ; 382 }
 2416 1784              ; 383
 2417 1784              ; 384 uint8_t ParserBufferSumToHLSumState = 0;
 2418 1784              parserbuffersumtohlsumstate:
 2419 1784 00           	db 0
 2420 1785              ; 385 uint8_t NetGetAllStatusParseSumState = 0;
 2421 1785              netgetallstatusparsesumstate:
 2422 1785 00           	db 0
 2423 1786              ; 386 uint16_t NetFtpLoadFileNextParseAddress = 0;
 2424 1786              netftploadfilenextparseaddress:
 2425 1786 00 00        	dw 0
 2426 1788              ; 387 uint16_t NetFtpLoadFileNextParseAddressEnd = 0;
 2427 1788              netftploadfilenextparseaddressen:
 2428 1788 00 00        	dw 0
 2429 178A              ; 388 uint8_t NetFtpLoadFileNextParseSumState = 0;
 2430 178A              netftploadfilenextparsesumstate:
 2431 178A 00           	db 0
 2432 178B              ; 389 uint8_t NetFtpListFilesParseSumState = 0;
 2433 178B              netftplistfilesparsesumstate:
 2434 178B 00           	db 0
 2435 178C              ; 12 void ParserFileUploadInit() {
 2436 178C              parserfileuploadinit:
 2437 178C              ; 13     push_pop(hl) {
 2438 178C E5           	push hl
 2439 178D              ; 14         a = DiskViewDiskNum;
 2440 178D 3A 2A 2D     	ld a, (diskviewdisknum)
 2441 1790              ; 15         ordos_wnd(); // Устанавливаем диск
 2442 1790 CD D6 BF     	call ordos_wnd
 2443 1793 E1           	pop hl
 2444 1794              ; 16     }
 2445 1794              ; 17     push_pop(hl, bc, de) {
 2446 1794 E5           	push hl
 2447 1795 C5           	push bc
 2448 1796 D5           	push de
 2449 1797              ; 18         ordos_sdma(); // уст.указ.имени
 2450 1797 CD D0 BF     	call ordos_sdma
 2451 179A              ; 19         ordos_pscf(); // a = 1 файл найден HL - адрес стоп-байта
 2452 179A CD E5 BF     	call ordos_pscf
 2453 179D              ; 20         c = a;
 2454 179D 4F           	ld c, a
 2455 179E              ; 21         if ((a = c) == 0xFF) {
 2456 179E 79           	ld a, c
 2457 179F FE FF        	cp 255
 2458 17A1 C2 BB 17     	jp nz, __l_163
 2459 17A4              ; 22             ParserFileUploadStartAddress = hl;
 2460 17A4 22 F6 18     	ld (parserfileuploadstartaddress), hl
 2461 17A7              ; 23             ordos_atf(); // hl = нач.адрес файла de = конеч.адрес файла
 2462 17A7 CD CD BF     	call ordos_atf
 2463 17AA              ; 24             hl = ParserFileUploadStartAddress;
 2464 17AA 2A F6 18     	ld hl, (parserfileuploadstartaddress)
 2465 17AD              ; 25             ParserFileDESubHL();
 2466 17AD CD EF 18     	call parserfiledesubhl
 2467 17B0              ; 26             h = d;
 2468 17B0 62           	ld h, d
 2469 17B1              ; 27             l = e;
 2470 17B1 6B           	ld l, e
 2471 17B2              ; 28             ParserFileUploadLen = hl;
 2472 17B2 22 F8 18     	ld (parserfileuploadlen), hl
 2473 17B5              ; 29             ParserFileUploadCount = hl;
 2474 17B5 22 FA 18     	ld (parserfileuploadcount), hl
 2475 17B8 C3 C7 17     	jp __l_164
 2476 17BB              __l_163:
 2477 17BB              ; 30         } else {
 2478 17BB              ; 31             hl = 0;
 2479 17BB 21 00 00     	ld hl, 0
 2480 17BE              ; 32             ParserFileUploadStartAddress = hl;
 2481 17BE 22 F6 18     	ld (parserfileuploadstartaddress), hl
 2482 17C1              ; 33             ParserFileUploadLen = hl;
 2483 17C1 22 F8 18     	ld (parserfileuploadlen), hl
 2484 17C4              ; 34             ParserFileUploadCount = hl;
 2485 17C4 22 FA 18     	ld (parserfileuploadcount), hl
 2486 17C7              __l_164:
 2487 17C7 D1           	pop de
 2488 17C8 C1           	pop bc
 2489 17C9 E1           	pop hl
 2490 17CA C9           	ret
 2491 17CB              ; 35         }
 2492 17CB              ; 36     }
 2493 17CB              ; 37 }
 2494 17CB              ; 38
 2495 17CB              ; 39 // Пачки по 16 байт
 2496 17CB              ; 40 // b - sum, bb - len, b - isEnd
 2497 17CB              ; 41 void ParserFileUploadCreateBuffer() {
 2498 17CB              parserfileuploadcreatebuffer:
 2499 17CB              ; 42     push_pop(hl, de, bc) {
 2500 17CB E5           	push hl
 2501 17CC D5           	push de
 2502 17CD C5           	push bc
 2503 17CE              ; 43         a = DiskViewDiskNum;
 2504 17CE 3A 2A 2D     	ld a, (diskviewdisknum)
 2505 17D1              ; 44         ordos_wnd(); // Устанавливаем диск
 2506 17D1 CD D6 BF     	call ordos_wnd
 2507 17D4              ; 45         de = Net_buffer;
 2508 17D4 11 CA 4E     	ld de, net_buffer
 2509 17D7              ; 46         hl = ParserFileUploadStartAddress;
 2510 17D7 2A F6 18     	ld hl, (parserfileuploadstartaddress)
 2511 17DA              ; 47         b = 16;
 2512 17DA 06 10        	ld b, 16
 2513 17DC              ; 48         c = 0;
 2514 17DC 0E 00        	ld c, 0
 2515 17DE              ; 49         do {
 2516 17DE              __l_165:
 2517 17DE              ; 50             ordos_rdisk();
 2518 17DE CD DC BF     	call ordos_rdisk
 2519 17E1              ; 51             *de = a;
 2520 17E1 12           	ld (de), a
 2521 17E2              ; 52             a += c;
 2522 17E2 81           	add c
 2523 17E3              ; 53             c = a;
 2524 17E3 4F           	ld c, a
 2525 17E4              ; 54             hl++;
 2526 17E4 23           	inc hl
 2527 17E5              ; 55             de++;
 2528 17E5 13           	inc de
 2529 17E6              ; 56             b--;
 2530 17E6 05           	dec b
 2531 17E7              __l_166:
 2532 17E7              ; 57         } while ((a = b) > 0);
 2533 17E7 78           	ld a, b
 2534 17E8 B7           	or a
 2535 17E9 C2 DE 17     	jp nz, __l_165
 2536 17EC              ; 58         //-- SUM
 2537 17EC              ; 59         a = c;
 2538 17EC 79           	ld a, c
 2539 17ED              ; 60         *de = a;
 2540 17ED 12           	ld (de), a
 2541 17EE              ; 61         de++;
 2542 17EE 13           	inc de
 2543 17EF              ; 62         //-- LEN
 2544 17EF              ; 63         hl = ParserFileUploadLen;
 2545 17EF 2A F8 18     	ld hl, (parserfileuploadlen)
 2546 17F2              ; 64         a = l;
 2547 17F2 7D           	ld a, l
 2548 17F3              ; 65         *de = a;
 2549 17F3 12           	ld (de), a
 2550 17F4              ; 66         de++;
 2551 17F4 13           	inc de
 2552 17F5              ; 67         a = h;
 2553 17F5 7C           	ld a, h
 2554 17F6              ; 68         *de = a;
 2555 17F6 12           	ld (de), a
 2556 17F7              ; 69         de++;
 2557 17F7 13           	inc de
 2558 17F8              ; 70         //-- IsEnd
 2559 17F8              ; 71         hl = ParserFileUploadCount;
 2560 17F8 2A FA 18     	ld hl, (parserfileuploadcount)
 2561 17FB              ; 72         c = 0;
 2562 17FB 0E 00        	ld c, 0
 2563 17FD              ; 73         if ((a = h) == 0) {
 2564 17FD 7C           	ld a, h
 2565 17FE B7           	or a
 2566 17FF C2 0A 18     	jp nz, __l_168
 2567 1802              ; 74             if ( (a = l) < 17 ) {
 2568 1802 7D           	ld a, l
 2569 1803 FE 11        	cp 17
 2570 1805 D2 0A 18     	jp nc, __l_170
 2571 1808              ; 75                 c = 1;
 2572 1808 0E 01        	ld c, 1
 2573 180A              __l_170:
 2574 180A              __l_168:
 2575 180A              ; 76             }
 2576 180A              ; 77         }
 2577 180A              ; 78         a = c;
 2578 180A 79           	ld a, c
 2579 180B              ; 79         *de = a;
 2580 180B 12           	ld (de), a
 2581 180C C1           	pop bc
 2582 180D D1           	pop de
 2583 180E E1           	pop hl
 2584 180F C9           	ret
 2585 1810              ; 80     }
 2586 1810              ; 81 }
 2587 1810              ; 82
 2588 1810              ; 83 // b = 0x3C, b = isCorrect, b = progress, b = sum
 2589 1810              ; 84 // Вых [A] - 1 - дальше. 0 - выход
 2590 1810              ; 85 void ParserFileUploadParse() {
 2591 1810              parserfileuploadparse:
 2592 1810              ; 86     ParserFileUploadParseSum();
 2593 1810 CD 69 18     	call parserfileuploadparsesum
 2594 1813              ; 87     if (a == 1) {
 2595 1813 FE 01        	cp 1
 2596 1815 C2 66 18     	jp nz, __l_172
 2597 1818              ; 88         push_pop(hl, de, bc) {
 2598 1818 E5           	push hl
 2599 1819 D5           	push de
 2600 181A C5           	push bc
 2601 181B              ; 89             de = Net_buffer;
 2602 181B 11 CA 4E     	ld de, net_buffer
 2603 181E              ; 90             de++;
 2604 181E 13           	inc de
 2605 181F              ; 91             a = *de;
 2606 181F 1A           	ld a, (de)
 2607 1820              ; 92             if (a == 1) {
 2608 1820 FE 01        	cp 1
 2609 1822 C2 5E 18     	jp nz, __l_174
 2610 1825              ; 93                 // Отправить прогресс
 2611 1825              ; 94                 de++;
 2612 1825 13           	inc de
 2613 1826              ; 95                 a = ParserFileUploadProgress;
 2614 1826 3A FC 18     	ld a, (parserfileuploadprogress)
 2615 1829              ; 96                 b = a;
 2616 1829 47           	ld b, a
 2617 182A              ; 97                 a = *de;
 2618 182A 1A           	ld a, (de)
 2619 182B              ; 98                 if (a != b) {
 2620 182B B8           	cp b
 2621 182C CA 35 18     	jp z, __l_176
 2622 182F              ; 99                     ParserFileUploadProgress = a;
 2623 182F 32 FC 18     	ld (parserfileuploadprogress), a
 2624 1832              ; 100                     LoadViewShowProgressA(); //a = *de;
 2625 1832 CD 65 39     	call loadviewshowprogressa
 2626 1835              __l_176:
 2627 1835              ; 101                 }
 2628 1835              ; 102                 // Следующий шаг отправки
 2629 1835              ; 103                 hl = ParserFileUploadStartAddress;
 2630 1835 2A F6 18     	ld hl, (parserfileuploadstartaddress)
 2631 1838              ; 104                 bc = 16;
 2632 1838 01 10 00     	ld bc, 16
 2633 183B              ; 105                 hl += bc;
 2634 183B 09           	add hl, bc
 2635 183C              ; 106                 ParserFileUploadStartAddress = hl; // Новый адрес чтения
 2636 183C 22 F6 18     	ld (parserfileuploadstartaddress), hl
 2637 183F              ; 107                 hl = ParserFileUploadCount;
 2638 183F 2A FA 18     	ld hl, (parserfileuploadcount)
 2639 1842              ; 108                 bc = 0xFFF0;
 2640 1842 01 F0 FF     	ld bc, 65520
 2641 1845              ; 109                 hl += bc;
 2642 1845 09           	add hl, bc
 2643 1846              ; 110                 ParserFileUploadCount = hl; // Оставшаяся длина файла
 2644 1846 22 FA 18     	ld (parserfileuploadcount), hl
 2645 1849              ; 111
 2646 1849              ; 112                 // Условие что делаем дальше...
 2647 1849              ; 113                 c = 1;
 2648 1849 0E 01        	ld c, 1
 2649 184B              ; 114                 hl = ParserFileUploadCount;
 2650 184B 2A FA 18     	ld hl, (parserfileuploadcount)
 2651 184E              ; 115                 if ((a = h) == 0) {
 2652 184E 7C           	ld a, h
 2653 184F B7           	or a
 2654 1850 C2 5A 18     	jp nz, __l_178
 2655 1853              ; 116                     if ((a = l) == 0) {
 2656 1853 7D           	ld a, l
 2657 1854 B7           	or a
 2658 1855 C2 5A 18     	jp nz, __l_180
 2659 1858              ; 117                         c = 0; // СТОП!
 2660 1858 0E 00        	ld c, 0
 2661 185A              __l_180:
 2662 185A              __l_178:
 2663 185A              ; 118                     }
 2664 185A              ; 119                 }
 2665 185A              ; 120                 a = c;
 2666 185A 79           	ld a, c
 2667 185B C3 60 18     	jp __l_175
 2668 185E              __l_174:
 2669 185E              ; 121             } else {
 2670 185E              ; 122                 a = 1; // Данные не корректны - отправляем еще раз!
 2671 185E 3E 01        	ld a, 1
 2672 1860              __l_175:
 2673 1860 C1           	pop bc
 2674 1861 D1           	pop de
 2675 1862 E1           	pop hl
 2676 1863 C3 68 18     	jp __l_173
 2677 1866              __l_172:
 2678 1866              ; 123             }
 2679 1866              ; 124         }
 2680 1866              ; 125     } else {
 2681 1866              ; 126         a = 0;
 2682 1866 3E 00        	ld a, 0
 2683 1868              __l_173:
 2684 1868 C9           	ret
 2685 1869              ; 127     }
 2686 1869              ; 128 }
 2687 1869              ; 129
 2688 1869              ; 130 void ParserFileUploadParseSum() {
 2689 1869              parserfileuploadparsesum:
 2690 1869              ; 131     push_pop(hl, de, bc) {
 2691 1869 E5           	push hl
 2692 186A D5           	push de
 2693 186B C5           	push bc
 2694 186C              ; 132         de = Net_buffer;
 2695 186C 11 CA 4E     	ld de, net_buffer
 2696 186F              ; 133         b = 3;
 2697 186F 06 03        	ld b, 3
 2698 1871              ; 134         c = 0;
 2699 1871 0E 00        	ld c, 0
 2700 1873              ; 135         do {
 2701 1873              __l_182:
 2702 1873              ; 136             a = *de;
 2703 1873 1A           	ld a, (de)
 2704 1874              ; 137             a += c;
 2705 1874 81           	add c
 2706 1875              ; 138             c = a;
 2707 1875 4F           	ld c, a
 2708 1876              ; 139             de++;
 2709 1876 13           	inc de
 2710 1877              ; 140             b--;
 2711 1877 05           	dec b
 2712 1878              __l_183:
 2713 1878              ; 141         } while ((a = b) > 0);
 2714 1878 78           	ld a, b
 2715 1879 B7           	or a
 2716 187A C2 73 18     	jp nz, __l_182
 2717 187D              ; 142         a = *de;
 2718 187D 1A           	ld a, (de)
 2719 187E              ; 143         if (a == c) {
 2720 187E B9           	cp c
 2721 187F C2 87 18     	jp nz, __l_185
 2722 1882              ; 144             a = 1;
 2723 1882 3E 01        	ld a, 1
 2724 1884 C3 89 18     	jp __l_186
 2725 1887              __l_185:
 2726 1887              ; 145         } else {
 2727 1887              ; 146             a = 0;
 2728 1887 3E 00        	ld a, 0
 2729 1889              __l_186:
 2730 1889 C1           	pop bc
 2731 188A D1           	pop de
 2732 188B E1           	pop hl
 2733 188C C9           	ret
 2734 188D              ; 147         }
 2735 188D              ; 148     }
 2736 188D              ; 149 }
 2737 188D              ; 150
 2738 188D              ; 151 void ParserFileDiskRequest() {
 2739 188D              parserfilediskrequest:
 2740 188D              ; 152     push_pop(de, bc) {
 2741 188D D5           	push de
 2742 188E C5           	push bc
 2743 188F              ; 153         // SUMM
 2744 188F              ; 154         c = 0;
 2745 188F 0E 00        	ld c, 0
 2746 1891              ; 155         //-- Buffer
 2747 1891              ; 156         de = Net_buffer;
 2748 1891 11 CA 4E     	ld de, net_buffer
 2749 1894              ; 157         // - init
 2750 1894              ; 158         a = 0x3C;
 2751 1894 3E 3C        	ld a, 60
 2752 1896              ; 159         *de = a;
 2753 1896 12           	ld (de), a
 2754 1897              ; 160         de++;
 2755 1897 13           	inc de
 2756 1898              ; 161         a += c;
 2757 1898 81           	add c
 2758 1899              ; 162         c = a;
 2759 1899 4F           	ld c, a
 2760 189A              ; 163         // - disk
 2761 189A              ; 164         a = DiskViewDiskNum;
 2762 189A 3A 2A 2D     	ld a, (diskviewdisknum)
 2763 189D              ; 165         *de = a;
 2764 189D 12           	ld (de), a
 2765 189E              ; 166         de++;
 2766 189E 13           	inc de
 2767 189F              ; 167         a += c;
 2768 189F 81           	add c
 2769 18A0              ; 168         c = a;
 2770 18A0 4F           	ld c, a
 2771 18A1              ; 169         // - summ
 2772 18A1              ; 170         a = c;
 2773 18A1 79           	ld a, c
 2774 18A2              ; 171         *de = a;
 2775 18A2 12           	ld (de), a
 2776 18A3 C1           	pop bc
 2777 18A4 D1           	pop de
 2778 18A5 C9           	ret
 2779 18A6              ; 172     }
 2780 18A6              ; 173 }
 2781 18A6              ; 174
 2782 18A6              ; 175 // Вых [A] - 1 - Успешно. 0 - Ошибка
 2783 18A6              ; 176 void ParserFileDiskResponse() {
 2784 18A6              parserfilediskresponse:
 2785 18A6              ; 177     ParserFileDiskResponseSum();
 2786 18A6 CD CD 18     	call parserfilediskresponsesum
 2787 18A9              ; 178     if (a == 1) {
 2788 18A9 FE 01        	cp 1
 2789 18AB C2 CA 18     	jp nz, __l_187
 2790 18AE              ; 179         push_pop(de, bc) {
 2791 18AE D5           	push de
 2792 18AF C5           	push bc
 2793 18B0              ; 180             de = Net_buffer;
 2794 18B0 11 CA 4E     	ld de, net_buffer
 2795 18B3              ; 181             // init == 0x3C
 2796 18B3              ; 182             a = *de;
 2797 18B3 1A           	ld a, (de)
 2798 18B4              ; 183             de++;
 2799 18B4 13           	inc de
 2800 18B5              ; 184             if (a == 0x3C) {
 2801 18B5 FE 3C        	cp 60
 2802 18B7 C2 C3 18     	jp nz, __l_189
 2803 18BA              ; 185                 a = *de;
 2804 18BA 1A           	ld a, (de)
 2805 18BB              ; 186                 DiskViewDiskNum = a;
 2806 18BB 32 2A 2D     	ld (diskviewdisknum), a
 2807 18BE              ; 187                 a = 1;
 2808 18BE 3E 01        	ld a, 1
 2809 18C0 C3 C5 18     	jp __l_190
 2810 18C3              __l_189:
 2811 18C3              ; 188             } else {
 2812 18C3              ; 189                 a = 0;
 2813 18C3 3E 00        	ld a, 0
 2814 18C5              __l_190:
 2815 18C5 C1           	pop bc
 2816 18C6 D1           	pop de
 2817 18C7 C3 CC 18     	jp __l_188
 2818 18CA              __l_187:
 2819 18CA              ; 190             }
 2820 18CA              ; 191         }
 2821 18CA              ; 192     } else {
 2822 18CA              ; 193         a = 0;
 2823 18CA 3E 00        	ld a, 0
 2824 18CC              __l_188:
 2825 18CC C9           	ret
 2826 18CD              ; 194     }
 2827 18CD              ; 195 }
 2828 18CD              ; 196
 2829 18CD              ; 197 void ParserFileDiskResponseSum() {
 2830 18CD              parserfilediskresponsesum:
 2831 18CD              ; 198     push_pop(de, bc) {
 2832 18CD D5           	push de
 2833 18CE C5           	push bc
 2834 18CF              ; 199         de = Net_buffer;
 2835 18CF 11 CA 4E     	ld de, net_buffer
 2836 18D2              ; 200         b = 2;
 2837 18D2 06 02        	ld b, 2
 2838 18D4              ; 201         c = 0;
 2839 18D4 0E 00        	ld c, 0
 2840 18D6              ; 202         do {
 2841 18D6              __l_191:
 2842 18D6              ; 203             a = *de;
 2843 18D6 1A           	ld a, (de)
 2844 18D7              ; 204             a += c;
 2845 18D7 81           	add c
 2846 18D8              ; 205             c = a;
 2847 18D8 4F           	ld c, a
 2848 18D9              ; 206             de++;
 2849 18D9 13           	inc de
 2850 18DA              ; 207             b--;
 2851 18DA 05           	dec b
 2852 18DB              __l_192:
 2853 18DB              ; 208         } while ((a = b) > 0);
 2854 18DB 78           	ld a, b
 2855 18DC B7           	or a
 2856 18DD C2 D6 18     	jp nz, __l_191
 2857 18E0              ; 209         a = *de;
 2858 18E0 1A           	ld a, (de)
 2859 18E1              ; 210         if (a == c) {
 2860 18E1 B9           	cp c
 2861 18E2 C2 EA 18     	jp nz, __l_194
 2862 18E5              ; 211             a = 1;
 2863 18E5 3E 01        	ld a, 1
 2864 18E7 C3 EC 18     	jp __l_195
 2865 18EA              __l_194:
 2866 18EA              ; 212         } else {
 2867 18EA              ; 213             a = 0;
 2868 18EA 3E 00        	ld a, 0
 2869 18EC              __l_195:
 2870 18EC C1           	pop bc
 2871 18ED D1           	pop de
 2872 18EE C9           	ret
 2873 18EF              ; 214         }
 2874 18EF              ; 215     }
 2875 18EF              ; 216 }
 2876 18EF              ; 217
 2877 18EF              ; 218 // DE = DE - HL
 2878 18EF              ; 219 void ParserFileDESubHL() {
 2879 18EF              parserfiledesubhl:
 2880 18EF              ; 220     a = e;  // Load low byte of E into accumulator
 2881 18EF 7B           	ld a, e
 2882 18F0              ; 221     a -= l; // Subtract low byte of L (A = E - L)
 2883 18F0 95           	sub l
 2884 18F1              ; 222     e = a;  // Store result back in E
 2885 18F1 5F           	ld e, a
 2886 18F2              ; 223
 2887 18F2              ; 224     a = d;  // Load high byte of D into accumulator
 2888 18F2 7A           	ld a, d
 2889 18F3              ; 225     carry_sub(a, h);    // Subtract high byte of DE with borrow (A = D - H - Carry)
 2890 18F3 9C           	sbc h
 2891 18F4              ; 226     d = a;  // Store result back in D
 2892 18F4 57           	ld d, a
 2893 18F5 C9           	ret
 2894 18F6              ; 227 }
 2895 18F6              ; 228
 2896 18F6              ; 229 uint16_t ParserFileUploadStartAddress = 0;
 2897 18F6              parserfileuploadstartaddress:
 2898 18F6 00 00        	dw 0
 2899 18F8              ; 230 uint16_t ParserFileUploadLen = 0;
 2900 18F8              parserfileuploadlen:
 2901 18F8 00 00        	dw 0
 2902 18FA              ; 231 uint16_t ParserFileUploadCount = 0;
 2903 18FA              parserfileuploadcount:
 2904 18FA 00 00        	dw 0
 2905 18FC              ; 232 uint8_t ParserFileUploadProgress = 0;
 2906 18FC              parserfileuploadprogress:
 2907 18FC 00           	db 0
 2908 18FD              ; 11 void WiFiSettingsViewShow() {
 2909 18FD              wifisettingsviewshow:
 2910 18FD              ; 12     push_pop(bc, hl, de) {
 2911 18FD C5           	push bc
 2912 18FE E5           	push hl
 2913 18FF D5           	push de
 2914 1900              ; 13         CurrentViewChangeAndPushIdA(a = WiFiSettingsViewId);
 2915 1900 3E 05        	ld a, 5
 2916 1902 CD 58 1E     	call currentviewchangeandpushida
 2917 1905              ; 14         //--
 2918 1905              ; 15         a = WiFiSettingsViewX;
 2919 1905 3A 2A 1B     	ld a, (wifisettingsviewx)
 2920 1908              ; 16         h = a;
 2921 1908 67           	ld h, a
 2922 1909              ; 17         a = WiFiSettingsViewY;
 2923 1909 3A 2B 1B     	ld a, (wifisettingsviewy)
 2924 190C              ; 18         l = a;
 2925 190C 6F           	ld l, a
 2926 190D              ; 19         a = WiFiSettingsViewDX;
 2927 190D 3A 2C 1B     	ld a, (wifisettingsviewdx)
 2928 1910              ; 20         d = a;
 2929 1910 57           	ld d, a
 2930 1911              ; 21         a = WiFiSettingsViewDY;
 2931 1911 3A 2D 1B     	ld a, (wifisettingsviewdy)
 2932 1914              ; 22         e = a;
 2933 1914 5F           	ld e, a
 2934 1915              ; 23         a = WiFiSettingsViewColor;
 2935 1915 3A 2E 1B     	ld a, (wifisettingsviewcolor)
 2936 1918              ; 24         c = a;
 2937 1918 4F           	ld c, a
 2938 1919              ; 25         a = vboxCLW;
 2939 1919 3E 40        	ld a, 64
 2940 191B              ; 26         a |= vboxFRM;
 2941 191B F6 20        	or 32
 2942 191D              ; 27         a |= vboxSDW;
 2943 191D F6 10        	or 16
 2944 191F              ; 28         a |= vboxSAV;
 2945 191F F6 08        	or 8
 2946 1921              ; 29         a |= vboxUMP;
 2947 1921 F6 04        	or 4
 2948 1923              ; 30         vboxOpenHLDECA();
 2949 1923 CD 86 4D     	call vboxopenhldeca
 2950 1926 D1           	pop de
 2951 1927 E1           	pop hl
 2952 1928 C1           	pop bc
 2953 1929              ; 31     }
 2954 1929              ; 32     a = 0;
 2955 1929 3E 00        	ld a, 0
 2956 192B              ; 33     WiFiSettingsViewSelectPos = a;
 2957 192B 32 30 1B     	ld (wifisettingsviewselectpos), a
 2958 192E              ; 34     WiFiSettingsViewShowTitle();
 2959 192E CD 39 19     	call wifisettingsviewshowtitle
 2960 1931              ; 35     WiFiSettingsViewShowValue();
 2961 1931 CD D0 19     	call wifisettingsviewshowvalue
 2962 1934              ; 36     WiFiSettingsViewSelectLineA(a = 1);
 2963 1934 3E 01        	ld a, 1
 2964 1936 C3 CB 1A     	jp wifisettingsviewselectlinea
 2965 1939              ; 37 }
 2966 1939              ; 38
 2967 1939              ; 39 void WiFiSettingsViewShowTitle() {
 2968 1939              wifisettingsviewshowtitle:
 2969 1939              ; 40     push_pop(hl, bc, de) {
 2970 1939 E5           	push hl
 2971 193A C5           	push bc
 2972 193B D5           	push de
 2973 193C              ; 41         // Title
 2974 193C              ; 42         a = WiFiSettingsViewX;
 2975 193C 3A 2A 1B     	ld a, (wifisettingsviewx)
 2976 193F              ; 43         a += 7;
 2977 193F C6 07        	add 7
 2978 1941              ; 44         myCharPosX = a;
 2979 1941 32 E3 1D     	ld (mycharposx), a
 2980 1944              ; 45         a = WiFiSettingsViewY;
 2981 1944 3A 2B 1B     	ld a, (wifisettingsviewy)
 2982 1947              ; 46         a += 1; //2;
 2983 1947 C6 01        	add 1
 2984 1949              ; 47         myCharPosY = a;
 2985 1949 32 E4 1D     	ld (mycharposy), a
 2986 194C              ; 48         printMyHLStr(hl = WiFiSettingsViewTitle);
 2987 194C 21 31 1B     	ld hl, wifisettingsviewtitle
 2988 194F CD ED 1B     	call printmyhlstr
 2989 1952              ; 49         // LINE!!!
 2990 1952              ; 50         a = WiFiSettingsViewX;
 2991 1952 3A 2A 1B     	ld a, (wifisettingsviewx)
 2992 1955              ; 51         a += 1;
 2993 1955 C6 01        	add 1
 2994 1957              ; 52         myCharPosX = a;
 2995 1957 32 E3 1D     	ld (mycharposx), a
 2996 195A              ; 53         a = WiFiSettingsViewY;
 2997 195A 3A 2B 1B     	ld a, (wifisettingsviewy)
 2998 195D              ; 54         a += 2;
 2999 195D C6 02        	add 2
 3000 195F              ; 55         myCharPosY = a;
 3001 195F 32 E4 1D     	ld (mycharposy), a
 3002 1962              ; 56         a = WiFiSettingsViewDX;
 3003 1962 3A 2C 1B     	ld a, (wifisettingsviewdx)
 3004 1965              ; 57         a -= 2;
 3005 1965 D6 02        	sub 2
 3006 1967              ; 58         b = a;
 3007 1967 47           	ld b, a
 3008 1968              ; 59         do {
 3009 1968              __l_196:
 3010 1968              ; 60             printMyCharA(a = 0x5F);
 3011 1968 3E 5F        	ld a, 95
 3012 196A CD 4E 1C     	call printmychara
 3013 196D              ; 61             b--;
 3014 196D 05           	dec b
 3015 196E              __l_197:
 3016 196E              ; 62         } while ((a = b) > 0);
 3017 196E 78           	ld a, b
 3018 196F B7           	or a
 3019 1970 C2 68 19     	jp nz, __l_196
 3020 1973              ; 63         // SSID
 3021 1973              ; 64         a = WiFiSettingsViewX;
 3022 1973 3A 2A 1B     	ld a, (wifisettingsviewx)
 3023 1976              ; 65         a += 2;
 3024 1976 C6 02        	add 2
 3025 1978              ; 66         b = a; // X
 3026 1978 47           	ld b, a
 3027 1979              ; 67         myCharPosX = a;
 3028 1979 32 E3 1D     	ld (mycharposx), a
 3029 197C              ; 68         a = WiFiSettingsViewY;
 3030 197C 3A 2B 1B     	ld a, (wifisettingsviewy)
 3031 197F              ; 69         a += 4;
 3032 197F C6 04        	add 4
 3033 1981              ; 70         c = a; // Y
 3034 1981 4F           	ld c, a
 3035 1982              ; 71         myCharPosY = a;
 3036 1982 32 E4 1D     	ld (mycharposy), a
 3037 1985              ; 72         printMyHLStr(hl = WiFiSettingsViewTitleSSID);
 3038 1985 21 40 1B     	ld hl, wifisettingsviewtitlessid
 3039 1988 CD ED 1B     	call printmyhlstr
 3040 198B              ; 73         // PASS
 3041 198B              ; 74         a = b;
 3042 198B 78           	ld a, b
 3043 198C              ; 75         myCharPosX = a;
 3044 198C 32 E3 1D     	ld (mycharposx), a
 3045 198F              ; 76         a = c;
 3046 198F 79           	ld a, c
 3047 1990              ; 77         a += 1;
 3048 1990 C6 01        	add 1
 3049 1992              ; 78         myCharPosY = a;
 3050 1992 32 E4 1D     	ld (mycharposy), a
 3051 1995              ; 79         printMyHLStr(hl = WiFiSettingsViewTitlePass);
 3052 1995 21 47 1B     	ld hl, wifisettingsviewtitlepass
 3053 1998 CD ED 1B     	call printmyhlstr
 3054 199B              ; 80         // MAC
 3055 199B              ; 81         a = b;
 3056 199B 78           	ld a, b
 3057 199C              ; 82         myCharPosX = a;
 3058 199C 32 E3 1D     	ld (mycharposx), a
 3059 199F              ; 83         a = c;
 3060 199F 79           	ld a, c
 3061 19A0              ; 84         a += 2;
 3062 19A0 C6 02        	add 2
 3063 19A2              ; 85         myCharPosY = a;
 3064 19A2 32 E4 1D     	ld (mycharposy), a
 3065 19A5              ; 86         printMyHLStr(hl = WiFiSettingsViewTitleMac);
 3066 19A5 21 4D 1B     	ld hl, wifisettingsviewtitlemac
 3067 19A8 CD ED 1B     	call printmyhlstr
 3068 19AB              ; 87         // OK
 3069 19AB              ; 88         d = 13;
 3070 19AB 16 0D        	ld d, 13
 3071 19AD              ; 89         e = 3;
 3072 19AD 1E 03        	ld e, 3
 3073 19AF              ; 90         a = WiFiSettingsViewX;
 3074 19AF 3A 2A 1B     	ld a, (wifisettingsviewx)
 3075 19B2              ; 91         a += 7;
 3076 19B2 C6 07        	add 7
 3077 19B4              ; 92         h = a;
 3078 19B4 67           	ld h, a
 3079 19B5              ; 93         a = c;
 3080 19B5 79           	ld a, c
 3081 19B6              ; 94         a += 4;
 3082 19B6 C6 04        	add 4
 3083 19B8              ; 95         l = a;
 3084 19B8 6F           	ld l, a
 3085 19B9              ; 96         if ((a = WiFiSettingsViewSSIDIsConnected) == 0) {
 3086 19B9 3A 5B 1B     	ld a, (wifisettingsviewssidisconnected)
 3087 19BC B7           	or a
 3088 19BD C2 C6 19     	jp nz, __l_199
 3089 19C0              ; 97             bc = WiFiSettingsViewButtonTitle;
 3090 19C0 01 53 1B     	ld bc, wifisettingsviewbuttontitle
 3091 19C3 C3 C9 19     	jp __l_200
 3092 19C6              __l_199:
 3093 19C6              ; 98         } else {
 3094 19C6              ; 99             bc = StringLocaleOK;
 3095 19C6 01 92 1F     	ld bc, stringlocaleok
 3096 19C9              __l_200:
 3097 19C9              ; 100         }
 3098 19C9              ; 101         ButtonShadowViewShow();
 3099 19C9 CD 97 22     	call buttonshadowviewshow
 3100 19CC D1           	pop de
 3101 19CD C1           	pop bc
 3102 19CE E1           	pop hl
 3103 19CF C9           	ret
 3104 19D0              ; 102     }
 3105 19D0              ; 103 }
 3106 19D0              ; 104
 3107 19D0              ; 105 void WiFiSettingsViewShowValue() {
 3108 19D0              wifisettingsviewshowvalue:
 3109 19D0              ; 106     push_pop(hl, bc) {
 3110 19D0 E5           	push hl
 3111 19D1 C5           	push bc
 3112 19D2              ; 107         // SSID
 3113 19D2              ; 108         a = WiFiSettingsViewX;
 3114 19D2 3A 2A 1B     	ld a, (wifisettingsviewx)
 3115 19D5              ; 109         a += 8;
 3116 19D5 C6 08        	add 8
 3117 19D7              ; 110         b = a; // X
 3118 19D7 47           	ld b, a
 3119 19D8              ; 111         myCharPosX = a;
 3120 19D8 32 E3 1D     	ld (mycharposx), a
 3121 19DB              ; 112         a = WiFiSettingsViewY;
 3122 19DB 3A 2B 1B     	ld a, (wifisettingsviewy)
 3123 19DE              ; 113         a += 4;
 3124 19DE C6 04        	add 4
 3125 19E0              ; 114         c = a; // Y
 3126 19E0 4F           	ld c, a
 3127 19E1              ; 115         myCharPosY = a;
 3128 19E1 32 E4 1D     	ld (mycharposy), a
 3129 19E4              ; 116         a = 18;
 3130 19E4 3E 12        	ld a, 18
 3131 19E6              ; 117         printMyHLStrLenA(hl = WiFiSettingsViewSsidValue);
 3132 19E6 21 5C 1B     	ld hl, wifisettingsviewssidvalue
 3133 19E9 CD FC 1B     	call printmyhlstrlena
 3134 19EC              ; 118         // PASS
 3135 19EC              ; 119         a = b;
 3136 19EC 78           	ld a, b
 3137 19ED              ; 120         myCharPosX = a;
 3138 19ED 32 E3 1D     	ld (mycharposx), a
 3139 19F0              ; 121         a = c;
 3140 19F0 79           	ld a, c
 3141 19F1              ; 122         a += 1;
 3142 19F1 C6 01        	add 1
 3143 19F3              ; 123         myCharPosY = a;
 3144 19F3 32 E4 1D     	ld (mycharposy), a
 3145 19F6              ; 124         a = 18;
 3146 19F6 3E 12        	ld a, 18
 3147 19F8              ; 125         printMyHLPassLenA(hl = WiFiSettingsViewPassValue);
 3148 19F8 21 6C 1B     	ld hl, wifisettingsviewpassvalue
 3149 19FB CD 24 1C     	call printmyhlpasslena
 3150 19FE              ; 126         // MAC
 3151 19FE              ; 127         a = b;
 3152 19FE 78           	ld a, b
 3153 19FF              ; 128         myCharPosX = a;
 3154 19FF 32 E3 1D     	ld (mycharposx), a
 3155 1A02              ; 129         a = c;
 3156 1A02 79           	ld a, c
 3157 1A03              ; 130         a += 2;
 3158 1A03 C6 02        	add 2
 3159 1A05              ; 131         myCharPosY = a;
 3160 1A05 32 E4 1D     	ld (mycharposy), a
 3161 1A08              ; 132         a = 18;
 3162 1A08 3E 12        	ld a, 18
 3163 1A0A              ; 133         printMyHLStrLenA(hl = WiFiSettingsViewMacValue);
 3164 1A0A 21 7C 1B     	ld hl, wifisettingsviewmacvalue
 3165 1A0D CD FC 1B     	call printmyhlstrlena
 3166 1A10 C1           	pop bc
 3167 1A11 E1           	pop hl
 3168 1A12 C9           	ret
 3169 1A13              ; 134     }
 3170 1A13              ; 135 }
 3171 1A13              ; 136
 3172 1A13              ; 137 void WiFiSettingsViewClose() {
 3173 1A13              wifisettingsviewclose:
 3174 1A13              ; 138     vboxClose();
 3175 1A13 CD 9F 4E     	call vboxclose
 3176 1A16              ; 139     CurrentViewReturn();
 3177 1A16 C3 4F 1F     	jp currentviewreturn
 3178 1A19              ; 140 }
 3179 1A19              ; 141
 3180 1A19              ; 142 void WiFiSettingsViewKeyA() {
 3181 1A19              wifisettingsviewkeya:
 3182 1A19              ; 143     push_pop(hl) {
 3183 1A19 E5           	push hl
 3184 1A1A              ; 144         l = a;
 3185 1A1A 6F           	ld l, a
 3186 1A1B              ; 145         if ((a = c) == 0) {
 3187 1A1B 79           	ld a, c
 3188 1A1C B7           	or a
 3189 1A1D C2 98 1A     	jp nz, __l_201
 3190 1A20              ; 146             if ((a = CurrentViewId) == WiFiSettingsViewId) {
 3191 1A20 3A 8F 1F     	ld a, (currentviewid)
 3192 1A23 FE 05        	cp 5
 3193 1A25 C2 98 1A     	jp nz, __l_203
 3194 1A28              ; 147                 if ((a = l) == 0x1B) { //ESC выход
 3195 1A28 7D           	ld a, l
 3196 1A29 FE 1B        	cp 27
 3197 1A2B C2 34 1A     	jp nz, __l_205
 3198 1A2E              ; 148                     WiFiSettingsViewClose();
 3199 1A2E CD 13 1A     	call wifisettingsviewclose
 3200 1A31 C3 98 1A     	jp __l_206
 3201 1A34              __l_205:
 3202 1A34              ; 149                 } else if ((a = l) == 0x0D) { // Выбор
 3203 1A34 7D           	ld a, l
 3204 1A35 FE 0D        	cp 13
 3205 1A37 C2 7F 1A     	jp nz, __l_207
 3206 1A3A              ; 150                     if ((a = WiFiSettingsViewSelectPos) == 0) { // OK
 3207 1A3A 3A 30 1B     	ld a, (wifisettingsviewselectpos)
 3208 1A3D B7           	or a
 3209 1A3E C2 57 1A     	jp nz, __l_209
 3210 1A41              ; 151                         WiFiSettingsViewClose();
 3211 1A41 CD 13 1A     	call wifisettingsviewclose
 3212 1A44              ; 152                         if ((a = WiFiSettingsViewSSIDIsConnected) == 0) {
 3213 1A44 3A 5B 1B     	ld a, (wifisettingsviewssidisconnected)
 3214 1A47 B7           	or a
 3215 1A48 C2 54 1A     	jp nz, __l_211
 3216 1A4B              ; 153                             NetWiFiConnect(); // Подключиться
 3217 1A4B CD DD 13     	call netwificonnect
 3218 1A4E              ; 154                             ThreadsTickNow(); // Обновить
 3219 1A4E CD B3 25     	call threadsticknow
 3220 1A51              ; 155                             ThreadsNetDetectError();
 3221 1A51 CD 1A 27     	call threadsnetdetecterror
 3222 1A54              __l_211:
 3223 1A54 C3 7C 1A     	jp __l_210
 3224 1A57              __l_209:
 3225 1A57              ; 156                         }
 3226 1A57              ; 157                     } else if ((a = WiFiSettingsViewSelectPos) == 1) { // Выбор SSID
 3227 1A57 3A 30 1B     	ld a, (wifisettingsviewselectpos)
 3228 1A5A FE 01        	cp 1
 3229 1A5C C2 65 1A     	jp nz, __l_213
 3230 1A5F              ; 158                         WiFiNetworksViewShow();
 3231 1A5F CD 24 3A     	call wifinetworksviewshow
 3232 1A62 C3 7C 1A     	jp __l_214
 3233 1A65              __l_213:
 3234 1A65              ; 159                     } else { // Переход в редактирование
 3235 1A65              ; 160                         WiFiSettingsViewByPosBoxValue();
 3236 1A65 CD AE 1A     	call wifisettingsviewbyposboxvalue
 3237 1A68              ; 161                         WiFiSettingsViewByPosValue();
 3238 1A68 CD 9A 1A     	call wifisettingsviewbyposvalue
 3239 1A6B              ; 162                         EditFieldViewShow();
 3240 1A6B CD 37 23     	call editfieldviewshow
 3241 1A6E              ; 163                         if (a == 1) { // что то изменилось
 3242 1A6E FE 01        	cp 1
 3243 1A70 C2 7C 1A     	jp nz, __l_215
 3244 1A73              ; 164                             #ifdef _IS_SIMULATOR
 3245 1A73              ; 165
 3246 1A73              ; 166                             #else
 3247 1A73              ; 167                                 ThreadsNetPasswordUpdate();
 3248 1A73 CD 43 26     	call threadsnetpasswordupdate
 3249 1A76              ; 168                             #endif
 3250 1A76              ; 169                             WiFiSettingsViewShowValue();
 3251 1A76 CD D0 19     	call wifisettingsviewshowvalue
 3252 1A79              ; 170                             WifiStateViewShowValue();
 3253 1A79 CD A8 27     	call wifistateviewshowvalue
 3254 1A7C              __l_215:
 3255 1A7C              __l_214:
 3256 1A7C              __l_210:
 3257 1A7C C3 98 1A     	jp __l_208
 3258 1A7F              __l_207:
 3259 1A7F              ; 171                         }
 3260 1A7F              ; 172                     }
 3261 1A7F              ; 173                 } else if ((a = l) == 0x1A) { //down
 3262 1A7F 7D           	ld a, l
 3263 1A80 FE 1A        	cp 26
 3264 1A82 C2 8D 1A     	jp nz, __l_217
 3265 1A85              ; 174                     WiFiSettingsViewPosUpdateA(a = 0x01);
 3266 1A85 3E 01        	ld a, 1
 3267 1A87 CD F6 1A     	call wifisettingsviewposupdatea
 3268 1A8A C3 98 1A     	jp __l_218
 3269 1A8D              __l_217:
 3270 1A8D              ; 175                 } else if ((a = l) == 0x19) { //up
 3271 1A8D 7D           	ld a, l
 3272 1A8E FE 19        	cp 25
 3273 1A90 C2 98 1A     	jp nz, __l_219
 3274 1A93              ; 176                     WiFiSettingsViewPosUpdateA(a = 0xFF);
 3275 1A93 3E FF        	ld a, 255
 3276 1A95 CD F6 1A     	call wifisettingsviewposupdatea
 3277 1A98              __l_219:
 3278 1A98              __l_218:
 3279 1A98              __l_208:
 3280 1A98              __l_206:
 3281 1A98              __l_203:
 3282 1A98              __l_201:
 3283 1A98 E1           	pop hl
 3284 1A99 C9           	ret
 3285 1A9A              ; 177                 }
 3286 1A9A              ; 178             }
 3287 1A9A              ; 179         }
 3288 1A9A              ; 180     }
 3289 1A9A              ; 181 }
 3290 1A9A              ; 182
 3291 1A9A              ; 183 /// вых [BC] -
 3292 1A9A              ; 184 void WiFiSettingsViewByPosValue() {
 3293 1A9A              wifisettingsviewbyposvalue:
 3294 1A9A              ; 185     push_pop(hl) {
 3295 1A9A E5           	push hl
 3296 1A9B              ; 186         if ((a = WiFiSettingsViewSelectPos) == 2) {
 3297 1A9B 3A 30 1B     	ld a, (wifisettingsviewselectpos)
 3298 1A9E FE 02        	cp 2
 3299 1AA0 C2 A9 1A     	jp nz, __l_221
 3300 1AA3              ; 187             bc = WiFiSettingsViewPassValue;
 3301 1AA3 01 6C 1B     	ld bc, wifisettingsviewpassvalue
 3302 1AA6 C3 AC 1A     	jp __l_222
 3303 1AA9              __l_221:
 3304 1AA9              ; 188         } else {
 3305 1AA9              ; 189             bc = 0;
 3306 1AA9 01 00 00     	ld bc, 0
 3307 1AAC              __l_222:
 3308 1AAC E1           	pop hl
 3309 1AAD C9           	ret
 3310 1AAE              ; 190         }
 3311 1AAE              ; 191     }
 3312 1AAE              ; 192 }
 3313 1AAE              ; 193
 3314 1AAE              ; 194 /// вых [HL] -
 3315 1AAE              ; 195 /// вых [DE]-
 3316 1AAE              ; 196 void WiFiSettingsViewByPosBoxValue() {
 3317 1AAE              wifisettingsviewbyposboxvalue:
 3318 1AAE              ; 197     push_pop(bc) {
 3319 1AAE C5           	push bc
 3320 1AAF              ; 198         // HL
 3321 1AAF              ; 199         a = WiFiSettingsViewSelectPos;
 3322 1AAF 3A 30 1B     	ld a, (wifisettingsviewselectpos)
 3323 1AB2              ; 200         b = a;
 3324 1AB2 47           	ld b, a
 3325 1AB3              ; 201         a = WiFiSettingsViewY;
 3326 1AB3 3A 2B 1B     	ld a, (wifisettingsviewy)
 3327 1AB6              ; 202         a += 3;
 3328 1AB6 C6 03        	add 3
 3329 1AB8              ; 203         a += b;
 3330 1AB8 80           	add b
 3331 1AB9              ; 204         l = a;
 3332 1AB9 6F           	ld l, a
 3333 1ABA              ; 205         a = WiFiSettingsViewX;
 3334 1ABA 3A 2A 1B     	ld a, (wifisettingsviewx)
 3335 1ABD              ; 206         a += 7;
 3336 1ABD C6 07        	add 7
 3337 1ABF              ; 207         h = a;
 3338 1ABF 67           	ld h, a
 3339 1AC0              ; 208         // DE
 3340 1AC0              ; 209         a = WiFiSettingsViewDX;
 3341 1AC0 3A 2C 1B     	ld a, (wifisettingsviewdx)
 3342 1AC3              ; 210         a -= 8;
 3343 1AC3 D6 08        	sub 8
 3344 1AC5              ; 211         d = a;
 3345 1AC5 57           	ld d, a
 3346 1AC6              ; 212         a = 1;
 3347 1AC6 3E 01        	ld a, 1
 3348 1AC8              ; 213         e = a;
 3349 1AC8 5F           	ld e, a
 3350 1AC9 C1           	pop bc
 3351 1ACA C9           	ret
 3352 1ACB              ; 214     }
 3353 1ACB              ; 215 }
 3354 1ACB              ; 216
 3355 1ACB              ; 217 /// Рисование линии прямым или инверсным цветом
 3356 1ACB              ; 218 /// 0 - прямой
 3357 1ACB              ; 219 /// 1 - инверсный
 3358 1ACB              ; 220 void WiFiSettingsViewSelectLineA() {
 3359 1ACB              wifisettingsviewselectlinea:
 3360 1ACB              ; 221     push_pop(bc, hl) {
 3361 1ACB C5           	push bc
 3362 1ACC E5           	push hl
 3363 1ACD              ; 222         c = a;
 3364 1ACD 4F           	ld c, a
 3365 1ACE              ; 223         // 0 - Button
 3366 1ACE              ; 224         if ((a = WiFiSettingsViewSelectPos) == 0) {
 3367 1ACE 3A 30 1B     	ld a, (wifisettingsviewselectpos)
 3368 1AD1 B7           	or a
 3369 1AD2 C2 DC 1A     	jp nz, __l_223
 3370 1AD5              ; 225             ButtonShadowViewSelectA(a = c);
 3371 1AD5 79           	ld a, c
 3372 1AD6 CD C0 22     	call buttonshadowviewselecta
 3373 1AD9 C3 F3 1A     	jp __l_224
 3374 1ADC              __l_223:
 3375 1ADC              ; 226         } else {
 3376 1ADC              ; 227             WiFiSettingsViewByPosBoxValue();
 3377 1ADC CD AE 1A     	call wifisettingsviewbyposboxvalue
 3378 1ADF              ; 228             // C
 3379 1ADF              ; 229             if ((a = c) == 0) {
 3380 1ADF 79           	ld a, c
 3381 1AE0 B7           	or a
 3382 1AE1 C2 EA 1A     	jp nz, __l_225
 3383 1AE4              ; 230                 a = WiFiSettingsViewColor;
 3384 1AE4 3A 2E 1B     	ld a, (wifisettingsviewcolor)
 3385 1AE7 C3 ED 1A     	jp __l_226
 3386 1AEA              __l_225:
 3387 1AEA              ; 231             } else {
 3388 1AEA              ; 232                 a = WiFiSettingsViewInvColor;
 3389 1AEA 3A 2F 1B     	ld a, (wifisettingsviewinvcolor)
 3390 1AED              __l_226:
 3391 1AED              ; 233             }
 3392 1AED              ; 234             c = a;
 3393 1AED 4F           	ld c, a
 3394 1AEE              ; 235             // A
 3395 1AEE              ; 236             a = vboxUMP;
 3396 1AEE 3E 04        	ld a, 4
 3397 1AF0              ; 237             vboxOpenHLDECA();
 3398 1AF0 CD 86 4D     	call vboxopenhldeca
 3399 1AF3              __l_224:
 3400 1AF3 E1           	pop hl
 3401 1AF4 C1           	pop bc
 3402 1AF5 C9           	ret
 3403 1AF6              ; 238         }
 3404 1AF6              ; 239     }
 3405 1AF6              ; 240 }
 3406 1AF6              ; 241
 3407 1AF6              ; 242 /// Обновление позиции
 3408 1AF6              ; 243 /// вх[A]
 3409 1AF6              ; 244 /// 0 - без изменений
 3410 1AF6              ; 245 /// 1 - вверх
 3411 1AF6              ; 246 /// 0xFF - вниз
 3412 1AF6              ; 247 void WiFiSettingsViewPosUpdateA() {
 3413 1AF6              wifisettingsviewposupdatea:
 3414 1AF6              ; 248     push_pop(bc) {
 3415 1AF6 C5           	push bc
 3416 1AF7              ; 249         b = a;
 3417 1AF7 47           	ld b, a
 3418 1AF8              ; 250         if (a == 0) {
 3419 1AF8 B7           	or a
 3420 1AF9 C2 04 1B     	jp nz, __l_227
 3421 1AFC              ; 251             WiFiSettingsViewSelectLineA(a = 1);
 3422 1AFC 3E 01        	ld a, 1
 3423 1AFE CD CB 1A     	call wifisettingsviewselectlinea
 3424 1B01 C3 28 1B     	jp __l_228
 3425 1B04              __l_227:
 3426 1B04              ; 252         } else {
 3427 1B04              ; 253             a = 3;
 3428 1B04 3E 03        	ld a, 3
 3429 1B06              ; 254             c = a;
 3430 1B06 4F           	ld c, a
 3431 1B07              ; 255             WiFiSettingsViewSelectLineA(a = 0);
 3432 1B07 3E 00        	ld a, 0
 3433 1B09 CD CB 1A     	call wifisettingsviewselectlinea
 3434 1B0C              ; 256             a = WiFiSettingsViewSelectPos;
 3435 1B0C 3A 30 1B     	ld a, (wifisettingsviewselectpos)
 3436 1B0F              ; 257             a += b;
 3437 1B0F 80           	add b
 3438 1B10              ; 258             //-- FIX
 3439 1B10              ; 259             if (a == 0xFF) {
 3440 1B10 FE FF        	cp 255
 3441 1B12 C2 1A 1B     	jp nz, __l_229
 3442 1B15              ; 260                 a = c;
 3443 1B15 79           	ld a, c
 3444 1B16              ; 261                 a--;
 3445 1B16 3D           	dec a
 3446 1B17 C3 20 1B     	jp __l_230
 3447 1B1A              __l_229:
 3448 1B1A              ; 262             } else if (a == c) {
 3449 1B1A B9           	cp c
 3450 1B1B C2 20 1B     	jp nz, __l_231
 3451 1B1E              ; 263                 a = 0;
 3452 1B1E 3E 00        	ld a, 0
 3453 1B20              __l_231:
 3454 1B20              __l_230:
 3455 1B20              ; 264             }
 3456 1B20              ; 265             //--
 3457 1B20              ; 266             WiFiSettingsViewSelectPos = a;
 3458 1B20 32 30 1B     	ld (wifisettingsviewselectpos), a
 3459 1B23              ; 267             WiFiSettingsViewSelectLineA(a = 1);
 3460 1B23 3E 01        	ld a, 1
 3461 1B25 CD CB 1A     	call wifisettingsviewselectlinea
 3462 1B28              __l_228:
 3463 1B28 C1           	pop bc
 3464 1B29 C9           	ret
 3465 1B2A              ; 268         }
 3466 1B2A              ; 269     }
 3467 1B2A              ; 270 }
 3468 1B2A              ; 271
 3469 1B2A              ; 272 uint8_t WiFiSettingsViewX = 11;
 3470 1B2A              wifisettingsviewx:
 3471 1B2A 0B           	db 11
 3472 1B2B              ; 273 uint8_t WiFiSettingsViewY = 10;
 3473 1B2B              wifisettingsviewy:
 3474 1B2B 0A           	db 10
 3475 1B2C              ; 274 uint8_t WiFiSettingsViewDX = 27;
 3476 1B2C              wifisettingsviewdx:
 3477 1B2C 1B           	db 27
 3478 1B2D              ; 275 uint8_t WiFiSettingsViewDY = 13;
 3479 1B2D              wifisettingsviewdy:
 3480 1B2D 0D           	db 13
 3481 1B2E              ; 276 uint8_t WiFiSettingsViewColor = 0x70;
 3482 1B2E              wifisettingsviewcolor:
 3483 1B2E 70           	db 112
 3484 1B2F              ; 277 uint8_t WiFiSettingsViewInvColor = 0x07;
 3485 1B2F              wifisettingsviewinvcolor:
 3486 1B2F 07           	db 7
 3487 1B30              ; 279 uint8_t WiFiSettingsViewSelectPos = 0;
 3488 1B30              wifisettingsviewselectpos:
 3489 1B30 00           	db 0
 3490 1B31              ; 281 uint8_t WiFiSettingsViewTitle[] = "Wi-Fi settings";
 3491 1B31              wifisettingsviewtitle:
 3492 1B31 57           	db 87
 3493 1B32 69           	db 105
 3494 1B33 2D           	db 45
 3495 1B34 46           	db 70
 3496 1B35 69           	db 105
 3497 1B36 20           	db 32
 3498 1B37 73           	db 115
 3499 1B38 65           	db 101
 3500 1B39 74           	db 116
 3501 1B3A 74           	db 116
 3502 1B3B 69           	db 105
 3503 1B3C 6E           	db 110
 3504 1B3D 67           	db 103
 3505 1B3E 73           	db 115
 3506 1B3F 00           	ds 1
 3507 1B40              ; 282 uint8_t WiFiSettingsViewTitleSSID[] = "SSID: ";
 3508 1B40              wifisettingsviewtitlessid:
 3509 1B40 53           	db 83
 3510 1B41 53           	db 83
 3511 1B42 49           	db 73
 3512 1B43 44           	db 68
 3513 1B44 3A           	db 58
 3514 1B45 20           	db 32
 3515 1B46 00           	ds 1
 3516 1B47              ; 283 uint8_t WiFiSettingsViewTitlePass[] = "Pass:";
 3517 1B47              wifisettingsviewtitlepass:
 3518 1B47 50           	db 80
 3519 1B48 61           	db 97
 3520 1B49 73           	db 115
 3521 1B4A 73           	db 115
 3522 1B4B 3A           	db 58
 3523 1B4C 00           	ds 1
 3524 1B4D              ; 284 uint8_t WiFiSettingsViewTitleMac[] =  " MAC:";
 3525 1B4D              wifisettingsviewtitlemac:
 3526 1B4D 20           	db 32
 3527 1B4E 4D           	db 77
 3528 1B4F 41           	db 65
 3529 1B50 43           	db 67
 3530 1B51 3A           	db 58
 3531 1B52 00           	ds 1
 3532 1B53              ; 285 uint8_t WiFiSettingsViewButtonTitle[] = "Connect";
 3533 1B53              wifisettingsviewbuttontitle:
 3534 1B53 43           	db 67
 3535 1B54 6F           	db 111
 3536 1B55 6E           	db 110
 3537 1B56 6E           	db 110
 3538 1B57 65           	db 101
 3539 1B58 63           	db 99
 3540 1B59 74           	db 116
 3541 1B5A 00           	ds 1
 3542 1B5B              ; 286 uint8_t WiFiSettingsViewSSIDIsConnected = 0;
 3543 1B5B              wifisettingsviewssidisconnected:
 3544 1B5B 00           	db 0
 3545 1B5C              ; 288 uint8_t WiFiSettingsViewSsidValue[16] = "-";
 3546 1B5C              wifisettingsviewssidvalue:
 3547 1B5C 2D           	db 45
 3548 1B5D 00 00 00...  	ds 15
 3549 1B6C              ; 289 uint8_t WiFiSettingsViewPassValue[16] = "-";
 3550 1B6C              wifisettingsviewpassvalue:
 3551 1B6C 2D           	db 45
 3552 1B6D 00 00 00...  	ds 15
 3553 1B7C              ; 290 uint8_t WiFiSettingsViewMacValue[18] = "00:00:00:00:00:00";
 3554 1B7C              wifisettingsviewmacvalue:
 3555 1B7C 30           	db 48
 3556 1B7D 30           	db 48
 3557 1B7E 3A           	db 58
 3558 1B7F 30           	db 48
 3559 1B80 30           	db 48
 3560 1B81 3A           	db 58
 3561 1B82 30           	db 48
 3562 1B83 30           	db 48
 3563 1B84 3A           	db 58
 3564 1B85 30           	db 48
 3565 1B86 30           	db 48
 3566 1B87 3A           	db 58
 3567 1B88 30           	db 48
 3568 1B89 30           	db 48
 3569 1B8A 3A           	db 58
 3570 1B8B 30           	db 48
 3571 1B8C 30           	db 48
 3572 1B8D 00           	ds 1
 3573 1B8E              ; 291 uint8_t WiFiSettingsViewIpValue[16] = "0.0.0.0";
 3574 1B8E              wifisettingsviewipvalue:
 3575 1B8E 30           	db 48
 3576 1B8F 2E           	db 46
 3577 1B90 30           	db 48
 3578 1B91 2E           	db 46
 3579 1B92 30           	db 48
 3580 1B93 2E           	db 46
 3581 1B94 30           	db 48
 3582 1B95 00 00 00...  	ds 9
 3583 1B9E              ; 11 void printMyHexA() {
 3584 1B9E              printmyhexa:
 3585 1B9E              ; 12     push_pop(bc) {
 3586 1B9E C5           	push bc
 3587 1B9F              ; 13         b = a;
 3588 1B9F 47           	ld b, a
 3589 1BA0              ; 14         a &= 0xF0;
 3590 1BA0 E6 F0        	and 240
 3591 1BA2              ; 15         cyclic_rotate_right(a, 4);
 3592 1BA2 0F           	rrca
 3593 1BA3 0F           	rrca
 3594 1BA4 0F           	rrca
 3595 1BA5 0F           	rrca
 3596 1BA6              ; 16         if (a < 10) {
 3597 1BA6 FE 0A        	cp 10
 3598 1BA8 D2 B0 1B     	jp nc, __l_233
 3599 1BAB              ; 17             a += 0x30;
 3600 1BAB C6 30        	add 48
 3601 1BAD C3 B2 1B     	jp __l_234
 3602 1BB0              __l_233:
 3603 1BB0              ; 18         } else {
 3604 1BB0              ; 19             a += 0x37;
 3605 1BB0 C6 37        	add 55
 3606 1BB2              __l_234:
 3607 1BB2              ; 20         }
 3608 1BB2              ; 21         printMyCharA();
 3609 1BB2 CD 4E 1C     	call printmychara
 3610 1BB5              ; 22         a = b;
 3611 1BB5 78           	ld a, b
 3612 1BB6              ; 23         a &= 0x0F;
 3613 1BB6 E6 0F        	and 15
 3614 1BB8              ; 24         if (a < 10) {
 3615 1BB8 FE 0A        	cp 10
 3616 1BBA D2 C2 1B     	jp nc, __l_235
 3617 1BBD              ; 25             a += 0x30;
 3618 1BBD C6 30        	add 48
 3619 1BBF C3 C4 1B     	jp __l_236
 3620 1BC2              __l_235:
 3621 1BC2              ; 26         } else {
 3622 1BC2              ; 27             a += 0x37;
 3623 1BC2 C6 37        	add 55
 3624 1BC4              __l_236:
 3625 1BC4              ; 28         }
 3626 1BC4              ; 29         printMyCharA();
 3627 1BC4 CD 4E 1C     	call printmychara
 3628 1BC7 C1           	pop bc
 3629 1BC8 C9           	ret
 3630 1BC9              ; 30     }
 3631 1BC9              ; 31 }
 3632 1BC9              ; 32
 3633 1BC9              ; 33 void printMyUTF8HLStr() {
 3634 1BC9              printmyutf8hlstr:
 3635 1BC9              ; 34     do {
 3636 1BC9              __l_237:
 3637 1BC9              ; 35         a = *hl;
 3638 1BC9 7E           	ld a, (hl)
 3639 1BCA              ; 36         if (a == 0xD0) {
 3640 1BCA FE D0        	cp 208
 3641 1BCC C2 D6 1B     	jp nz, __l_240
 3642 1BCF              ; 37             hl++;
 3643 1BCF 23           	inc hl
 3644 1BD0              ; 38             a = *hl;
 3645 1BD0 7E           	ld a, (hl)
 3646 1BD1              ; 39             a += 0xF0;
 3647 1BD1 C6 F0        	add 240
 3648 1BD3 C3 DF 1B     	jp __l_241
 3649 1BD6              __l_240:
 3650 1BD6              ; 40         } else if (a == 0xD1) {
 3651 1BD6 FE D1        	cp 209
 3652 1BD8 C2 DF 1B     	jp nz, __l_242
 3653 1BDB              ; 41             hl++;
 3654 1BDB 23           	inc hl
 3655 1BDC              ; 42             a = *hl;
 3656 1BDC 7E           	ld a, (hl)
 3657 1BDD              ; 43             a += 0x60;
 3658 1BDD C6 60        	add 96
 3659 1BDF              __l_242:
 3660 1BDF              __l_241:
 3661 1BDF              ; 44         }
 3662 1BDF              ; 45         if (a > 0 ) {
 3663 1BDF B7           	or a
 3664 1BE0 CA E6 1B     	jp z, __l_244
 3665 1BE3              ; 46             printMyCharA();
 3666 1BE3 CD 4E 1C     	call printmychara
 3667 1BE6              __l_244:
 3668 1BE6              ; 47         }
 3669 1BE6              ; 48         //
 3670 1BE6              ; 49         a = *hl;
 3671 1BE6 7E           	ld a, (hl)
 3672 1BE7              ; 50         hl++;
 3673 1BE7 23           	inc hl
 3674 1BE8              __l_238:
 3675 1BE8              ; 51     } while (a > 0);
 3676 1BE8 B7           	or a
 3677 1BE9 C2 C9 1B     	jp nz, __l_237
 3678 1BEC C9           	ret
 3679 1BED              ; 52 }
 3680 1BED              ; 53
 3681 1BED              ; 54 void printMyHLStr() {
 3682 1BED              printmyhlstr:
 3683 1BED              ; 55     do {
 3684 1BED              __l_246:
 3685 1BED              ; 56         a = *hl;
 3686 1BED 7E           	ld a, (hl)
 3687 1BEE              ; 57         if (a > 0) {
 3688 1BEE B7           	or a
 3689 1BEF CA F5 1B     	jp z, __l_249
 3690 1BF2              ; 58             printMyCharA();
 3691 1BF2 CD 4E 1C     	call printmychara
 3692 1BF5              __l_249:
 3693 1BF5              ; 59         }
 3694 1BF5              ; 60         a = *hl;
 3695 1BF5 7E           	ld a, (hl)
 3696 1BF6              ; 61         hl++;
 3697 1BF6 23           	inc hl
 3698 1BF7              __l_247:
 3699 1BF7              ; 62     } while (a > 0);
 3700 1BF7 B7           	or a
 3701 1BF8 C2 ED 1B     	jp nz, __l_246
 3702 1BFB C9           	ret
 3703 1BFC              ; 63 }
 3704 1BFC              ; 64
 3705 1BFC              ; 65 /// Выводит строку из HL с текущего положения
 3706 1BFC              ; 66 /// Длиной A. Если текст короче , то добиват до A пробелами
 3707 1BFC              ; 67 void printMyHLStrLenA() {
 3708 1BFC              printmyhlstrlena:
 3709 1BFC              ; 68     push_pop(bc) {
 3710 1BFC C5           	push bc
 3711 1BFD              ; 69         b = a;
 3712 1BFD 47           	ld b, a
 3713 1BFE              ; 70         c = 0;
 3714 1BFE 0E 00        	ld c, 0
 3715 1C00              ; 71         do {
 3716 1C00              __l_251:
 3717 1C00              ; 72             a = *hl;
 3718 1C00 7E           	ld a, (hl)
 3719 1C01              ; 73             if (a > 0) {
 3720 1C01 B7           	or a
 3721 1C02 CA 09 1C     	jp z, __l_254
 3722 1C05              ; 74                 c++;
 3723 1C05 0C           	inc c
 3724 1C06              ; 75                 printMyCharA();
 3725 1C06 CD 4E 1C     	call printmychara
 3726 1C09              __l_254:
 3727 1C09              ; 76             }
 3728 1C09              ; 77             a = *hl;
 3729 1C09 7E           	ld a, (hl)
 3730 1C0A              ; 78             hl++;
 3731 1C0A 23           	inc hl
 3732 1C0B              __l_252:
 3733 1C0B              ; 79         } while (a > 0);
 3734 1C0B B7           	or a
 3735 1C0C C2 00 1C     	jp nz, __l_251
 3736 1C0F              ; 80         if ((a = c) < b) {
 3737 1C0F 79           	ld a, c
 3738 1C10 B8           	cp b
 3739 1C11 D2 22 1C     	jp nc, __l_256
 3740 1C14              ; 81             a = b;
 3741 1C14 78           	ld a, b
 3742 1C15              ; 82             a -= c;
 3743 1C15 91           	sub c
 3744 1C16              ; 83             b = a;
 3745 1C16 47           	ld b, a
 3746 1C17              ; 84             do {
 3747 1C17              __l_258:
 3748 1C17              ; 85                 printMyCharA(a = ' ');
 3749 1C17 3E 20        	ld a, 32
 3750 1C19 CD 4E 1C     	call printmychara
 3751 1C1C              ; 86                 b--;
 3752 1C1C 05           	dec b
 3753 1C1D              __l_259:
 3754 1C1D              ; 87             } while ((a = b) > 0);
 3755 1C1D 78           	ld a, b
 3756 1C1E B7           	or a
 3757 1C1F C2 17 1C     	jp nz, __l_258
 3758 1C22              __l_256:
 3759 1C22 C1           	pop bc
 3760 1C23 C9           	ret
 3761 1C24              ; 88         }
 3762 1C24              ; 89     }
 3763 1C24              ; 90 }
 3764 1C24              ; 91
 3765 1C24              ; 92 /// Выводит строку из HL с текущего положения заменяя все символы *
 3766 1C24              ; 93 /// Длиной A. Если текст короче , то добиват до A пробелами
 3767 1C24              ; 94 void printMyHLPassLenA() {
 3768 1C24              printmyhlpasslena:
 3769 1C24              ; 95     push_pop(bc) {
 3770 1C24 C5           	push bc
 3771 1C25              ; 96         b = a;
 3772 1C25 47           	ld b, a
 3773 1C26              ; 97         c = 0;
 3774 1C26 0E 00        	ld c, 0
 3775 1C28              ; 98         do {
 3776 1C28              __l_261:
 3777 1C28              ; 99             a = *hl;
 3778 1C28 7E           	ld a, (hl)
 3779 1C29              ; 100             if (a > 0) {
 3780 1C29 B7           	or a
 3781 1C2A CA 33 1C     	jp z, __l_264
 3782 1C2D              ; 101                 c++;
 3783 1C2D 0C           	inc c
 3784 1C2E              ; 102                 printMyCharA(a = '*');
 3785 1C2E 3E 2A        	ld a, 42
 3786 1C30 CD 4E 1C     	call printmychara
 3787 1C33              __l_264:
 3788 1C33              ; 103             }
 3789 1C33              ; 104             a = *hl;
 3790 1C33 7E           	ld a, (hl)
 3791 1C34              ; 105             hl++;
 3792 1C34 23           	inc hl
 3793 1C35              __l_262:
 3794 1C35              ; 106         } while (a > 0);
 3795 1C35 B7           	or a
 3796 1C36 C2 28 1C     	jp nz, __l_261
 3797 1C39              ; 107         if ((a = c) < b) {
 3798 1C39 79           	ld a, c
 3799 1C3A B8           	cp b
 3800 1C3B D2 4C 1C     	jp nc, __l_266
 3801 1C3E              ; 108             a = b;
 3802 1C3E 78           	ld a, b
 3803 1C3F              ; 109             a -= c;
 3804 1C3F 91           	sub c
 3805 1C40              ; 110             b = a;
 3806 1C40 47           	ld b, a
 3807 1C41              ; 111             do {
 3808 1C41              __l_268:
 3809 1C41              ; 112                 printMyCharA(a = ' ');
 3810 1C41 3E 20        	ld a, 32
 3811 1C43 CD 4E 1C     	call printmychara
 3812 1C46              ; 113                 b--;
 3813 1C46 05           	dec b
 3814 1C47              __l_269:
 3815 1C47              ; 114             } while ((a = b) > 0);
 3816 1C47 78           	ld a, b
 3817 1C48 B7           	or a
 3818 1C49 C2 41 1C     	jp nz, __l_268
 3819 1C4C              __l_266:
 3820 1C4C C1           	pop bc
 3821 1C4D C9           	ret
 3822 1C4E              ; 115         }
 3823 1C4E              ; 116     }
 3824 1C4E              ; 117 }
 3825 1C4E              ; 118
 3826 1C4E              ; 119 void printMyCharA() {
 3827 1C4E              printmychara:
 3828 1C4E              ; 120     push_pop(hl, bc, de) {
 3829 1C4E E5           	push hl
 3830 1C4F C5           	push bc
 3831 1C50 D5           	push de
 3832 1C51              ; 121         // Char POS
 3833 1C51              ; 122         hl = FONT_8_8_RUS;
 3834 1C51 21 84 45     	ld hl, font_8_8_rus
 3835 1C54              ; 123         cyclic_rotate_left(a, 3);
 3836 1C54 07           	rlca
 3837 1C55 07           	rlca
 3838 1C56 07           	rlca
 3839 1C57              ; 124         b = a;
 3840 1C57 47           	ld b, a
 3841 1C58              ; 125         a &= 0x07;
 3842 1C58 E6 07        	and 7
 3843 1C5A              ; 126         a += h;
 3844 1C5A 84           	add h
 3845 1C5B              ; 127         h = a;
 3846 1C5B 67           	ld h, a
 3847 1C5C              ; 128         a ^= a;
 3848 1C5C AF           	xor a
 3849 1C5D              ; 129         a = b;
 3850 1C5D 78           	ld a, b
 3851 1C5E              ; 130         a &= 0xF8;
 3852 1C5E E6 F8        	and 248
 3853 1C60              ; 131         a += l;
 3854 1C60 85           	add l
 3855 1C61              ; 132         if (flag_c) {
 3856 1C61 D2 65 1C     	jp nc, __l_271
 3857 1C64              ; 133             h++;
 3858 1C64 24           	inc h
 3859 1C65              __l_271:
 3860 1C65              ; 134         }
 3861 1C65              ; 135         l = a;
 3862 1C65 6F           	ld l, a
 3863 1C66              ; 136         // Video POS
 3864 1C66              ; 137         //de = 0xC000;
 3865 1C66              ; 138         a = myCharPosY;
 3866 1C66 3A E4 1D     	ld a, (mycharposy)
 3867 1C69              ; 139         a &= 0x1F;
 3868 1C69 E6 1F        	and 31
 3869 1C6B              ; 140         cyclic_rotate_left(a, 3);
 3870 1C6B 07           	rlca
 3871 1C6C 07           	rlca
 3872 1C6D 07           	rlca
 3873 1C6E              ; 141         e = a;
 3874 1C6E 5F           	ld e, a
 3875 1C6F              ; 142         a = myCharPosX;
 3876 1C6F 3A E3 1D     	ld a, (mycharposx)
 3877 1C72              ; 143         a += 0xC0;
 3878 1C72 C6 C0        	add 192
 3879 1C74              ; 144         d = a;
 3880 1C74 57           	ld d, a
 3881 1C75              ; 145         //
 3882 1C75              ; 146         b = 8;
 3883 1C75 06 08        	ld b, 8
 3884 1C77              ; 147         do {
 3885 1C77              __l_273:
 3886 1C77              ; 148             a = *hl;
 3887 1C77 7E           	ld a, (hl)
 3888 1C78              ; 149             *de = a;
 3889 1C78 12           	ld (de), a
 3890 1C79              ; 150             hl++;
 3891 1C79 23           	inc hl
 3892 1C7A              ; 151             de++;
 3893 1C7A 13           	inc de
 3894 1C7B              ; 152             b--;
 3895 1C7B 05           	dec b
 3896 1C7C              __l_274:
 3897 1C7C              ; 153         } while ((a = b) > 0);
 3898 1C7C 78           	ld a, b
 3899 1C7D B7           	or a
 3900 1C7E C2 77 1C     	jp nz, __l_273
 3901 1C81              ; 154         // Inc POS
 3902 1C81              ; 155         a = myCharPosX;
 3903 1C81 3A E3 1D     	ld a, (mycharposx)
 3904 1C84              ; 156         a++;
 3905 1C84 3C           	inc a
 3906 1C85              ; 157         if (a >= 0x30) { //0x2F
 3907 1C85 FE 30        	cp 48
 3908 1C87 DA 9C 1C     	jp c, __l_276
 3909 1C8A              ; 158             a = 0;
 3910 1C8A 3E 00        	ld a, 0
 3911 1C8C              ; 159             b = a;
 3912 1C8C 47           	ld b, a
 3913 1C8D              ; 160             // Inc Y
 3914 1C8D              ; 161             a = myCharPosY;
 3915 1C8D 3A E4 1D     	ld a, (mycharposy)
 3916 1C90              ; 162             a++;
 3917 1C90 3C           	inc a
 3918 1C91              ; 163             if (a >= 0x20) { //0x1F
 3919 1C91 FE 20        	cp 32
 3920 1C93 DA 98 1C     	jp c, __l_278
 3921 1C96              ; 164                 a = 0;
 3922 1C96 3E 00        	ld a, 0
 3923 1C98              __l_278:
 3924 1C98              ; 165             }
 3925 1C98              ; 166             myCharPosY = a;
 3926 1C98 32 E4 1D     	ld (mycharposy), a
 3927 1C9B              ; 167             //
 3928 1C9B              ; 168             a = b;
 3929 1C9B 78           	ld a, b
 3930 1C9C              __l_276:
 3931 1C9C              ; 169         }
 3932 1C9C              ; 170         myCharPosX = a;
 3933 1C9C 32 E3 1D     	ld (mycharposx), a
 3934 1C9F D1           	pop de
 3935 1CA0 C1           	pop bc
 3936 1CA1 E1           	pop hl
 3937 1CA2 C9           	ret
 3938 1CA3              ; 171     }
 3939 1CA3              ; 172 }
 3940 1CA3              ; 173
 3941 1CA3              ; 174 void myCharPosXSpaceA(){
 3942 1CA3              mycharposxspacea:
 3943 1CA3              ; 175     push_pop(bc) {
 3944 1CA3 C5           	push bc
 3945 1CA4              ; 176         b = a;
 3946 1CA4 47           	ld b, a
 3947 1CA5              ; 177         a = myCharPosX;
 3948 1CA5 3A E3 1D     	ld a, (mycharposx)
 3949 1CA8              ; 178         a += b;
 3950 1CA8 80           	add b
 3951 1CA9              ; 179         myCharPosX = a;
 3952 1CA9 32 E3 1D     	ld (mycharposx), a
 3953 1CAC C1           	pop bc
 3954 1CAD C9           	ret
 3955 1CAE              ; 180     }
 3956 1CAE              ; 181 }
 3957 1CAE              ; 182
 3958 1CAE              ; 183 void myCharPosYSpaceA(){
 3959 1CAE              mycharposyspacea:
 3960 1CAE              ; 184     push_pop(bc) {
 3961 1CAE C5           	push bc
 3962 1CAF              ; 185         b = a;
 3963 1CAF 47           	ld b, a
 3964 1CB0              ; 186         a = myCharPosY;
 3965 1CB0 3A E4 1D     	ld a, (mycharposy)
 3966 1CB3              ; 187         a += b;
 3967 1CB3 80           	add b
 3968 1CB4              ; 188         myCharPosY = a;
 3969 1CB4 32 E4 1D     	ld (mycharposy), a
 3970 1CB7 C1           	pop bc
 3971 1CB8 C9           	ret
 3972 1CB9              ; 189     }
 3973 1CB9              ; 190 }
 3974 1CB9              ; 191
 3975 1CB9              ; 192 /// Вывести на экран значение A как десятичное число
 3976 1CB9              ; 193 /// A не больше 99 или 0x63
 3977 1CB9              ; 194 /// Если больше - ничего не выводит
 3978 1CB9              ; 195 void printMyAsDec99A() {
 3979 1CB9              printmyasdec99a:
 3980 1CB9              ; 196     if (a < 0x64) {
 3981 1CB9 FE 64        	cp 100
 3982 1CBB D2 F0 1C     	jp nc, __l_280
 3983 1CBE              ; 197         push_pop(bc, de) {
 3984 1CBE C5           	push bc
 3985 1CBF D5           	push de
 3986 1CC0              ; 198             b = a;
 3987 1CC0 47           	ld b, a
 3988 1CC1              ; 199             c = a;
 3989 1CC1 4F           	ld c, a
 3990 1CC2              ; 200             d = 0;
 3991 1CC2 16 00        	ld d, 0
 3992 1CC4              ; 201             e = 10;
 3993 1CC4 1E 0A        	ld e, 10
 3994 1CC6              ; 202             if ((a = b) < e) {
 3995 1CC6 78           	ld a, b
 3996 1CC7 BB           	cp e
 3997 1CC8 D2 D9 1C     	jp nc, __l_282
 3998 1CCB              ; 203                 printMyCharA(a = ' ');
 3999 1CCB 3E 20        	ld a, 32
 4000 1CCD CD 4E 1C     	call printmychara
 4001 1CD0              ; 204                 a = b;
 4002 1CD0 78           	ld a, b
 4003 1CD1              ; 205                 a += '0';
 4004 1CD1 C6 30        	add 48
 4005 1CD3              ; 206                 printMyCharA();
 4006 1CD3 CD 4E 1C     	call printmychara
 4007 1CD6 C3 EE 1C     	jp __l_283
 4008 1CD9              __l_282:
 4009 1CD9              ; 207             } else {
 4010 1CD9              ; 208                 do {
 4011 1CD9              __l_284:
 4012 1CD9              ; 209                     a = b;
 4013 1CD9 78           	ld a, b
 4014 1CDA              ; 210                     a -= e;
 4015 1CDA 93           	sub e
 4016 1CDB              ; 211                     b = a;
 4017 1CDB 47           	ld b, a
 4018 1CDC              ; 212                     d++;
 4019 1CDC 14           	inc d
 4020 1CDD              __l_285:
 4021 1CDD              ; 213                 } while ((a = b) >= e);
 4022 1CDD 78           	ld a, b
 4023 1CDE BB           	cp e
 4024 1CDF D2 D9 1C     	jp nc, __l_284
 4025 1CE2              ; 214                 a = d;
 4026 1CE2 7A           	ld a, d
 4027 1CE3              ; 215                 a += '0';
 4028 1CE3 C6 30        	add 48
 4029 1CE5              ; 216                 printMyCharA();
 4030 1CE5 CD 4E 1C     	call printmychara
 4031 1CE8              ; 217                 a = b;
 4032 1CE8 78           	ld a, b
 4033 1CE9              ; 218                 a += '0';
 4034 1CE9 C6 30        	add 48
 4035 1CEB              ; 219                 printMyCharA();
 4036 1CEB CD 4E 1C     	call printmychara
 4037 1CEE              __l_283:
 4038 1CEE D1           	pop de
 4039 1CEF C1           	pop bc
 4040 1CF0              __l_280:
 4041 1CF0 C9           	ret
 4042 1CF1              ; 220             }
 4043 1CF1              ; 221         }
 4044 1CF1              ; 222     }
 4045 1CF1              ; 223 }
 4046 1CF1              ; 224
 4047 1CF1              ; 225 /// Вывести на экран значение A как десятичное число с ведущими нулями
 4048 1CF1              ; 226 /// A не больше 99 или 0x63
 4049 1CF1              ; 227 /// Если больше - ничего не выводит
 4050 1CF1              ; 228 void printMyAs00Dec99A() {
 4051 1CF1              printmyas00dec99a:
 4052 1CF1              ; 229     if (a < 0x64) {
 4053 1CF1 FE 64        	cp 100
 4054 1CF3 D2 28 1D     	jp nc, __l_287
 4055 1CF6              ; 230         push_pop(bc, de) {
 4056 1CF6 C5           	push bc
 4057 1CF7 D5           	push de
 4058 1CF8              ; 231             b = a;
 4059 1CF8 47           	ld b, a
 4060 1CF9              ; 232             c = a;
 4061 1CF9 4F           	ld c, a
 4062 1CFA              ; 233             d = 0;
 4063 1CFA 16 00        	ld d, 0
 4064 1CFC              ; 234             e = 10;
 4065 1CFC 1E 0A        	ld e, 10
 4066 1CFE              ; 235             if ((a = b) < e) {
 4067 1CFE 78           	ld a, b
 4068 1CFF BB           	cp e
 4069 1D00 D2 11 1D     	jp nc, __l_289
 4070 1D03              ; 236                 printMyCharA(a = '0');
 4071 1D03 3E 30        	ld a, 48
 4072 1D05 CD 4E 1C     	call printmychara
 4073 1D08              ; 237                 a = b;
 4074 1D08 78           	ld a, b
 4075 1D09              ; 238                 a += '0';
 4076 1D09 C6 30        	add 48
 4077 1D0B              ; 239                 printMyCharA();
 4078 1D0B CD 4E 1C     	call printmychara
 4079 1D0E C3 26 1D     	jp __l_290
 4080 1D11              __l_289:
 4081 1D11              ; 240             } else {
 4082 1D11              ; 241                 do {
 4083 1D11              __l_291:
 4084 1D11              ; 242                     a = b;
 4085 1D11 78           	ld a, b
 4086 1D12              ; 243                     a -= e;
 4087 1D12 93           	sub e
 4088 1D13              ; 244                     b = a;
 4089 1D13 47           	ld b, a
 4090 1D14              ; 245                     d++;
 4091 1D14 14           	inc d
 4092 1D15              __l_292:
 4093 1D15              ; 246                 } while ((a = b) >= e);
 4094 1D15 78           	ld a, b
 4095 1D16 BB           	cp e
 4096 1D17 D2 11 1D     	jp nc, __l_291
 4097 1D1A              ; 247                 a = d;
 4098 1D1A 7A           	ld a, d
 4099 1D1B              ; 248                 a += '0';
 4100 1D1B C6 30        	add 48
 4101 1D1D              ; 249                 printMyCharA();
 4102 1D1D CD 4E 1C     	call printmychara
 4103 1D20              ; 250                 a = b;
 4104 1D20 78           	ld a, b
 4105 1D21              ; 251                 a += '0';
 4106 1D21 C6 30        	add 48
 4107 1D23              ; 252                 printMyCharA();
 4108 1D23 CD 4E 1C     	call printmychara
 4109 1D26              __l_290:
 4110 1D26 D1           	pop de
 4111 1D27 C1           	pop bc
 4112 1D28              __l_287:
 4113 1D28 C9           	ret
 4114 1D29              ; 253             }
 4115 1D29              ; 254         }
 4116 1D29              ; 255     }
 4117 1D29              ; 256 }
 4118 1D29              ; 257
 4119 1D29              ; 258 /// Вывести на экран значение HL как десятичное число
 4120 1D29              ; 259 /// A не больше 4095 или 0x0FFF
 4121 1D29              ; 260 /// Если больше - ничего не выводит
 4122 1D29              ; 261 void printMyAsDec4095HL() {
 4123 1D29              printmyasdec4095hl:
 4124 1D29              ; 262     push_pop(bc, de) {
 4125 1D29 C5           	push bc
 4126 1D2A D5           	push de
 4127 1D2B              ; 263         de = 0x0FFF;
 4128 1D2B 11 FF 0F     	ld de, 4095
 4129 1D2E              ; 264         compareHlDe();
 4130 1D2E CD CF 1D     	call comparehlde
 4131 1D31              ; 265         if (flag_nc) {
 4132 1D31 DA CC 1D     	jp c, __l_294
 4133 1D34              ; 266             c = 0; // Признак ведущего нуля (0 - ставить " ", а не 0)
 4134 1D34 0E 00        	ld c, 0
 4135 1D36              ; 267             //1000
 4136 1D36              ; 268             de = 0x03E8;
 4137 1D36 11 E8 03     	ld de, 1000
 4138 1D39              ; 269             compareHlDe();
 4139 1D39 CD CF 1D     	call comparehlde
 4140 1D3C              ; 270             if (flag_c) {
 4141 1D3C D2 5A 1D     	jp nc, __l_296
 4142 1D3F              ; 271                 b = 0;
 4143 1D3F 06 00        	ld b, 0
 4144 1D41              ; 272                 do {
 4145 1D41              __l_298:
 4146 1D41              ; 273                     de = 0xFC18;
 4147 1D41 11 18 FC     	ld de, 64536
 4148 1D44              ; 274                     hl += de;
 4149 1D44 19           	add hl, de
 4150 1D45              ; 275                     b++;
 4151 1D45 04           	inc b
 4152 1D46              ; 276                     de = 0x03E8;
 4153 1D46 11 E8 03     	ld de, 1000
 4154 1D49              ; 277                     compareHlDe();
 4155 1D49 CD CF 1D     	call comparehlde
 4156 1D4C              __l_299:
 4157 1D4C DA 41 1D     	jp c, __l_298
 4158 1D4F              ; 278                 } while (flag_c);
 4159 1D4F              ; 279                 a = b;
 4160 1D4F 78           	ld a, b
 4161 1D50              ; 280                 a += '0';
 4162 1D50 C6 30        	add 48
 4163 1D52              ; 281                 printMyCharA();
 4164 1D52 CD 4E 1C     	call printmychara
 4165 1D55              ; 282                 c = 1;
 4166 1D55 0E 01        	ld c, 1
 4167 1D57 C3 5F 1D     	jp __l_297
 4168 1D5A              __l_296:
 4169 1D5A              ; 283             } else {
 4170 1D5A              ; 284                 printMyCharA(a = ' ');
 4171 1D5A 3E 20        	ld a, 32
 4172 1D5C CD 4E 1C     	call printmychara
 4173 1D5F              __l_297:
 4174 1D5F              ; 285             }
 4175 1D5F              ; 286             //0100
 4176 1D5F              ; 287             de = 0x0064;
 4177 1D5F 11 64 00     	ld de, 100
 4178 1D62              ; 288             compareHlDe();
 4179 1D62 CD CF 1D     	call comparehlde
 4180 1D65              ; 289             if (flag_c) {
 4181 1D65 D2 83 1D     	jp nc, __l_301
 4182 1D68              ; 290                 b = 0;
 4183 1D68 06 00        	ld b, 0
 4184 1D6A              ; 291                 do {
 4185 1D6A              __l_303:
 4186 1D6A              ; 292                     de = 0xFF9C;
 4187 1D6A 11 9C FF     	ld de, 65436
 4188 1D6D              ; 293                     hl += de;
 4189 1D6D 19           	add hl, de
 4190 1D6E              ; 294                     b++;
 4191 1D6E 04           	inc b
 4192 1D6F              ; 295                     de = 0x0064;
 4193 1D6F 11 64 00     	ld de, 100
 4194 1D72              ; 296                     compareHlDe();
 4195 1D72 CD CF 1D     	call comparehlde
 4196 1D75              __l_304:
 4197 1D75 DA 6A 1D     	jp c, __l_303
 4198 1D78              ; 297                 } while (flag_c);
 4199 1D78              ; 298                 a = b;
 4200 1D78 78           	ld a, b
 4201 1D79              ; 299                 a += '0';
 4202 1D79 C6 30        	add 48
 4203 1D7B              ; 300                 printMyCharA();
 4204 1D7B CD 4E 1C     	call printmychara
 4205 1D7E              ; 301                 c = 1;
 4206 1D7E 0E 01        	ld c, 1
 4207 1D80 C3 95 1D     	jp __l_302
 4208 1D83              __l_301:
 4209 1D83              ; 302             } else {
 4210 1D83              ; 303                 if ((a = c) == 0) {
 4211 1D83 79           	ld a, c
 4212 1D84 B7           	or a
 4213 1D85 C2 90 1D     	jp nz, __l_306
 4214 1D88              ; 304                     printMyCharA(a = ' ');
 4215 1D88 3E 20        	ld a, 32
 4216 1D8A CD 4E 1C     	call printmychara
 4217 1D8D C3 95 1D     	jp __l_307
 4218 1D90              __l_306:
 4219 1D90              ; 305                 } else {
 4220 1D90              ; 306                     printMyCharA(a = '0');
 4221 1D90 3E 30        	ld a, 48
 4222 1D92 CD 4E 1C     	call printmychara
 4223 1D95              __l_307:
 4224 1D95              __l_302:
 4225 1D95              ; 307                 }
 4226 1D95              ; 308             }
 4227 1D95              ; 309             //0010
 4228 1D95              ; 310 //            de = 0x000A;
 4229 1D95              ; 311 //            compareHlDe();
 4230 1D95              ; 312 //            if (flag_c) {
 4231 1D95              ; 313 //                b = 0;
 4232 1D95              ; 314 //                do {
 4233 1D95              ; 315 //                    de = 0xFFF6;
 4234 1D95              ; 316 //                    hl += de;
 4235 1D95              ; 317 //                    b++;
 4236 1D95              ; 318 //                    de = 0x000A;
 4237 1D95              ; 319 //                    compareHlDe();
 4238 1D95              ; 320 //                } while (flag_c);
 4239 1D95              ; 321 //                a = b;
 4240 1D95              ; 322 //                a += '0';
 4241 1D95              ; 323 //                printMyCharA();
 4242 1D95              ; 324 //            } else {
 4243 1D95              ; 325 //                printMyCharA(a = '0');
 4244 1D95              ; 326 //            }
 4245 1D95              ; 327             a = l;
 4246 1D95 7D           	ld a, l
 4247 1D96              ; 328             if ((a = l) >= 10) {
 4248 1D96 7D           	ld a, l
 4249 1D97 FE 0A        	cp 10
 4250 1D99 DA B4 1D     	jp c, __l_308
 4251 1D9C              ; 329                 b = 0;
 4252 1D9C 06 00        	ld b, 0
 4253 1D9E              ; 330                 do {
 4254 1D9E              __l_310:
 4255 1D9E              ; 331                     a = l;
 4256 1D9E 7D           	ld a, l
 4257 1D9F              ; 332                     a -= 10;
 4258 1D9F D6 0A        	sub 10
 4259 1DA1              ; 333                     l = a;
 4260 1DA1 6F           	ld l, a
 4261 1DA2              ; 334                     b++;
 4262 1DA2 04           	inc b
 4263 1DA3              __l_311:
 4264 1DA3              ; 335                 } while ((a = l) >= 10);
 4265 1DA3 7D           	ld a, l
 4266 1DA4 FE 0A        	cp 10
 4267 1DA6 D2 9E 1D     	jp nc, __l_310
 4268 1DA9              ; 336                 a = b;
 4269 1DA9 78           	ld a, b
 4270 1DAA              ; 337                 a += '0';
 4271 1DAA C6 30        	add 48
 4272 1DAC              ; 338                 printMyCharA();
 4273 1DAC CD 4E 1C     	call printmychara
 4274 1DAF              ; 339                 c = 1;
 4275 1DAF 0E 01        	ld c, 1
 4276 1DB1 C3 C6 1D     	jp __l_309
 4277 1DB4              __l_308:
 4278 1DB4              ; 340             } else {
 4279 1DB4              ; 341                 if ((a = c) == 0) {
 4280 1DB4 79           	ld a, c
 4281 1DB5 B7           	or a
 4282 1DB6 C2 C1 1D     	jp nz, __l_313
 4283 1DB9              ; 342                     printMyCharA(a = ' ');
 4284 1DB9 3E 20        	ld a, 32
 4285 1DBB CD 4E 1C     	call printmychara
 4286 1DBE C3 C6 1D     	jp __l_314
 4287 1DC1              __l_313:
 4288 1DC1              ; 343                 } else {
 4289 1DC1              ; 344                     printMyCharA(a = '0');
 4290 1DC1 3E 30        	ld a, 48
 4291 1DC3 CD 4E 1C     	call printmychara
 4292 1DC6              __l_314:
 4293 1DC6              __l_309:
 4294 1DC6              ; 345                 }
 4295 1DC6              ; 346             }
 4296 1DC6              ; 347             //0001
 4297 1DC6              ; 348             a = l;
 4298 1DC6 7D           	ld a, l
 4299 1DC7              ; 349             a += '0';
 4300 1DC7 C6 30        	add 48
 4301 1DC9              ; 350             printMyCharA();
 4302 1DC9 CD 4E 1C     	call printmychara
 4303 1DCC              __l_294:
 4304 1DCC D1           	pop de
 4305 1DCD C1           	pop bc
 4306 1DCE C9           	ret
 4307 1DCF              ; 351         }
 4308 1DCF              ; 352     }
 4309 1DCF              ; 353 }
 4310 1DCF              ; 354
 4311 1DCF              ; 355 /// Спавнение HL и DE
 4312 1DCF              ; 356 /// CF=1 when DE < HL
 4313 1DCF              ; 357 /// CF=0 DE >= HL
 4314 1DCF              ; 358 void compareHlDe() {
 4315 1DCF              comparehlde:
 4316 1DCF              ; 359     a = d;
 4317 1DCF 7A           	ld a, d
 4318 1DD0              ; 360     a ^= h;
 4319 1DD0 AC           	xor h
 4320 1DD1              ; 361     if (flag_p) {
 4321 1DD1 FA D7 1D     	jp m, __l_315
 4322 1DD4 C3 DE 1D     	jp __l_316
 4323 1DD7              __l_315:
 4324 1DD7              ; 362     } else {
 4325 1DD7              ; 363         a ^= d;
 4326 1DD7 AA           	xor d
 4327 1DD8              ; 364         if (flag_m) {
 4328 1DD8 F2 DC 1D     	jp p, __l_317
 4329 1DDB              ; 365             return;
 4330 1DDB C9           	ret
 4331 1DDC              __l_317:
 4332 1DDC              ; 366         }
 4333 1DDC              ; 367         set_flag_c();
 4334 1DDC 37           	scf
 4335 1DDD              ; 368         return;
 4336 1DDD C9           	ret
 4337 1DDE              __l_316:
 4338 1DDE              ; 369     }
 4339 1DDE              ; 370     a = e;
 4340 1DDE 7B           	ld a, e
 4341 1DDF              ; 371     a -= l; //0x95
 4342 1DDF 95           	sub l
 4343 1DE0              ; 372     a = d;
 4344 1DE0 7A           	ld a, d
 4345 1DE1              ; 373     //a -= h; //0x9C
 4346 1DE1              ; 374     //asm{ SBB h };
 4347 1DE1              ; 375     carry_sub(a, h);
 4348 1DE1 9C           	sbc h
 4349 1DE2              ; 376     return;
 4350 1DE2 C9           	ret
 4351 1DE3              ; 377 }
 4352 1DE3              ; 378
 4353 1DE3              ; 379 uint8_t myCharPosX = 0;
 4354 1DE3              mycharposx:
 4355 1DE3 00           	db 0
 4356 1DE4              ; 380 uint8_t myCharPosY = 0;
 4357 1DE4              mycharposy:
 4358 1DE4 00           	db 0
 4359 1DE5              ; 11 void HelpViewShow() {
 4360 1DE5              helpviewshow:
 4361 1DE5              ; 12     a = HelpViewX;
 4362 1DE5 3A 30 1E     	ld a, (helpviewx)
 4363 1DE8              ; 13     h = a;
 4364 1DE8 67           	ld h, a
 4365 1DE9              ; 14     a = HelpViewY;
 4366 1DE9 3A 31 1E     	ld a, (helpviewy)
 4367 1DEC              ; 15     l = a;
 4368 1DEC 6F           	ld l, a
 4369 1DED              ; 16     a = HelpViewDX;
 4370 1DED 3A 32 1E     	ld a, (helpviewdx)
 4371 1DF0              ; 17     d = a;
 4372 1DF0 57           	ld d, a
 4373 1DF1              ; 18     a = HelpViewDY;
 4374 1DF1 3A 33 1E     	ld a, (helpviewdy)
 4375 1DF4              ; 19     e = a;
 4376 1DF4 5F           	ld e, a
 4377 1DF5              ; 20     a = HelpViewColor;
 4378 1DF5 3A 34 1E     	ld a, (helpviewcolor)
 4379 1DF8              ; 21     vboxOpenHLDE();
 4380 1DF8 CD 55 4E     	call vboxopenhlde
 4381 1DFB              ; 22     HelpViewShowStr();
 4382 1DFB              ; 23 }
 4383 1DFB              ; 24
 4384 1DFB              ; 25 void HelpViewShowStr() {
 4385 1DFB              helpviewshowstr:
 4386 1DFB              ; 26     a = HelpViewX;
 4387 1DFB 3A 30 1E     	ld a, (helpviewx)
 4388 1DFE              ; 27     a++;
 4389 1DFE 3C           	inc a
 4390 1DFF              ; 28     myCharPosX = a;
 4391 1DFF 32 E3 1D     	ld (mycharposx), a
 4392 1E02              ; 29     a = HelpViewY;
 4393 1E02 3A 31 1E     	ld a, (helpviewy)
 4394 1E05              ; 30     a++;
 4395 1E05 3C           	inc a
 4396 1E06              ; 31     myCharPosY = a;
 4397 1E06 32 E4 1D     	ld (mycharposy), a
 4398 1E09              ; 32     printMyHLStr(hl = HelpViewTitleF1);
 4399 1E09 21 35 1E     	ld hl, helpviewtitlef1
 4400 1E0C CD ED 1B     	call printmyhlstr
 4401 1E0F              ; 33
 4402 1E0F              ; 34     myCharPosXSpaceA(a = 5);
 4403 1E0F 3E 05        	ld a, 5
 4404 1E11 CD A3 1C     	call mycharposxspacea
 4405 1E14              ; 35     printMyHLStr(hl = HelpViewTitleF2);
 4406 1E14 21 3C 1E     	ld hl, helpviewtitlef2
 4407 1E17 CD ED 1B     	call printmyhlstr
 4408 1E1A              ; 36
 4409 1E1A              ; 37     myCharPosXSpaceA(a = 5);
 4410 1E1A 3E 05        	ld a, 5
 4411 1E1C CD A3 1C     	call mycharposxspacea
 4412 1E1F              ; 38     printMyHLStr(hl = HelpViewTitleF3);
 4413 1E1F 21 46 1E     	ld hl, helpviewtitlef3
 4414 1E22 CD ED 1B     	call printmyhlstr
 4415 1E25              ; 39
 4416 1E25              ; 40     myCharPosXSpaceA(a = 5);
 4417 1E25 3E 05        	ld a, 5
 4418 1E27 CD A3 1C     	call mycharposxspacea
 4419 1E2A              ; 41     printMyHLStr(hl = HelpViewTitleF4);
 4420 1E2A 21 4F 1E     	ld hl, helpviewtitlef4
 4421 1E2D C3 ED 1B     	jp printmyhlstr
 4422 1E30              ; 42 }
 4423 1E30              ; 43
 4424 1E30              ; 44 uint8_t HelpViewX = 0;
 4425 1E30              helpviewx:
 4426 1E30 00           	db 0
 4427 1E31              ; 45 uint8_t HelpViewY = 29;
 4428 1E31              helpviewy:
 4429 1E31 1D           	db 29
 4430 1E32              ; 46 uint8_t HelpViewDX = 48;
 4431 1E32              helpviewdx:
 4432 1E32 30           	db 48
 4433 1E33              ; 47 uint8_t HelpViewDY = 3;
 4434 1E33              helpviewdy:
 4435 1E33 03           	db 3
 4436 1E34              ; 49 uint8_t HelpViewColor = 0x07;
 4437 1E34              helpviewcolor:
 4438 1E34 07           	db 7
 4439 1E35              ; 54 uint8_t HelpViewTitleF1[] = "F1: ..";
 4440 1E35              helpviewtitlef1:
 4441 1E35 46           	db 70
 4442 1E36 31           	db 49
 4443 1E37 3A           	db 58
 4444 1E38 20           	db 32
 4445 1E39 2E           	db 46
 4446 1E3A 2E           	db 46
 4447 1E3B 00           	ds 1
 4448 1E3C              ; 55 uint8_t HelpViewTitleF2[] = "F2: Wi-Fi";
 4449 1E3C              helpviewtitlef2:
 4450 1E3C 46           	db 70
 4451 1E3D 32           	db 50
 4452 1E3E 3A           	db 58
 4453 1E3F 20           	db 32
 4454 1E40 57           	db 87
 4455 1E41 69           	db 105
 4456 1E42 2D           	db 45
 4457 1E43 46           	db 70
 4458 1E44 69           	db 105
 4459 1E45 00           	ds 1
 4460 1E46              ; 56 uint8_t HelpViewTitleF3[] = "F3: FTP ";
 4461 1E46              helpviewtitlef3:
 4462 1E46 46           	db 70
 4463 1E47 33           	db 51
 4464 1E48 3A           	db 58
 4465 1E49 20           	db 32
 4466 1E4A 46           	db 70
 4467 1E4B 54           	db 84
 4468 1E4C 50           	db 80
 4469 1E4D 20           	db 32
 4470 1E4E 00           	ds 1
 4471 1E4F              ; 57 uint8_t HelpViewTitleF4[] = "F4: Quit";
 4472 1E4F              helpviewtitlef4:
 4473 1E4F 46           	db 70
 4474 1E50 34           	db 52
 4475 1E51 3A           	db 58
 4476 1E52 20           	db 32
 4477 1E53 51           	db 81
 4478 1E54 75           	db 117
 4479 1E55 69           	db 105
 4480 1E56 74           	db 116
 4481 1E57 00           	ds 1
 4482 1E58              ; 11 void CurrentViewChangeAndPushIdA() {
 4483 1E58              currentviewchangeandpushida:
 4484 1E58              ; 12     push_pop(bc) {
 4485 1E58 C5           	push bc
 4486 1E59              ; 13         b = a;
 4487 1E59 47           	ld b, a
 4488 1E5A              ; 14         // Save old Id
 4489 1E5A              ; 15         CurrentViewPushCurrentId();
 4490 1E5A CD 1B 1F     	call currentviewpushcurrentid
 4491 1E5D              ; 16         //
 4492 1E5D              ; 17         a = b;
 4493 1E5D 78           	ld a, b
 4494 1E5E              ; 18         CurrentViewSetIdA();
 4495 1E5E CD 6B 1E     	call currentviewsetida
 4496 1E61 C1           	pop bc
 4497 1E62 C9           	ret
 4498 1E63              ; 19     }
 4499 1E63              ; 20 }
 4500 1E63              ; 21
 4501 1E63              ; 22 void CurrentViewChangeIdA() {
 4502 1E63              currentviewchangeida:
 4503 1E63              ; 23     push_pop(bc) {
 4504 1E63 C5           	push bc
 4505 1E64              ; 24         b = a;
 4506 1E64 47           	ld b, a
 4507 1E65              ; 25         // Save new
 4508 1E65              ; 26         a = b;
 4509 1E65 78           	ld a, b
 4510 1E66              ; 27         CurrentViewSetIdA();
 4511 1E66 CD 6B 1E     	call currentviewsetida
 4512 1E69 C1           	pop bc
 4513 1E6A C9           	ret
 4514 1E6B              ; 28     }
 4515 1E6B              ; 29 }
 4516 1E6B              ; 30
 4517 1E6B              ; 31 void CurrentViewSetIdA() {
 4518 1E6B              currentviewsetida:
 4519 1E6B              ; 32     CurrentViewId = a;
 4520 1E6B 32 8F 1F     	ld (currentviewid), a
 4521 1E6E              ; 33
 4522 1E6E              ; 34     if ((a = CurrentViewReturnIdPos) == 0) {
 4523 1E6E 3A 8E 1F     	ld a, (currentviewreturnidpos)
 4524 1E71 B7           	or a
 4525 1E72 C2 1A 1F     	jp nz, __l_319
 4526 1E75              ; 35         if ((a = CurrentViewId) == DiskViewId) {
 4527 1E75 3A 8F 1F     	ld a, (currentviewid)
 4528 1E78 FE 01        	cp 1
 4529 1E7A C2 8A 1E     	jp nz, __l_321
 4530 1E7D              ; 36             FtpViewShowSelectLineA(a = 0);
 4531 1E7D 3E 00        	ld a, 0
 4532 1E7F CD 43 35     	call ftpviewshowselectlinea
 4533 1E82              ; 37             DiskViewShowSelectLineA(a = 1);
 4534 1E82 3E 01        	ld a, 1
 4535 1E84 CD EE 2C     	call diskviewshowselectlinea
 4536 1E87 C3 1A 1F     	jp __l_322
 4537 1E8A              __l_321:
 4538 1E8A              ; 38         } else if ((a = CurrentViewId) == FtpViewId) {
 4539 1E8A 3A 8F 1F     	ld a, (currentviewid)
 4540 1E8D FE 02        	cp 2
 4541 1E8F C2 9F 1E     	jp nz, __l_323
 4542 1E92              ; 39             FtpViewShowSelectLineA(a = 1);
 4543 1E92 3E 01        	ld a, 1
 4544 1E94 CD 43 35     	call ftpviewshowselectlinea
 4545 1E97              ; 40             DiskViewShowSelectLineA(a = 0);
 4546 1E97 3E 00        	ld a, 0
 4547 1E99 CD EE 2C     	call diskviewshowselectlinea
 4548 1E9C C3 1A 1F     	jp __l_324
 4549 1E9F              __l_323:
 4550 1E9F              ; 41         } else if ((a = CurrentViewId) == SelectDiskViewId) {
 4551 1E9F 3A 8F 1F     	ld a, (currentviewid)
 4552 1EA2 FE 03        	cp 3
 4553 1EA4 C2 B4 1E     	jp nz, __l_325
 4554 1EA7              ; 42             FtpViewShowSelectLineA(a = 0);
 4555 1EA7 3E 00        	ld a, 0
 4556 1EA9 CD 43 35     	call ftpviewshowselectlinea
 4557 1EAC              ; 43             DiskViewShowSelectLineA(a = 0);
 4558 1EAC 3E 00        	ld a, 0
 4559 1EAE CD EE 2C     	call diskviewshowselectlinea
 4560 1EB1 C3 1A 1F     	jp __l_326
 4561 1EB4              __l_325:
 4562 1EB4              ; 44         } else if ((a = CurrentViewId) == LoadViewId) {
 4563 1EB4 3A 8F 1F     	ld a, (currentviewid)
 4564 1EB7 FE 04        	cp 4
 4565 1EB9 C2 C9 1E     	jp nz, __l_327
 4566 1EBC              ; 45             FtpViewShowSelectLineA(a = 0);
 4567 1EBC 3E 00        	ld a, 0
 4568 1EBE CD 43 35     	call ftpviewshowselectlinea
 4569 1EC1              ; 46             DiskViewShowSelectLineA(a = 0);
 4570 1EC1 3E 00        	ld a, 0
 4571 1EC3 CD EE 2C     	call diskviewshowselectlinea
 4572 1EC6 C3 1A 1F     	jp __l_328
 4573 1EC9              __l_327:
 4574 1EC9              ; 47         } else if ((a = CurrentViewId) == WiFiSettingsViewId) {
 4575 1EC9 3A 8F 1F     	ld a, (currentviewid)
 4576 1ECC FE 05        	cp 5
 4577 1ECE C2 DE 1E     	jp nz, __l_329
 4578 1ED1              ; 48             FtpViewShowSelectLineA(a = 0);
 4579 1ED1 3E 00        	ld a, 0
 4580 1ED3 CD 43 35     	call ftpviewshowselectlinea
 4581 1ED6              ; 49             DiskViewShowSelectLineA(a = 0);
 4582 1ED6 3E 00        	ld a, 0
 4583 1ED8 CD EE 2C     	call diskviewshowselectlinea
 4584 1EDB C3 1A 1F     	jp __l_330
 4585 1EDE              __l_329:
 4586 1EDE              ; 50         } else if ((a = CurrentViewId) == FtpSettingsViewId) {
 4587 1EDE 3A 8F 1F     	ld a, (currentviewid)
 4588 1EE1 FE 08        	cp 8
 4589 1EE3 C2 F3 1E     	jp nz, __l_331
 4590 1EE6              ; 51             FtpViewShowSelectLineA(a = 0);
 4591 1EE6 3E 00        	ld a, 0
 4592 1EE8 CD 43 35     	call ftpviewshowselectlinea
 4593 1EEB              ; 52             DiskViewShowSelectLineA(a = 0);
 4594 1EEB 3E 00        	ld a, 0
 4595 1EED CD EE 2C     	call diskviewshowselectlinea
 4596 1EF0 C3 1A 1F     	jp __l_332
 4597 1EF3              __l_331:
 4598 1EF3              ; 53         } else if ((a = CurrentViewId) == FtpMakeDirectoryId) {
 4599 1EF3 3A 8F 1F     	ld a, (currentviewid)
 4600 1EF6 FE 0B        	cp 11
 4601 1EF8 C2 08 1F     	jp nz, __l_333
 4602 1EFB              ; 54             FtpViewShowSelectLineA(a = 0);
 4603 1EFB 3E 00        	ld a, 0
 4604 1EFD CD 43 35     	call ftpviewshowselectlinea
 4605 1F00              ; 55             DiskViewShowSelectLineA(a = 0);
 4606 1F00 3E 00        	ld a, 0
 4607 1F02 CD EE 2C     	call diskviewshowselectlinea
 4608 1F05 C3 1A 1F     	jp __l_334
 4609 1F08              __l_333:
 4610 1F08              ; 56         } else if ((a = CurrentViewId) == HelpInfoViewId) {
 4611 1F08 3A 8F 1F     	ld a, (currentviewid)
 4612 1F0B FE 0C        	cp 12
 4613 1F0D C2 1A 1F     	jp nz, __l_335
 4614 1F10              ; 57             FtpViewShowSelectLineA(a = 0);
 4615 1F10 3E 00        	ld a, 0
 4616 1F12 CD 43 35     	call ftpviewshowselectlinea
 4617 1F15              ; 58             DiskViewShowSelectLineA(a = 0);
 4618 1F15 3E 00        	ld a, 0
 4619 1F17 CD EE 2C     	call diskviewshowselectlinea
 4620 1F1A              __l_335:
 4621 1F1A              __l_334:
 4622 1F1A              __l_332:
 4623 1F1A              __l_330:
 4624 1F1A              __l_328:
 4625 1F1A              __l_326:
 4626 1F1A              __l_324:
 4627 1F1A              __l_322:
 4628 1F1A              __l_319:
 4629 1F1A C9           	ret
 4630 1F1B              ; 59         }
 4631 1F1B              ; 60     }
 4632 1F1B              ; 61 }
 4633 1F1B              ; 62
 4634 1F1B              ; 63 void CurrentViewPushCurrentId() {
 4635 1F1B              currentviewpushcurrentid:
 4636 1F1B              ; 64     push_pop(de, hl) {
 4637 1F1B D5           	push de
 4638 1F1C E5           	push hl
 4639 1F1D              ; 65         hl = CurrentViewReturnIds;
 4640 1F1D 21 7E 1F     	ld hl, currentviewreturnids
 4641 1F20              ; 66         // Add delta
 4642 1F20              ; 67         d = 0;
 4643 1F20 16 00        	ld d, 0
 4644 1F22              ; 68         a = CurrentViewReturnIdPos;
 4645 1F22 3A 8E 1F     	ld a, (currentviewreturnidpos)
 4646 1F25              ; 69         e = a;
 4647 1F25 5F           	ld e, a
 4648 1F26              ; 70         a++;
 4649 1F26 3C           	inc a
 4650 1F27              ; 71         CurrentViewReturnIdPos = a;
 4651 1F27 32 8E 1F     	ld (currentviewreturnidpos), a
 4652 1F2A              ; 72         hl += de;
 4653 1F2A 19           	add hl, de
 4654 1F2B              ; 73         // Save current ID
 4655 1F2B              ; 74         a = CurrentViewId;
 4656 1F2B 3A 8F 1F     	ld a, (currentviewid)
 4657 1F2E              ; 75         *hl = a;
 4658 1F2E 77           	ld (hl), a
 4659 1F2F E1           	pop hl
 4660 1F30 D1           	pop de
 4661 1F31 C9           	ret
 4662 1F32              ; 76     }
 4663 1F32              ; 77 }
 4664 1F32              ; 78
 4665 1F32              ; 79 // Return A - ID
 4666 1F32              ; 80 void CurrentViewPopId() {
 4667 1F32              currentviewpopid:
 4668 1F32              ; 81     if ((a = CurrentViewReturnIdPos) > 0) {
 4669 1F32 3A 8E 1F     	ld a, (currentviewreturnidpos)
 4670 1F35 B7           	or a
 4671 1F36 CA 4B 1F     	jp z, __l_337
 4672 1F39              ; 82         // Decriment
 4673 1F39              ; 83         a = CurrentViewReturnIdPos;
 4674 1F39 3A 8E 1F     	ld a, (currentviewreturnidpos)
 4675 1F3C              ; 84         a--;
 4676 1F3C 3D           	dec a
 4677 1F3D              ; 85         CurrentViewReturnIdPos = a;
 4678 1F3D 32 8E 1F     	ld (currentviewreturnidpos), a
 4679 1F40              ; 86         //--
 4680 1F40              ; 87         e = a;
 4681 1F40 5F           	ld e, a
 4682 1F41              ; 88         d = 0;
 4683 1F41 16 00        	ld d, 0
 4684 1F43              ; 89         hl = CurrentViewReturnIds;
 4685 1F43 21 7E 1F     	ld hl, currentviewreturnids
 4686 1F46              ; 90         hl += de;
 4687 1F46 19           	add hl, de
 4688 1F47              ; 91         a = *hl;
 4689 1F47 7E           	ld a, (hl)
 4690 1F48 C3 4E 1F     	jp __l_338
 4691 1F4B              __l_337:
 4692 1F4B              ; 92     } else {
 4693 1F4B              ; 93         a = CurrentViewId;
 4694 1F4B 3A 8F 1F     	ld a, (currentviewid)
 4695 1F4E              __l_338:
 4696 1F4E C9           	ret
 4697 1F4F              ; 94     }
 4698 1F4F              ; 95 }
 4699 1F4F              ; 96
 4700 1F4F              ; 97 void CurrentViewReturn() {
 4701 1F4F              currentviewreturn:
 4702 1F4F              ; 98     CurrentViewPopId();
 4703 1F4F CD 32 1F     	call currentviewpopid
 4704 1F52              ; 99     CurrentViewChangeIdA();
 4705 1F52 C3 63 1E     	jp currentviewchangeida
 4706 1F55              ; 100 }
 4707 1F55              ; 101
 4708 1F55              ; 102 /// вых [A] 1 - если активное окно DiskView или FtpView
 4709 1F55              ; 103 /// 0 - если любое другое
 4710 1F55              ; 104 void CurrentViewDiskOrFtpViewByIdA() {
 4711 1F55              currentviewdiskorftpviewbyida:
 4712 1F55              ; 105     push_pop(bc) {
 4713 1F55 C5           	push bc
 4714 1F56              ; 106         b = a;
 4715 1F56 47           	ld b, a
 4716 1F57              ; 107         if ((a = b) == DiskViewId) {
 4717 1F57 78           	ld a, b
 4718 1F58 FE 01        	cp 1
 4719 1F5A C2 65 1F     	jp nz, __l_339
 4720 1F5D              ; 108             a = 1;
 4721 1F5D 3E 01        	ld a, 1
 4722 1F5F              ; 109             CurrentViewDiskOrFtpViewFocus = a;
 4723 1F5F 32 7D 1F     	ld (currentviewdiskorftpviewfocus), a
 4724 1F62 C3 78 1F     	jp __l_340
 4725 1F65              __l_339:
 4726 1F65              ; 110         } else if ((a = b) == FtpViewId) {
 4727 1F65 78           	ld a, b
 4728 1F66 FE 02        	cp 2
 4729 1F68 C2 73 1F     	jp nz, __l_341
 4730 1F6B              ; 111             a = 1;
 4731 1F6B 3E 01        	ld a, 1
 4732 1F6D              ; 112             CurrentViewDiskOrFtpViewFocus = a;
 4733 1F6D 32 7D 1F     	ld (currentviewdiskorftpviewfocus), a
 4734 1F70 C3 78 1F     	jp __l_342
 4735 1F73              __l_341:
 4736 1F73              ; 113         } else {
 4737 1F73              ; 114             a = 0;
 4738 1F73 3E 00        	ld a, 0
 4739 1F75              ; 115             CurrentViewDiskOrFtpViewFocus = a;
 4740 1F75 32 7D 1F     	ld (currentviewdiskorftpviewfocus), a
 4741 1F78              __l_342:
 4742 1F78              __l_340:
 4743 1F78 C1           	pop bc
 4744 1F79              ; 116         }
 4745 1F79              ; 117     }
 4746 1F79              ; 118     a =  CurrentViewDiskOrFtpViewFocus;
 4747 1F79 3A 7D 1F     	ld a, (currentviewdiskorftpviewfocus)
 4748 1F7C C9           	ret
 4749 1F7D              ; 119 }
 4750 1F7D              ; 120
 4751 1F7D              ; 121 uint8_t CurrentViewDiskOrFtpViewFocus = 0;
 4752 1F7D              currentviewdiskorftpviewfocus:
 4753 1F7D 00           	db 0
 4754 1F7E              ; 123 uint8_t CurrentViewReturnIds[16];
 4755 1F7E              currentviewreturnids:
 4756 1F7E 00 00 00...  	ds 16
 4757 1F8E              ; 124 uint8_t CurrentViewReturnIdPos = 0;
 4758 1F8E              currentviewreturnidpos:
 4759 1F8E 00           	db 0
 4760 1F8F              ; 125 uint8_t CurrentViewId = FtpViewId;
 4761 1F8F              currentviewid:
 4762 1F8F 02           	db 2
 4763 1F90              ; 126 uint8_t FtpNetStateChange = 0;
 4764 1F90              ftpnetstatechange:
 4765 1F90 00           	db 0
 4766 1F91              ; 127 uint8_t WiFiNetStateChange = 0;
 4767 1F91              wifinetstatechange:
 4768 1F91 00           	db 0
 4769 1F92              ; 11 uint8_t StringLocaleOK[] = "Ok";
 4770 1F92              stringlocaleok:
 4771 1F92 4F           	db 79
 4772 1F93 6B           	db 107
 4773 1F94 00           	ds 1
 4774 1F95              ; 12 uint8_t StringLocaleYes[] = "Yes";
 4775 1F95              stringlocaleyes:
 4776 1F95 59           	db 89
 4777 1F96 65           	db 101
 4778 1F97 73           	db 115
 4779 1F98 00           	ds 1
 4780 1F99              ; 13 uint8_t StringLocaleNo[] = "No";
 4781 1F99              stringlocaleno:
 4782 1F99 4E           	db 78
 4783 1F9A 6F           	db 111
 4784 1F9B 00           	ds 1
 4785 1F9C              ; 14 uint8_t StringLocaleEraseFile[] = "Erase file";
 4786 1F9C              stringlocaleerasefile:
 4787 1F9C 45           	db 69
 4788 1F9D 72           	db 114
 4789 1F9E 61           	db 97
 4790 1F9F 73           	db 115
 4791 1FA0 65           	db 101
 4792 1FA1 20           	db 32
 4793 1FA2 66           	db 102
 4794 1FA3 69           	db 105
 4795 1FA4 6C           	db 108
 4796 1FA5 65           	db 101
 4797 1FA6 00           	ds 1
 4798 1FA7              ; 15 uint8_t StringLocaleFileNotFound[] = "File not found";
 4799 1FA7              stringlocalefilenotfound:
 4800 1FA7 46           	db 70
 4801 1FA8 69           	db 105
 4802 1FA9 6C           	db 108
 4803 1FAA 65           	db 101
 4804 1FAB 20           	db 32
 4805 1FAC 6E           	db 110
 4806 1FAD 6F           	db 111
 4807 1FAE 74           	db 116
 4808 1FAF 20           	db 32
 4809 1FB0 66           	db 102
 4810 1FB1 6F           	db 111
 4811 1FB2 75           	db 117
 4812 1FB3 6E           	db 110
 4813 1FB4 64           	db 100
 4814 1FB5 00           	ds 1
 4815 1FB6              ; 16 uint8_t StringLocaleFileReadOnly[] = "File read-only";
 4816 1FB6              stringlocalefilereadonly:
 4817 1FB6 46           	db 70
 4818 1FB7 69           	db 105
 4819 1FB8 6C           	db 108
 4820 1FB9 65           	db 101
 4821 1FBA 20           	db 32
 4822 1FBB 72           	db 114
 4823 1FBC 65           	db 101
 4824 1FBD 61           	db 97
 4825 1FBE 64           	db 100
 4826 1FBF 2D           	db 45
 4827 1FC0 6F           	db 111
 4828 1FC1 6E           	db 110
 4829 1FC2 6C           	db 108
 4830 1FC3 79           	db 121
 4831 1FC4 00           	ds 1
 4832 1FC5              ; 17 uint8_t StringLocaleNetTimeOut[] = "Net timeout";
 4833 1FC5              stringlocalenettimeout:
 4834 1FC5 4E           	db 78
 4835 1FC6 65           	db 101
 4836 1FC7 74           	db 116
 4837 1FC8 20           	db 32
 4838 1FC9 74           	db 116
 4839 1FCA 69           	db 105
 4840 1FCB 6D           	db 109
 4841 1FCC 65           	db 101
 4842 1FCD 6F           	db 111
 4843 1FCE 75           	db 117
 4844 1FCF 74           	db 116
 4845 1FD0 00           	ds 1
 4846 1FD1              ; 19 uint8_t StringLocaleNetFtpDeleteFileError[] = "FTP file not delete";
 4847 1FD1              stringlocalenetftpdeletefileerro:
 4848 1FD1 46           	db 70
 4849 1FD2 54           	db 84
 4850 1FD3 50           	db 80
 4851 1FD4 20           	db 32
 4852 1FD5 66           	db 102
 4853 1FD6 69           	db 105
 4854 1FD7 6C           	db 108
 4855 1FD8 65           	db 101
 4856 1FD9 20           	db 32
 4857 1FDA 6E           	db 110
 4858 1FDB 6F           	db 111
 4859 1FDC 74           	db 116
 4860 1FDD 20           	db 32
 4861 1FDE 64           	db 100
 4862 1FDF 65           	db 101
 4863 1FE0 6C           	db 108
 4864 1FE1 65           	db 101
 4865 1FE2 74           	db 116
 4866 1FE3 65           	db 101
 4867 1FE4 00           	ds 1
 4868 1FE5              ; 20 uint8_t StringLocaleNetFtpConnectError[] = "FTP connect error";
 4869 1FE5              stringlocalenetftpconnecterror:
 4870 1FE5 46           	db 70
 4871 1FE6 54           	db 84
 4872 1FE7 50           	db 80
 4873 1FE8 20           	db 32
 4874 1FE9 63           	db 99
 4875 1FEA 6F           	db 111
 4876 1FEB 6E           	db 110
 4877 1FEC 6E           	db 110
 4878 1FED 65           	db 101
 4879 1FEE 63           	db 99
 4880 1FEF 74           	db 116
 4881 1FF0 20           	db 32
 4882 1FF1 65           	db 101
 4883 1FF2 72           	db 114
 4884 1FF3 72           	db 114
 4885 1FF4 6F           	db 111
 4886 1FF5 72           	db 114
 4887 1FF6 00           	ds 1
 4888 1FF7              ; 21 uint8_t StringLocaleNetWiFiConnectError[] = "WiFi connect error";
 4889 1FF7              stringlocalenetwificonnecterror:
 4890 1FF7 57           	db 87
 4891 1FF8 69           	db 105
 4892 1FF9 46           	db 70
 4893 1FFA 69           	db 105
 4894 1FFB 20           	db 32
 4895 1FFC 63           	db 99
 4896 1FFD 6F           	db 111
 4897 1FFE 6E           	db 110
 4898 1FFF 6E           	db 110
 4899 2000 65           	db 101
 4900 2001 63           	db 99
 4901 2002 74           	db 116
 4902 2003 20           	db 32
 4903 2004 65           	db 101
 4904 2005 72           	db 114
 4905 2006 72           	db 114
 4906 2007 6F           	db 111
 4907 2008 72           	db 114
 4908 2009 00           	ds 1
 4909 200A              ; 22 uint8_t StringLocaleDiskFull[] = "Disk full";
 4910 200A              stringlocalediskfull:
 4911 200A 44           	db 68
 4912 200B 69           	db 105
 4913 200C 73           	db 115
 4914 200D 6B           	db 107
 4915 200E 20           	db 32
 4916 200F 66           	db 102
 4917 2010 75           	db 117
 4918 2011 6C           	db 108
 4919 2012 6C           	db 108
 4920 2013 00           	ds 1
 4921 2014              ; 23 uint8_t StringLocaleDiskFormat[] = "Format the disk?";
 4922 2014              stringlocalediskformat:
 4923 2014 46           	db 70
 4924 2015 6F           	db 111
 4925 2016 72           	db 114
 4926 2017 6D           	db 109
 4927 2018 61           	db 97
 4928 2019 74           	db 116
 4929 201A 20           	db 32
 4930 201B 74           	db 116
 4931 201C 68           	db 104
 4932 201D 65           	db 101
 4933 201E 20           	db 32
 4934 201F 64           	db 100
 4935 2020 69           	db 105
 4936 2021 73           	db 115
 4937 2022 6B           	db 107
 4938 2023 3F           	db 63
 4939 2024 00           	ds 1
 4940 2025              ; 25 uint16_t StringLocaleAddress = 0;
 4941 2025              stringlocaleaddress:
 4942 2025 00 00        	dw 0
 4943 2027              ; 27 void StringLocaleAddDEInHL() {
 4944 2027              stringlocaleadddeinhl:
 4945 2027              ; 28     do {
 4946 2027              __l_343:
 4947 2027              ; 29         a = *de;
 4948 2027 1A           	ld a, (de)
 4949 2028              ; 30         if (a > 0) {
 4950 2028 B7           	or a
 4951 2029 CA 2F 20     	jp z, __l_346
 4952 202C              ; 31             *hl = a;
 4953 202C 77           	ld (hl), a
 4954 202D              ; 32             de++;
 4955 202D 13           	inc de
 4956 202E              ; 33             hl++;
 4957 202E 23           	inc hl
 4958 202F              __l_346:
 4959 202F              __l_344:
 4960 202F              ; 34         }
 4961 202F              ; 35     } while (a > 0);
 4962 202F B7           	or a
 4963 2030 C2 27 20     	jp nz, __l_343
 4964 2033 C9           	ret
 4965 2034              ; 36 }
 4966 2034              ; 37
 4967 2034              ; 38 void StringLocaleAddSpaceInHL() {
 4968 2034              stringlocaleaddspaceinhl:
 4969 2034              ; 39     a = ' ';
 4970 2034 3E 20        	ld a, 32
 4971 2036              ; 40     StringLocaleCharAToHL();
 4972 2036              ; 41 }
 4973 2036              ; 42
 4974 2036              ; 43 void StringLocaleCharAToHL() {
 4975 2036              stringlocalecharatohl:
 4976 2036              ; 44     *hl = a;
 4977 2036 77           	ld (hl), a
 4978 2037              ; 45     hl++;
 4979 2037 23           	inc hl
 4980 2038 C9           	ret
 4981 2039              ; 46 }
 4982 2039              ; 47
 4983 2039              ; 48 void StringLocaleCharAToAddress() {
 4984 2039              stringlocalecharatoaddress:
 4985 2039              ; 49     push_pop(hl) {
 4986 2039 E5           	push hl
 4987 203A              ; 50         hl = StringLocaleAddress;
 4988 203A 2A 25 20     	ld hl, (stringlocaleaddress)
 4989 203D              ; 51         *hl = a;
 4990 203D 77           	ld (hl), a
 4991 203E              ; 52         hl++;
 4992 203E 23           	inc hl
 4993 203F              ; 53         StringLocaleAddress = hl;
 4994 203F 22 25 20     	ld (stringlocaleaddress), hl
 4995 2042 E1           	pop hl
 4996 2043 C9           	ret
 4997 2044              ; 54     }
 4998 2044              ; 55 }
 4999 2044              ; 56
 5000 2044              ; 57 void StringLocaleAsDec4095HL() {
 5001 2044              stringlocaleasdec4095hl:
 5002 2044              ; 58     push_pop(bc, de) {
 5003 2044 C5           	push bc
 5004 2045 D5           	push de
 5005 2046              ; 59         de = 0x0FFF;
 5006 2046 11 FF 0F     	ld de, 4095
 5007 2049              ; 60         compareHlDe();
 5008 2049 CD CF 1D     	call comparehlde
 5009 204C              ; 61         if (flag_nc) {
 5010 204C DA E7 20     	jp c, __l_348
 5011 204F              ; 62             c = 0; // Признак ведущего нуля (0 - ставить " ", а не 0)
 5012 204F 0E 00        	ld c, 0
 5013 2051              ; 63             //1000
 5014 2051              ; 64             de = 0x03E8;
 5015 2051 11 E8 03     	ld de, 1000
 5016 2054              ; 65             compareHlDe();
 5017 2054 CD CF 1D     	call comparehlde
 5018 2057              ; 66             if (flag_c) {
 5019 2057 D2 75 20     	jp nc, __l_350
 5020 205A              ; 67                 b = 0;
 5021 205A 06 00        	ld b, 0
 5022 205C              ; 68                 do {
 5023 205C              __l_352:
 5024 205C              ; 69                     de = 0xFC18;
 5025 205C 11 18 FC     	ld de, 64536
 5026 205F              ; 70                     hl += de;
 5027 205F 19           	add hl, de
 5028 2060              ; 71                     b++;
 5029 2060 04           	inc b
 5030 2061              ; 72                     de = 0x03E8;
 5031 2061 11 E8 03     	ld de, 1000
 5032 2064              ; 73                     compareHlDe();
 5033 2064 CD CF 1D     	call comparehlde
 5034 2067              __l_353:
 5035 2067 DA 5C 20     	jp c, __l_352
 5036 206A              ; 74                 } while (flag_c);
 5037 206A              ; 75                 a = b;
 5038 206A 78           	ld a, b
 5039 206B              ; 76                 a += '0';
 5040 206B C6 30        	add 48
 5041 206D              ; 77                 StringLocaleCharAToAddress();
 5042 206D CD 39 20     	call stringlocalecharatoaddress
 5043 2070              ; 78                 c = 1;
 5044 2070 0E 01        	ld c, 1
 5045 2072 C3 7A 20     	jp __l_351
 5046 2075              __l_350:
 5047 2075              ; 79             } else {
 5048 2075              ; 80                 StringLocaleCharAToAddress(a = ' ');
 5049 2075 3E 20        	ld a, 32
 5050 2077 CD 39 20     	call stringlocalecharatoaddress
 5051 207A              __l_351:
 5052 207A              ; 81             }
 5053 207A              ; 82             //0100
 5054 207A              ; 83             de = 0x0064;
 5055 207A 11 64 00     	ld de, 100
 5056 207D              ; 84             compareHlDe();
 5057 207D CD CF 1D     	call comparehlde
 5058 2080              ; 85             if (flag_c) {
 5059 2080 D2 9E 20     	jp nc, __l_355
 5060 2083              ; 86                 b = 0;
 5061 2083 06 00        	ld b, 0
 5062 2085              ; 87                 do {
 5063 2085              __l_357:
 5064 2085              ; 88                     de = 0xFF9C;
 5065 2085 11 9C FF     	ld de, 65436
 5066 2088              ; 89                     hl += de;
 5067 2088 19           	add hl, de
 5068 2089              ; 90                     b++;
 5069 2089 04           	inc b
 5070 208A              ; 91                     de = 0x0064;
 5071 208A 11 64 00     	ld de, 100
 5072 208D              ; 92                     compareHlDe();
 5073 208D CD CF 1D     	call comparehlde
 5074 2090              __l_358:
 5075 2090 DA 85 20     	jp c, __l_357
 5076 2093              ; 93                 } while (flag_c);
 5077 2093              ; 94                 a = b;
 5078 2093 78           	ld a, b
 5079 2094              ; 95                 a += '0';
 5080 2094 C6 30        	add 48
 5081 2096              ; 96                 StringLocaleCharAToAddress();
 5082 2096 CD 39 20     	call stringlocalecharatoaddress
 5083 2099              ; 97                 c = 1;
 5084 2099 0E 01        	ld c, 1
 5085 209B C3 B0 20     	jp __l_356
 5086 209E              __l_355:
 5087 209E              ; 98             } else {
 5088 209E              ; 99                 if ((a = c) == 0) {
 5089 209E 79           	ld a, c
 5090 209F B7           	or a
 5091 20A0 C2 AB 20     	jp nz, __l_360
 5092 20A3              ; 100                     StringLocaleCharAToAddress(a = ' ');
 5093 20A3 3E 20        	ld a, 32
 5094 20A5 CD 39 20     	call stringlocalecharatoaddress
 5095 20A8 C3 B0 20     	jp __l_361
 5096 20AB              __l_360:
 5097 20AB              ; 101                 } else {
 5098 20AB              ; 102                     StringLocaleCharAToAddress(a = '0');
 5099 20AB 3E 30        	ld a, 48
 5100 20AD CD 39 20     	call stringlocalecharatoaddress
 5101 20B0              __l_361:
 5102 20B0              __l_356:
 5103 20B0              ; 103                 }
 5104 20B0              ; 104             }
 5105 20B0              ; 105             a = l;
 5106 20B0 7D           	ld a, l
 5107 20B1              ; 106             if ((a = l) >= 10) {
 5108 20B1 7D           	ld a, l
 5109 20B2 FE 0A        	cp 10
 5110 20B4 DA CF 20     	jp c, __l_362
 5111 20B7              ; 107                 b = 0;
 5112 20B7 06 00        	ld b, 0
 5113 20B9              ; 108                 do {
 5114 20B9              __l_364:
 5115 20B9              ; 109                     a = l;
 5116 20B9 7D           	ld a, l
 5117 20BA              ; 110                     a -= 10;
 5118 20BA D6 0A        	sub 10
 5119 20BC              ; 111                     l = a;
 5120 20BC 6F           	ld l, a
 5121 20BD              ; 112                     b++;
 5122 20BD 04           	inc b
 5123 20BE              __l_365:
 5124 20BE              ; 113                 } while ((a = l) >= 10);
 5125 20BE 7D           	ld a, l
 5126 20BF FE 0A        	cp 10
 5127 20C1 D2 B9 20     	jp nc, __l_364
 5128 20C4              ; 114                 a = b;
 5129 20C4 78           	ld a, b
 5130 20C5              ; 115                 a += '0';
 5131 20C5 C6 30        	add 48
 5132 20C7              ; 116                 StringLocaleCharAToAddress();
 5133 20C7 CD 39 20     	call stringlocalecharatoaddress
 5134 20CA              ; 117                 c = 1;
 5135 20CA 0E 01        	ld c, 1
 5136 20CC C3 E1 20     	jp __l_363
 5137 20CF              __l_362:
 5138 20CF              ; 118             } else {
 5139 20CF              ; 119                 if ((a = c) == 0) {
 5140 20CF 79           	ld a, c
 5141 20D0 B7           	or a
 5142 20D1 C2 DC 20     	jp nz, __l_367
 5143 20D4              ; 120                     StringLocaleCharAToAddress(a = ' ');
 5144 20D4 3E 20        	ld a, 32
 5145 20D6 CD 39 20     	call stringlocalecharatoaddress
 5146 20D9 C3 E1 20     	jp __l_368
 5147 20DC              __l_367:
 5148 20DC              ; 121                 } else {
 5149 20DC              ; 122                     StringLocaleCharAToAddress(a = '0');
 5150 20DC 3E 30        	ld a, 48
 5151 20DE CD 39 20     	call stringlocalecharatoaddress
 5152 20E1              __l_368:
 5153 20E1              __l_363:
 5154 20E1              ; 123                 }
 5155 20E1              ; 124             }
 5156 20E1              ; 125             //0001
 5157 20E1              ; 126             a = l;
 5158 20E1 7D           	ld a, l
 5159 20E2              ; 127             a += '0';
 5160 20E2 C6 30        	add 48
 5161 20E4              ; 128             StringLocaleCharAToAddress();
 5162 20E4 CD 39 20     	call stringlocalecharatoaddress
 5163 20E7              __l_348:
 5164 20E7 D1           	pop de
 5165 20E8 C1           	pop bc
 5166 20E9 C9           	ret
 5167 20EA              ; 129         }
 5168 20EA              ; 130     }
 5169 20EA              ; 131 }
 5170 20EA              ; 132
 5171 20EA              ; 133 void StringLocaleMyAsDec99AToHL() {
 5172 20EA              stringlocalemyasdec99atohl:
 5173 20EA              ; 134     if (a < 0x64) {
 5174 20EA FE 64        	cp 100
 5175 20EC D2 21 21     	jp nc, __l_369
 5176 20EF              ; 135         push_pop(bc, de) {
 5177 20EF C5           	push bc
 5178 20F0 D5           	push de
 5179 20F1              ; 136             b = a;
 5180 20F1 47           	ld b, a
 5181 20F2              ; 137             c = a;
 5182 20F2 4F           	ld c, a
 5183 20F3              ; 138             d = 0;
 5184 20F3 16 00        	ld d, 0
 5185 20F5              ; 139             e = 10;
 5186 20F5 1E 0A        	ld e, 10
 5187 20F7              ; 140             if ((a = b) < e) {
 5188 20F7 78           	ld a, b
 5189 20F8 BB           	cp e
 5190 20F9 D2 0A 21     	jp nc, __l_371
 5191 20FC              ; 141                 StringLocaleCharAToHL(a = ' ');
 5192 20FC 3E 20        	ld a, 32
 5193 20FE CD 36 20     	call stringlocalecharatohl
 5194 2101              ; 142                 a = b;
 5195 2101 78           	ld a, b
 5196 2102              ; 143                 a += '0';
 5197 2102 C6 30        	add 48
 5198 2104              ; 144                 StringLocaleCharAToHL();
 5199 2104 CD 36 20     	call stringlocalecharatohl
 5200 2107 C3 1F 21     	jp __l_372
 5201 210A              __l_371:
 5202 210A              ; 145             } else {
 5203 210A              ; 146                 do {
 5204 210A              __l_373:
 5205 210A              ; 147                     a = b;
 5206 210A 78           	ld a, b
 5207 210B              ; 148                     a -= e;
 5208 210B 93           	sub e
 5209 210C              ; 149                     b = a;
 5210 210C 47           	ld b, a
 5211 210D              ; 150                     d++;
 5212 210D 14           	inc d
 5213 210E              __l_374:
 5214 210E              ; 151                 } while ((a = b) >= e);
 5215 210E 78           	ld a, b
 5216 210F BB           	cp e
 5217 2110 D2 0A 21     	jp nc, __l_373
 5218 2113              ; 152                 a = d;
 5219 2113 7A           	ld a, d
 5220 2114              ; 153                 a += '0';
 5221 2114 C6 30        	add 48
 5222 2116              ; 154                 StringLocaleCharAToHL();
 5223 2116 CD 36 20     	call stringlocalecharatohl
 5224 2119              ; 155                 a = b;
 5225 2119 78           	ld a, b
 5226 211A              ; 156                 a += '0';
 5227 211A C6 30        	add 48
 5228 211C              ; 157                 StringLocaleCharAToHL();
 5229 211C CD 36 20     	call stringlocalecharatohl
 5230 211F              __l_372:
 5231 211F D1           	pop de
 5232 2120 C1           	pop bc
 5233 2121              __l_369:
 5234 2121 C9           	ret
 5235 2122              ; 158             }
 5236 2122              ; 159         }
 5237 2122              ; 160     }
 5238 2122              ; 161 }
 5239 2122              ; 162
 5240 2122              ; 163 void StringLocaleShow4CharSizeDEByHL() {
 5241 2122              stringlocaleshow4charsizedebyhl:
 5242 2122              ; 164     if ((a = d) < 4) { // < 1024 в байтах //flag_c
 5243 2122 7A           	ld a, d
 5244 2123 FE 04        	cp 4
 5245 2125 D2 38 21     	jp nc, __l_376
 5246 2128              ; 165         StringLocaleAddress = hl;
 5247 2128 22 25 20     	ld (stringlocaleaddress), hl
 5248 212B              ; 166         push_pop(hl) {
 5249 212B E5           	push hl
 5250 212C              ; 167             //hl = LoadViewInfoSubString;
 5251 212C              ; 168             //StringLocaleAddress = hl;
 5252 212C              ; 169             h = d;
 5253 212C 62           	ld h, d
 5254 212D              ; 170             l = e;
 5255 212D 6B           	ld l, e
 5256 212E              ; 171             StringLocaleAsDec4095HL();
 5257 212E CD 44 20     	call stringlocaleasdec4095hl
 5258 2131 E1           	pop hl
 5259 2132              ; 172         }
 5260 2132              ; 173         hl = StringLocaleAddress;
 5261 2132 2A 25 20     	ld hl, (stringlocaleaddress)
 5262 2135 C3 48 21     	jp __l_377
 5263 2138              __l_376:
 5264 2138              ; 174     } else { // В Кб
 5265 2138              ; 175         a = d;
 5266 2138 7A           	ld a, d
 5267 2139              ; 176         a &= 0xFC;
 5268 2139 E6 FC        	and 252
 5269 213B              ; 177         cyclic_rotate_right(a, 2);
 5270 213B 0F           	rrca
 5271 213C 0F           	rrca
 5272 213D              ; 178         StringLocaleMyAsDec99AToHL();
 5273 213D CD EA 20     	call stringlocalemyasdec99atohl
 5274 2140              ; 179         a = 'K';
 5275 2140 3E 4B        	ld a, 75
 5276 2142              ; 180         *hl = a;
 5277 2142 77           	ld (hl), a
 5278 2143              ; 181         hl++;
 5279 2143 23           	inc hl
 5280 2144              ; 182         a = 'b';
 5281 2144 3E 62        	ld a, 98
 5282 2146              ; 183         *hl = a;
 5283 2146 77           	ld (hl), a
 5284 2147              ; 184         hl++;
 5285 2147 23           	inc hl
 5286 2148              __l_377:
 5287 2148 C9           	ret
 5288 2149              ; 185     }
 5289 2149              ; 186 }
 5290 2149              ; 187
 5291 2149              ; 188 void StringLocaleCreateLoadTitleA() {
 5292 2149              stringlocalecreateloadtitlea:
 5293 2149              ; 189     push_pop(bc, hl, de) {
 5294 2149 C5           	push bc
 5295 214A E5           	push hl
 5296 214B D5           	push de
 5297 214C              ; 190         hl = LoadViewInfoString;
 5298 214C 21 BC 39     	ld hl, loadviewinfostring
 5299 214F              ; 191         // From
 5300 214F              ; 192         de = LoadViewStrFrom;
 5301 214F 11 0E 3A     	ld de, loadviewstrfrom
 5302 2152              ; 193         StringLocaleAddDEInHL();
 5303 2152 CD 27 20     	call stringlocaleadddeinhl
 5304 2155              ; 194         StringLocaleAddSpaceInHL();
 5305 2155 CD 34 20     	call stringlocaleaddspaceinhl
 5306 2158              ; 195         // ftp path
 5307 2158              ; 196         de = FtpViewPath;
 5308 2158 11 41 37     	ld de, ftpviewpath
 5309 215B              ; 197         b = 27 - 7;
 5310 215B 06 14        	ld b, 20
 5311 215D              ; 198         c = 0;
 5312 215D 0E 00        	ld c, 0
 5313 215F              ; 199         do {
 5314 215F              __l_378:
 5315 215F              ; 200             if ((a = c) == 0) {
 5316 215F 79           	ld a, c
 5317 2160 B7           	or a
 5318 2161 C2 77 21     	jp nz, __l_381
 5319 2164              ; 201                 a = *de;
 5320 2164 1A           	ld a, (de)
 5321 2165              ; 202                 if (a > 0) {
 5322 2165 B7           	or a
 5323 2166 CA 6F 21     	jp z, __l_383
 5324 2169              ; 203                     *hl = a;
 5325 2169 77           	ld (hl), a
 5326 216A              ; 204                     de++;
 5327 216A 13           	inc de
 5328 216B              ; 205                     hl++;
 5329 216B 23           	inc hl
 5330 216C C3 74 21     	jp __l_384
 5331 216F              __l_383:
 5332 216F              ; 206                 } else {
 5333 216F              ; 207                     c = 1;
 5334 216F 0E 01        	ld c, 1
 5335 2171              ; 208                     StringLocaleAddSpaceInHL();
 5336 2171 CD 34 20     	call stringlocaleaddspaceinhl
 5337 2174              __l_384:
 5338 2174 C3 7A 21     	jp __l_382
 5339 2177              __l_381:
 5340 2177              ; 209                 }
 5341 2177              ; 210             } else {
 5342 2177              ; 211                 StringLocaleAddSpaceInHL();
 5343 2177 CD 34 20     	call stringlocaleaddspaceinhl
 5344 217A              __l_382:
 5345 217A              ; 212             }
 5346 217A              ; 213             b--;
 5347 217A 05           	dec b
 5348 217B              __l_379:
 5349 217B              ; 214         } while ((a = b) > 0);
 5350 217B 78           	ld a, b
 5351 217C B7           	or a
 5352 217D C2 5F 21     	jp nz, __l_378
 5353 2180              ; 215         // Name
 5354 2180              ; 216         de = LoadViewStrName;
 5355 2180 11 18 3A     	ld de, loadviewstrname
 5356 2183              ; 217         StringLocaleAddDEInHL();
 5357 2183 CD 27 20     	call stringlocaleadddeinhl
 5358 2186              ; 218         StringLocaleAddSpaceInHL();
 5359 2186 CD 34 20     	call stringlocaleaddspaceinhl
 5360 2189              ; 219         // FileName
 5361 2189              ; 220         de = FtpViewFilesList;
 5362 2189 11 53 37     	ld de, ftpviewfileslist
 5363 218C              ; 221         push_pop(hl) {
 5364 218C E5           	push hl
 5365 218D              ; 222             a ^= a;
 5366 218D AF           	xor a
 5367 218E              ; 223             d = 0;
 5368 218E 16 00        	ld d, 0
 5369 2190              ; 224             a = FtpViewFileCurrentPos;
 5370 2190 3A 51 37     	ld a, (ftpviewfilecurrentpos)
 5371 2193              ; 225             carry_rotate_left(a, 4);
 5372 2193 17           	rla
 5373 2194 17           	rla
 5374 2195 17           	rla
 5375 2196 17           	rla
 5376 2197              ; 226             e = a;
 5377 2197 5F           	ld e, a
 5378 2198              ; 227             if (flag_c) {
 5379 2198 D2 9C 21     	jp nc, __l_385
 5380 219B              ; 228                 d++;
 5381 219B 14           	inc d
 5382 219C              __l_385:
 5383 219C              ; 229             }
 5384 219C              ; 230             hl = FtpViewFilesList;
 5385 219C 21 53 37     	ld hl, ftpviewfileslist
 5386 219F              ; 231             hl += de;
 5387 219F 19           	add hl, de
 5388 21A0              ; 232             d = h;
 5389 21A0 54           	ld d, h
 5390 21A1              ; 233             e = l;
 5391 21A1 5D           	ld e, l
 5392 21A2              ; 234             // get address
 5393 21A2              ; 235             push_pop(de) {
 5394 21A2 D5           	push de
 5395 21A3              ; 236                 de = 8;
 5396 21A3 11 08 00     	ld de, 8
 5397 21A6              ; 237                 hl += de;
 5398 21A6 19           	add hl, de
 5399 21A7              ; 238                 d = h;
 5400 21A7 54           	ld d, h
 5401 21A8              ; 239                 e = l;
 5402 21A8 5D           	ld e, l
 5403 21A9              ; 240                 a = *de;
 5404 21A9 1A           	ld a, (de)
 5405 21AA              ; 241                 h = a;
 5406 21AA 67           	ld h, a
 5407 21AB              ; 242                 de++;
 5408 21AB 13           	inc de
 5409 21AC              ; 243                 a = *de;
 5410 21AC 1A           	ld a, (de)
 5411 21AD              ; 244                 l = a;
 5412 21AD 6F           	ld l, a
 5413 21AE              ; 245                 StringLocaleAddress = hl;
 5414 21AE 22 25 20     	ld (stringlocaleaddress), hl
 5415 21B1 D1           	pop de
 5416 21B2 E1           	pop hl
 5417 21B3              ; 246             }
 5418 21B3              ; 247         }
 5419 21B3              ; 248         b = 8;
 5420 21B3 06 08        	ld b, 8
 5421 21B5              ; 249         do {
 5422 21B5              __l_387:
 5423 21B5              ; 250             a = *de;
 5424 21B5 1A           	ld a, (de)
 5425 21B6              ; 251             *hl = a;
 5426 21B6 77           	ld (hl), a
 5427 21B7              ; 252             de++;
 5428 21B7 13           	inc de
 5429 21B8              ; 253             hl++;
 5430 21B8 23           	inc hl
 5431 21B9              ; 254             b--;
 5432 21B9 05           	dec b
 5433 21BA              __l_388:
 5434 21BA              ; 255         } while ((a = b) > 0);
 5435 21BA 78           	ld a, b
 5436 21BB B7           	or a
 5437 21BC C2 B5 21     	jp nz, __l_387
 5438 21BF              ; 256         // Stop
 5439 21BF              ; 257         *hl = 0;
 5440 21BF 36 00        	ld (hl), 0
 5441 21C1              ; 258
 5442 21C1              ; 259         hl = LoadViewInfoSubString;
 5443 21C1 21 E5 39     	ld hl, loadviewinfosubstring
 5444 21C4              ; 260         // to
 5445 21C4              ; 261         de = LoadViewStrTo;
 5446 21C4 11 14 3A     	ld de, loadviewstrto
 5447 21C7              ; 262         StringLocaleAddDEInHL();
 5448 21C7 CD 27 20     	call stringlocaleadddeinhl
 5449 21CA              ; 263         StringLocaleAddSpaceInHL();
 5450 21CA CD 34 20     	call stringlocaleaddspaceinhl
 5451 21CD              ; 264         // Disk
 5452 21CD              ; 265         a = DiskViewDiskNum;
 5453 21CD 3A 2A 2D     	ld a, (diskviewdisknum)
 5454 21D0              ; 266         *hl = a;
 5455 21D0 77           	ld (hl), a
 5456 21D1              ; 267         hl++;
 5457 21D1 23           	inc hl
 5458 21D2              ; 268         *hl = ':';
 5459 21D2 36 3A        	ld (hl), 58
 5460 21D4              ; 269         hl++;
 5461 21D4 23           	inc hl
 5462 21D5              ; 270         // Space 27
 5463 21D5              ; 271         b = 27 - 7;
 5464 21D5 06 14        	ld b, 20
 5465 21D7              ; 272         do {
 5466 21D7              __l_390:
 5467 21D7              ; 273             StringLocaleAddSpaceInHL();
 5468 21D7 CD 34 20     	call stringlocaleaddspaceinhl
 5469 21DA              ; 274             b--;
 5470 21DA 05           	dec b
 5471 21DB              __l_391:
 5472 21DB              ; 275         } while ((a = b) > 0);
 5473 21DB 78           	ld a, b
 5474 21DC B7           	or a
 5475 21DD C2 D7 21     	jp nz, __l_390
 5476 21E0              ; 276         // Size
 5477 21E0              ; 277         de = LoadViewStrSize;
 5478 21E0 11 1E 3A     	ld de, loadviewstrsize
 5479 21E3              ; 278         StringLocaleAddDEInHL();
 5480 21E3 CD 27 20     	call stringlocaleadddeinhl
 5481 21E6              ; 279         StringLocaleAddSpaceInHL();
 5482 21E6 CD 34 20     	call stringlocaleaddspaceinhl
 5483 21E9              ; 280         // Size value
 5484 21E9              ; 281         push_pop(hl) {
 5485 21E9 E5           	push hl
 5486 21EA              ; 282             hl = StringLocaleAddress;
 5487 21EA 2A 25 20     	ld hl, (stringlocaleaddress)
 5488 21ED              ; 283             d = h;
 5489 21ED 54           	ld d, h
 5490 21EE              ; 284             e = l;
 5491 21EE 5D           	ld e, l
 5492 21EF E1           	pop hl
 5493 21F0              ; 285         }
 5494 21F0              ; 286         StringLocaleShow4CharSizeDEByHL();
 5495 21F0 CD 22 21     	call stringlocaleshow4charsizedebyhl
 5496 21F3              ; 287         // Stop
 5497 21F3              ; 288         *hl = 0;
 5498 21F3 36 00        	ld (hl), 0
 5499 21F5 D1           	pop de
 5500 21F6 E1           	pop hl
 5501 21F7 C1           	pop bc
 5502 21F8 C9           	ret
 5503 21F9              ; 289     }
 5504 21F9              ; 290 }
 5505 21F9              ; 291
 5506 21F9              ; 292 void StringLocaleCreateUploadTitleA() {
 5507 21F9              stringlocalecreateuploadtitlea:
 5508 21F9              ; 293     push_pop(bc, hl, de) {
 5509 21F9 C5           	push bc
 5510 21FA E5           	push hl
 5511 21FB D5           	push de
 5512 21FC              ; 294         hl = LoadViewInfoString;
 5513 21FC 21 BC 39     	ld hl, loadviewinfostring
 5514 21FF              ; 295         // From
 5515 21FF              ; 296         de = LoadViewStrFrom;
 5516 21FF 11 0E 3A     	ld de, loadviewstrfrom
 5517 2202              ; 297         StringLocaleAddDEInHL();
 5518 2202 CD 27 20     	call stringlocaleadddeinhl
 5519 2205              ; 298         StringLocaleAddSpaceInHL();
 5520 2205 CD 34 20     	call stringlocaleaddspaceinhl
 5521 2208              ; 299         // Disk
 5522 2208              ; 300         a = DiskViewDiskNum;
 5523 2208 3A 2A 2D     	ld a, (diskviewdisknum)
 5524 220B              ; 301         *hl = a;
 5525 220B 77           	ld (hl), a
 5526 220C              ; 302         hl++;
 5527 220C 23           	inc hl
 5528 220D              ; 303         *hl = ':';
 5529 220D 36 3A        	ld (hl), 58
 5530 220F              ; 304         hl++;
 5531 220F 23           	inc hl
 5532 2210              ; 305         // Space 27
 5533 2210              ; 306         b = 27 - 9;
 5534 2210 06 12        	ld b, 18
 5535 2212              ; 307         do {
 5536 2212              __l_393:
 5537 2212              ; 308             StringLocaleAddSpaceInHL();
 5538 2212 CD 34 20     	call stringlocaleaddspaceinhl
 5539 2215              ; 309             b--;
 5540 2215 05           	dec b
 5541 2216              __l_394:
 5542 2216              ; 310         } while ((a = b) > 0);
 5543 2216 78           	ld a, b
 5544 2217 B7           	or a
 5545 2218 C2 12 22     	jp nz, __l_393
 5546 221B              ; 311         // Name
 5547 221B              ; 312         de = LoadViewStrName;
 5548 221B 11 18 3A     	ld de, loadviewstrname
 5549 221E              ; 313         StringLocaleAddDEInHL();
 5550 221E CD 27 20     	call stringlocaleadddeinhl
 5551 2221              ; 314         StringLocaleAddSpaceInHL();
 5552 2221 CD 34 20     	call stringlocaleaddspaceinhl
 5553 2224              ; 315         // FileName
 5554 2224              ; 316         push_pop(hl) {
 5555 2224 E5           	push hl
 5556 2225              ; 317             a ^= a;
 5557 2225 AF           	xor a
 5558 2226              ; 318             DiskViewCurrentFilePointToHL();
 5559 2226 CD 14 2A     	call diskviewcurrentfilepointtohl
 5560 2229              ; 319             d = h;
 5561 2229 54           	ld d, h
 5562 222A              ; 320             e = l;
 5563 222A 5D           	ld e, l
 5564 222B              ; 321             // get address
 5565 222B              ; 322             push_pop(de) {
 5566 222B D5           	push de
 5567 222C              ; 323                 de = 10; //8;
 5568 222C 11 0A 00     	ld de, 10
 5569 222F              ; 324                 hl += de;
 5570 222F 19           	add hl, de
 5571 2230              ; 325                 d = h;
 5572 2230 54           	ld d, h
 5573 2231              ; 326                 e = l;
 5574 2231 5D           	ld e, l
 5575 2232              ; 327                 a = *de;
 5576 2232 1A           	ld a, (de)
 5577 2233              ; 328                 l = a;
 5578 2233 6F           	ld l, a
 5579 2234              ; 329                 de++;
 5580 2234 13           	inc de
 5581 2235              ; 330                 a = *de;
 5582 2235 1A           	ld a, (de)
 5583 2236              ; 331                 h = a;
 5584 2236 67           	ld h, a
 5585 2237              ; 332                 StringLocaleAddress = hl;
 5586 2237 22 25 20     	ld (stringlocaleaddress), hl
 5587 223A D1           	pop de
 5588 223B E1           	pop hl
 5589 223C              ; 333             }
 5590 223C              ; 334         }
 5591 223C              ; 335         b = 8;
 5592 223C 06 08        	ld b, 8
 5593 223E              ; 336         do {
 5594 223E              __l_396:
 5595 223E              ; 337             a = *de;
 5596 223E 1A           	ld a, (de)
 5597 223F              ; 338             *hl = a;
 5598 223F 77           	ld (hl), a
 5599 2240              ; 339             de++;
 5600 2240 13           	inc de
 5601 2241              ; 340             hl++;
 5602 2241 23           	inc hl
 5603 2242              ; 341             b--;
 5604 2242 05           	dec b
 5605 2243              __l_397:
 5606 2243              ; 342         } while ((a = b) > 0);
 5607 2243 78           	ld a, b
 5608 2244 B7           	or a
 5609 2245 C2 3E 22     	jp nz, __l_396
 5610 2248              ; 343         // Stop
 5611 2248              ; 344         *hl = 0;
 5612 2248 36 00        	ld (hl), 0
 5613 224A              ; 345
 5614 224A              ; 346         hl = LoadViewInfoSubString;
 5615 224A 21 E5 39     	ld hl, loadviewinfosubstring
 5616 224D              ; 347         // to
 5617 224D              ; 348         de = LoadViewStrTo;
 5618 224D 11 14 3A     	ld de, loadviewstrto
 5619 2250              ; 349         StringLocaleAddDEInHL();
 5620 2250 CD 27 20     	call stringlocaleadddeinhl
 5621 2253              ; 350         StringLocaleAddSpaceInHL();
 5622 2253 CD 34 20     	call stringlocaleaddspaceinhl
 5623 2256              ; 351         // ftp path
 5624 2256              ; 352         de = FtpViewPath;
 5625 2256 11 41 37     	ld de, ftpviewpath
 5626 2259              ; 353         b = 27 - 5;
 5627 2259 06 16        	ld b, 22
 5628 225B              ; 354         c = 0;
 5629 225B 0E 00        	ld c, 0
 5630 225D              ; 355         do {
 5631 225D              __l_399:
 5632 225D              ; 356             if ((a = c) == 0) {
 5633 225D 79           	ld a, c
 5634 225E B7           	or a
 5635 225F C2 75 22     	jp nz, __l_402
 5636 2262              ; 357                 a = *de;
 5637 2262 1A           	ld a, (de)
 5638 2263              ; 358                 if (a > 0) {
 5639 2263 B7           	or a
 5640 2264 CA 6D 22     	jp z, __l_404
 5641 2267              ; 359                     *hl = a;
 5642 2267 77           	ld (hl), a
 5643 2268              ; 360                     de++;
 5644 2268 13           	inc de
 5645 2269              ; 361                     hl++;
 5646 2269 23           	inc hl
 5647 226A C3 72 22     	jp __l_405
 5648 226D              __l_404:
 5649 226D              ; 362                 } else {
 5650 226D              ; 363                     c = 1;
 5651 226D 0E 01        	ld c, 1
 5652 226F              ; 364                     StringLocaleAddSpaceInHL();
 5653 226F CD 34 20     	call stringlocaleaddspaceinhl
 5654 2272              __l_405:
 5655 2272 C3 78 22     	jp __l_403
 5656 2275              __l_402:
 5657 2275              ; 365                 }
 5658 2275              ; 366             } else {
 5659 2275              ; 367                 StringLocaleAddSpaceInHL();
 5660 2275 CD 34 20     	call stringlocaleaddspaceinhl
 5661 2278              __l_403:
 5662 2278              ; 368             }
 5663 2278              ; 369             b--;
 5664 2278 05           	dec b
 5665 2279              __l_400:
 5666 2279              ; 370         } while ((a = b) > 0);
 5667 2279 78           	ld a, b
 5668 227A B7           	or a
 5669 227B C2 5D 22     	jp nz, __l_399
 5670 227E              ; 371         // Size
 5671 227E              ; 372         de = LoadViewStrSize;
 5672 227E 11 1E 3A     	ld de, loadviewstrsize
 5673 2281              ; 373         StringLocaleAddDEInHL();
 5674 2281 CD 27 20     	call stringlocaleadddeinhl
 5675 2284              ; 374         StringLocaleAddSpaceInHL();
 5676 2284 CD 34 20     	call stringlocaleaddspaceinhl
 5677 2287              ; 375         // Size value
 5678 2287              ; 376         push_pop(hl) {
 5679 2287 E5           	push hl
 5680 2288              ; 377             hl = StringLocaleAddress;
 5681 2288 2A 25 20     	ld hl, (stringlocaleaddress)
 5682 228B              ; 378             d = h;
 5683 228B 54           	ld d, h
 5684 228C              ; 379             e = l;
 5685 228C 5D           	ld e, l
 5686 228D E1           	pop hl
 5687 228E              ; 380         }
 5688 228E              ; 381         StringLocaleShow4CharSizeDEByHL();
 5689 228E CD 22 21     	call stringlocaleshow4charsizedebyhl
 5690 2291              ; 382         // Stop
 5691 2291              ; 383         *hl = 0;
 5692 2291 36 00        	ld (hl), 0
 5693 2293 D1           	pop de
 5694 2294 E1           	pop hl
 5695 2295 C1           	pop bc
 5696 2296 C9           	ret
 5697 2297              ; 14 void ButtonShadowViewShow() {
 5698 2297              buttonshadowviewshow:
 5699 2297              ; 15     push_pop(hl) {
 5700 2297 E5           	push hl
 5701 2298              ; 16         h = b;
 5702 2298 60           	ld h, b
 5703 2299              ; 17         l = c;
 5704 2299 69           	ld l, c
 5705 229A              ; 18         ButtonShadowViewTitlePoint = hl;
 5706 229A 22 35 23     	ld (buttonshadowviewtitlepoint), hl
 5707 229D E1           	pop hl
 5708 229E              ; 19     }
 5709 229E              ; 20     //- SAVE -
 5710 229E              ; 21     a = h;
 5711 229E 7C           	ld a, h
 5712 229F              ; 22     ButtonShadowViewX = a;
 5713 229F 32 2F 23     	ld (buttonshadowviewx), a
 5714 22A2              ; 23     //printHexA(a = ButtonShadowViewX);
 5715 22A2              ; 24     a = l;
 5716 22A2 7D           	ld a, l
 5717 22A3              ; 25     ButtonShadowViewY = a;
 5718 22A3 32 30 23     	ld (buttonshadowviewy), a
 5719 22A6              ; 26     //printHexA(a = ButtonShadowViewY);
 5720 22A6              ; 27     a = d;
 5721 22A6 7A           	ld a, d
 5722 22A7              ; 28     ButtonShadowViewDX = a;
 5723 22A7 32 31 23     	ld (buttonshadowviewdx), a
 5724 22AA              ; 29     //printHexA(a = ButtonShadowViewDX);
 5725 22AA              ; 30     a = e;
 5726 22AA 7B           	ld a, e
 5727 22AB              ; 31     ButtonShadowViewDY = a;
 5728 22AB 32 32 23     	ld (buttonshadowviewdy), a
 5729 22AE              ; 32     //printHexA(a = ButtonShadowViewDY);
 5730 22AE              ; 33     //--
 5731 22AE              ; 34     a = ButtonShadowViewColor;
 5732 22AE 3A 33 23     	ld a, (buttonshadowviewcolor)
 5733 22B1              ; 35     c = a;
 5734 22B1 4F           	ld c, a
 5735 22B2              ; 36     a = vboxCLW;
 5736 22B2 3E 40        	ld a, 64
 5737 22B4              ; 37     a |= vboxFRM;
 5738 22B4 F6 20        	or 32
 5739 22B6              ; 38     a |= vboxSDW;
 5740 22B6 F6 10        	or 16
 5741 22B8              ; 39     a |= vboxUMP;
 5742 22B8 F6 04        	or 4
 5743 22BA              ; 40     vboxOpenHLDECA();
 5744 22BA CD 86 4D     	call vboxopenhldeca
 5745 22BD              ; 41     //
 5746 22BD              ; 42     ButtonShadowViewShowTitleBC();
 5747 22BD C3 EE 22     	jp buttonshadowviewshowtitlebc
 5748 22C0              ; 43 }
 5749 22C0              ; 44
 5750 22C0              ; 45 /// Закраска кнопки
 5751 22C0              ; 46 /// 0 - прямой
 5752 22C0              ; 47 /// 1 - инверсный
 5753 22C0              ; 48 void ButtonShadowViewSelectA() {
 5754 22C0              buttonshadowviewselecta:
 5755 22C0              ; 49     push_pop(bc, de, hl) {
 5756 22C0 C5           	push bc
 5757 22C1 D5           	push de
 5758 22C2 E5           	push hl
 5759 22C3              ; 50         b = a;
 5760 22C3 47           	ld b, a
 5761 22C4              ; 51         a = ButtonShadowViewX;
 5762 22C4 3A 2F 23     	ld a, (buttonshadowviewx)
 5763 22C7              ; 52         h = a;
 5764 22C7 67           	ld h, a
 5765 22C8              ; 53         a = ButtonShadowViewY;
 5766 22C8 3A 30 23     	ld a, (buttonshadowviewy)
 5767 22CB              ; 54         l = a;
 5768 22CB 6F           	ld l, a
 5769 22CC              ; 55         a = ButtonShadowViewDX;
 5770 22CC 3A 31 23     	ld a, (buttonshadowviewdx)
 5771 22CF              ; 56         d = a;
 5772 22CF 57           	ld d, a
 5773 22D0              ; 57         a = ButtonShadowViewDY;
 5774 22D0 3A 32 23     	ld a, (buttonshadowviewdy)
 5775 22D3              ; 58         e = a;
 5776 22D3 5F           	ld e, a
 5777 22D4              ; 59         //--------
 5778 22D4              ; 60         if ((a = b) == 0) {
 5779 22D4 78           	ld a, b
 5780 22D5 B7           	or a
 5781 22D6 C2 DF 22     	jp nz, __l_406
 5782 22D9              ; 61             a = ButtonShadowViewColor;
 5783 22D9 3A 33 23     	ld a, (buttonshadowviewcolor)
 5784 22DC C3 E2 22     	jp __l_407
 5785 22DF              __l_406:
 5786 22DF              ; 62         } else {
 5787 22DF              ; 63             a = ButtonShadowViewInvColor;
 5788 22DF 3A 34 23     	ld a, (buttonshadowviewinvcolor)
 5789 22E2              __l_407:
 5790 22E2              ; 64         }
 5791 22E2              ; 65         c = a;
 5792 22E2 4F           	ld c, a
 5793 22E3              ; 66         //----
 5794 22E3              ; 67         a = vboxFRM;
 5795 22E3 3E 20        	ld a, 32
 5796 22E5              ; 68         a |= vboxUMP;
 5797 22E5 F6 04        	or 4
 5798 22E7              ; 69         vboxOpenHLDECA();
 5799 22E7 CD 86 4D     	call vboxopenhldeca
 5800 22EA E1           	pop hl
 5801 22EB D1           	pop de
 5802 22EC C1           	pop bc
 5803 22ED C9           	ret
 5804 22EE              ; 70     }
 5805 22EE              ; 71 }
 5806 22EE              ; 72
 5807 22EE              ; 73 void ButtonShadowViewShowTitleBC() {
 5808 22EE              buttonshadowviewshowtitlebc:
 5809 22EE              ; 74     push_pop(hl, de, bc) {
 5810 22EE E5           	push hl
 5811 22EF D5           	push de
 5812 22F0 C5           	push bc
 5813 22F1              ; 75         hl = ButtonShadowViewTitlePoint;
 5814 22F1 2A 35 23     	ld hl, (buttonshadowviewtitlepoint)
 5815 22F4              ; 76         b = 0;
 5816 22F4 06 00        	ld b, 0
 5817 22F6              ; 77         a = ButtonShadowViewDX;
 5818 22F6 3A 31 23     	ld a, (buttonshadowviewdx)
 5819 22F9              ; 78         c = a;
 5820 22F9 4F           	ld c, a
 5821 22FA              ; 79         do {
 5822 22FA              __l_408:
 5823 22FA              ; 80             a = *hl;
 5824 22FA 7E           	ld a, (hl)
 5825 22FB              ; 81             d = a;
 5826 22FB 57           	ld d, a
 5827 22FC              ; 82             hl++;
 5828 22FC 23           	inc hl
 5829 22FD              ; 83             if (a > 0) {
 5830 22FD B7           	or a
 5831 22FE CA 02 23     	jp z, __l_411
 5832 2301              ; 84                 b++;
 5833 2301 04           	inc b
 5834 2302              __l_411:
 5835 2302              ; 85             }
 5836 2302              ; 86             if ((a = b) >= c) {
 5837 2302 78           	ld a, b
 5838 2303 B9           	cp c
 5839 2304 DA 09 23     	jp c, __l_413
 5840 2307              ; 87                 d = 0;
 5841 2307 16 00        	ld d, 0
 5842 2309              __l_413:
 5843 2309              __l_409:
 5844 2309              ; 88             }
 5845 2309              ; 89         } while ((a = d) > 0);
 5846 2309 7A           	ld a, d
 5847 230A B7           	or a
 5848 230B C2 FA 22     	jp nz, __l_408
 5849 230E              ; 90         a = ButtonShadowViewDX;
 5850 230E 3A 31 23     	ld a, (buttonshadowviewdx)
 5851 2311              ; 91         a -= b;
 5852 2311 90           	sub b
 5853 2312              ; 92         a &= 0xFE;
 5854 2312 E6 FE        	and 254
 5855 2314              ; 93         cyclic_rotate_right(a, 1);
 5856 2314 0F           	rrca
 5857 2315              ; 94         b = a;
 5858 2315 47           	ld b, a
 5859 2316              ; 95         a = ButtonShadowViewX;
 5860 2316 3A 2F 23     	ld a, (buttonshadowviewx)
 5861 2319              ; 96         a += b;
 5862 2319 80           	add b
 5863 231A              ; 97         myCharPosX = a;
 5864 231A 32 E3 1D     	ld (mycharposx), a
 5865 231D              ; 98         a = ButtonShadowViewY;
 5866 231D 3A 30 23     	ld a, (buttonshadowviewy)
 5867 2320              ; 99         a += 1;
 5868 2320 C6 01        	add 1
 5869 2322              ; 100         myCharPosY = a;
 5870 2322 32 E4 1D     	ld (mycharposy), a
 5871 2325              ; 101         printMyHLStr(hl = ButtonShadowViewTitlePoint);
 5872 2325 2A 35 23     	ld hl, (buttonshadowviewtitlepoint)
 5873 2328 CD ED 1B     	call printmyhlstr
 5874 232B C1           	pop bc
 5875 232C D1           	pop de
 5876 232D E1           	pop hl
 5877 232E C9           	ret
 5878 232F              ; 102     }
 5879 232F              ; 103 }
 5880 232F              ; 104
 5881 232F              ; 105 uint8_t ButtonShadowViewX = 0;
 5882 232F              buttonshadowviewx:
 5883 232F 00           	db 0
 5884 2330              ; 106 uint8_t ButtonShadowViewY = 0;
 5885 2330              buttonshadowviewy:
 5886 2330 00           	db 0
 5887 2331              ; 107 uint8_t ButtonShadowViewDX = 0;
 5888 2331              buttonshadowviewdx:
 5889 2331 00           	db 0
 5890 2332              ; 108 uint8_t ButtonShadowViewDY = 0;
 5891 2332              buttonshadowviewdy:
 5892 2332 00           	db 0
 5893 2333              ; 110 uint8_t ButtonShadowViewColor = 0xF7;
 5894 2333              buttonshadowviewcolor:
 5895 2333 F7           	db 247
 5896 2334              ; 111 uint8_t ButtonShadowViewInvColor = 0xE2; //0xE6
 5897 2334              buttonshadowviewinvcolor:
 5898 2334 E2           	db 226
 5899 2335              ; 113 uint16_t ButtonShadowViewTitlePoint = 0x0000;
 5900 2335              buttonshadowviewtitlepoint:
 5901 2335 00 00        	dw 0
 5902 2337              ; 14 void EditFieldViewShow() {
 5903 2337              editfieldviewshow:
 5904 2337              ; 15     CurrentViewChangeAndPushIdA(a = EditFieldViewId);
 5905 2337 3E 06        	ld a, 6
 5906 2339 CD 58 1E     	call currentviewchangeandpushida
 5907 233C              ; 16     //-- clear
 5908 233C              ; 17     a = 0;
 5909 233C 3E 00        	ld a, 0
 5910 233E              ; 18     EditFieldViewTextIsChanged = a;
 5911 233E 32 8C 24     	ld (editfieldviewtextischanged), a
 5912 2341              ; 19     //-- Save
 5913 2341              ; 20     a = h;
 5914 2341 7C           	ld a, h
 5915 2342              ; 21     EditFieldViewX = a;
 5916 2342 32 74 24     	ld (editfieldviewx), a
 5917 2345              ; 22     a = l;
 5918 2345 7D           	ld a, l
 5919 2346              ; 23     EditFieldViewY = a;
 5920 2346 32 75 24     	ld (editfieldviewy), a
 5921 2349              ; 24     a = d;
 5922 2349 7A           	ld a, d
 5923 234A              ; 25     EditFieldViewDX = a;
 5924 234A 32 76 24     	ld (editfieldviewdx), a
 5925 234D              ; 26     a = e;
 5926 234D 7B           	ld a, e
 5927 234E              ; 27     EditFieldViewDY = a;
 5928 234E 32 77 24     	ld (editfieldviewdy), a
 5929 2351              ; 28     //--
 5930 2351              ; 29     push_pop(bc) {
 5931 2351 C5           	push bc
 5932 2352              ; 30         a = EditFieldViewColor;
 5933 2352 3A 78 24     	ld a, (editfieldviewcolor)
 5934 2355              ; 31         c = a;
 5935 2355 4F           	ld c, a
 5936 2356              ; 32         // A
 5937 2356              ; 33         a = vboxCLW
 5938 2356 3E 40        	ld a, 64
 5939 2358              ; 34         a |= vboxSAV
 5940 2358 F6 08        	or 8
 5941 235A              ; 35         a |= vboxUMP;
 5942 235A F6 04        	or 4
 5943 235C              ; 36         vboxOpenHLDECA();
 5944 235C CD 86 4D     	call vboxopenhldeca
 5945 235F C1           	pop bc
 5946 2360              ; 37     }
 5947 2360              ; 38     // Save text point
 5948 2360              ; 39     h = b;
 5949 2360 60           	ld h, b
 5950 2361              ; 40     l = c;
 5951 2361 69           	ld l, c
 5952 2362              ; 41     EditFieldViewTextPoint = hl;
 5953 2362 22 79 24     	ld (editfieldviewtextpoint), hl
 5954 2365              ; 42     //-- Copy text to edit
 5955 2365              ; 43     EditFieldViewTextCopy();
 5956 2365 CD 20 24     	call editfieldviewtextcopy
 5957 2368              ; 44     //--
 5958 2368              ; 45     EditFieldViewShowTextValue();
 5959 2368 CD E6 23     	call editfieldviewshowtextvalue
 5960 236B              ; 46     //--
 5961 236B              ; 47     EditFieldViewLoopKey();
 5962 236B C3 78 23     	jp editfieldviewloopkey
 5963 236E              ; 48 }
 5964 236E              ; 49
 5965 236E              ; 50 void EditFieldViewClose() {
 5966 236E              editfieldviewclose:
 5967 236E              ; 51     vboxClose();
 5968 236E CD 9F 4E     	call vboxclose
 5969 2371              ; 52     CurrentViewReturn();
 5970 2371 CD 4F 1F     	call currentviewreturn
 5971 2374              ; 53     a = EditFieldViewTextIsChanged;
 5972 2374 3A 8C 24     	ld a, (editfieldviewtextischanged)
 5973 2377 C9           	ret
 5974 2378              ; 54 }
 5975 2378              ; 55
 5976 2378              ; 56 void EditFieldViewLoopKey() {
 5977 2378              editfieldviewloopkey:
 5978 2378              ; 57     push_pop(bc, de) {
 5979 2378 C5           	push bc
 5980 2379 D5           	push de
 5981 237A              ; 58         b = 0;
 5982 237A 06 00        	ld b, 0
 5983 237C              ; 59         do {
 5984 237C              __l_415:
 5985 237C              ; 60             getKeyboardCharA();
 5986 237C CD 03 F8     	call getkeyboardchara
 5987 237F              ; 61             c = a;
 5988 237F 4F           	ld c, a
 5989 2380              ; 62             if ((a = c) == 0x1B) { //ESC выход
 5990 2380 79           	ld a, c
 5991 2381 FE 1B        	cp 27
 5992 2383 C2 8B 23     	jp nz, __l_418
 5993 2386              ; 63                 b = 1;
 5994 2386 06 01        	ld b, 1
 5995 2388 C3 DC 23     	jp __l_419
 5996 238B              __l_418:
 5997 238B              ; 64             } else if ((a = c) == 0x7F) { //Забой... (удаление символа)
 5998 238B 79           	ld a, c
 5999 238C FE 7F        	cp 127
 6000 238E C2 A2 23     	jp nz, __l_420
 6001 2391              ; 65                 a = EditFieldViewEditTextPos;
 6002 2391 3A 8B 24     	ld a, (editfieldviewedittextpos)
 6003 2394              ; 66                 if (a > 0) {
 6004 2394 B7           	or a
 6005 2395 CA 9C 23     	jp z, __l_422
 6006 2398              ; 67                     a--;
 6007 2398 3D           	dec a
 6008 2399              ; 68                     EditFieldViewEditTextPos = a;
 6009 2399 32 8B 24     	ld (editfieldviewedittextpos), a
 6010 239C              __l_422:
 6011 239C              ; 69                 }
 6012 239C              ; 70                 EditFieldViewShowTextValue();
 6013 239C CD E6 23     	call editfieldviewshowtextvalue
 6014 239F C3 DC 23     	jp __l_421
 6015 23A2              __l_420:
 6016 23A2              ; 71             } else if ((a = c) == 0x0D) { // Сохранить и выйти из редактирования
 6017 23A2 79           	ld a, c
 6018 23A3 FE 0D        	cp 13
 6019 23A5 C2 B5 23     	jp nz, __l_424
 6020 23A8              ; 72                 a = 1;
 6021 23A8 3E 01        	ld a, 1
 6022 23AA              ; 73                 EditFieldViewTextIsChanged = a;
 6023 23AA 32 8C 24     	ld (editfieldviewtextischanged), a
 6024 23AD              ; 74                 EditFieldViewTextSave();
 6025 23AD CD 49 24     	call editfieldviewtextsave
 6026 23B0              ; 75                 b = 1;
 6027 23B0 06 01        	ld b, 1
 6028 23B2 C3 DC 23     	jp __l_425
 6029 23B5              __l_424:
 6030 23B5              ; 76             } else if ((a = c) < 0x20) { // ничего не делаем
 6031 23B5 79           	ld a, c
 6032 23B6 FE 20        	cp 32
 6033 23B8 D2 BE 23     	jp nc, __l_426
 6034 23BB C3 DC 23     	jp __l_427
 6035 23BE              __l_426:
 6036 23BE              ; 77
 6037 23BE              ; 78             } else {
 6038 23BE              ; 79                 a = EditFieldViewEditTextPos;
 6039 23BE 3A 8B 24     	ld a, (editfieldviewedittextpos)
 6040 23C1              ; 80                 if (a < 15) {
 6041 23C1 FE 0F        	cp 15
 6042 23C3 D2 DC 23     	jp nc, __l_428
 6043 23C6              ; 81                     d = 0;
 6044 23C6 16 00        	ld d, 0
 6045 23C8              ; 82                     e = a;
 6046 23C8 5F           	ld e, a
 6047 23C9              ; 83                     hl = EditFieldViewEditText;
 6048 23C9 21 7B 24     	ld hl, editfieldviewedittext
 6049 23CC              ; 84                     hl += de;
 6050 23CC 19           	add hl, de
 6051 23CD              ; 85                     a = c;
 6052 23CD 79           	ld a, c
 6053 23CE              ; 86                     convertKeyToMyFontA(); // перевести данные
 6054 23CE CD 8D 24     	call convertkeytomyfonta
 6055 23D1              ; 87                     *hl = a;
 6056 23D1 77           	ld (hl), a
 6057 23D2              ; 88                     //--
 6058 23D2              ; 89                     a = EditFieldViewEditTextPos;
 6059 23D2 3A 8B 24     	ld a, (editfieldviewedittextpos)
 6060 23D5              ; 90                     a++;
 6061 23D5 3C           	inc a
 6062 23D6              ; 91                     EditFieldViewEditTextPos = a;
 6063 23D6 32 8B 24     	ld (editfieldviewedittextpos), a
 6064 23D9              ; 92                     //--
 6065 23D9              ; 93                     EditFieldViewShowTextValue();
 6066 23D9 CD E6 23     	call editfieldviewshowtextvalue
 6067 23DC              __l_428:
 6068 23DC              __l_427:
 6069 23DC              __l_425:
 6070 23DC              __l_421:
 6071 23DC              __l_419:
 6072 23DC              __l_416:
 6073 23DC              ; 94                 }
 6074 23DC              ; 95             }
 6075 23DC              ; 96         } while ((a = b) == 0);
 6076 23DC 78           	ld a, b
 6077 23DD B7           	or a
 6078 23DE CA 7C 23     	jp z, __l_415
 6079 23E1 D1           	pop de
 6080 23E2 C1           	pop bc
 6081 23E3              ; 97     }
 6082 23E3              ; 98     EditFieldViewClose();
 6083 23E3 C3 6E 23     	jp editfieldviewclose
 6084 23E6              ; 99 }
 6085 23E6              ; 100
 6086 23E6              ; 101 void EditFieldViewShowTextValue() {
 6087 23E6              editfieldviewshowtextvalue:
 6088 23E6              ; 102     push_pop(bc, hl) {
 6089 23E6 C5           	push bc
 6090 23E7 E5           	push hl
 6091 23E8              ; 103         //-- POS
 6092 23E8              ; 104         a = EditFieldViewX;
 6093 23E8 3A 74 24     	ld a, (editfieldviewx)
 6094 23EB              ; 105         a += 1;
 6095 23EB C6 01        	add 1
 6096 23ED              ; 106         myCharPosX = a;
 6097 23ED 32 E3 1D     	ld (mycharposx), a
 6098 23F0              ; 107         a = EditFieldViewY;
 6099 23F0 3A 75 24     	ld a, (editfieldviewy)
 6100 23F3              ; 108         myCharPosY = a;
 6101 23F3 32 E4 1D     	ld (mycharposy), a
 6102 23F6              ; 109         //--
 6103 23F6              ; 110         a = EditFieldViewEditTextPos;
 6104 23F6 3A 8B 24     	ld a, (editfieldviewedittextpos)
 6105 23F9              ; 111         b = a;
 6106 23F9 47           	ld b, a
 6107 23FA              ; 112         c = a;
 6108 23FA 4F           	ld c, a
 6109 23FB              ; 113         hl = EditFieldViewEditText;
 6110 23FB 21 7B 24     	ld hl, editfieldviewedittext
 6111 23FE              ; 114         if ((a = b) > 0) {
 6112 23FE 78           	ld a, b
 6113 23FF B7           	or a
 6114 2400 CA 0E 24     	jp z, __l_430
 6115 2403              ; 115             do {
 6116 2403              __l_432:
 6117 2403              ; 116                 printMyCharA(a = *hl);
 6118 2403 7E           	ld a, (hl)
 6119 2404 CD 4E 1C     	call printmychara
 6120 2407              ; 117                 hl++;
 6121 2407 23           	inc hl
 6122 2408              ; 118                 c--;
 6123 2408 0D           	dec c
 6124 2409              __l_433:
 6125 2409              ; 119             } while ((a = c) > 0);
 6126 2409 79           	ld a, c
 6127 240A B7           	or a
 6128 240B C2 03 24     	jp nz, __l_432
 6129 240E              __l_430:
 6130 240E              ; 120         }
 6131 240E              ; 121         // Clear
 6132 240E              ; 122         a = 16; // Max char array
 6133 240E 3E 10        	ld a, 16
 6134 2410              ; 123         a -= b;
 6135 2410 90           	sub b
 6136 2411              ; 124         c = a;
 6137 2411 4F           	ld c, a
 6138 2412              ; 125         do {
 6139 2412              __l_435:
 6140 2412              ; 126             printMyCharA(a = ' ');
 6141 2412 3E 20        	ld a, 32
 6142 2414 CD 4E 1C     	call printmychara
 6143 2417              ; 127             c--;
 6144 2417 0D           	dec c
 6145 2418              __l_436:
 6146 2418              ; 128         } while ((a = c) > 0);
 6147 2418 79           	ld a, c
 6148 2419 B7           	or a
 6149 241A C2 12 24     	jp nz, __l_435
 6150 241D E1           	pop hl
 6151 241E C1           	pop bc
 6152 241F C9           	ret
 6153 2420              ; 129
 6154 2420              ; 130     }
 6155 2420              ; 131 }
 6156 2420              ; 132
 6157 2420              ; 133 void EditFieldViewTextCopy() {
 6158 2420              editfieldviewtextcopy:
 6159 2420              ; 134     push_pop(bc, de, hl) {
 6160 2420 C5           	push bc
 6161 2421 D5           	push de
 6162 2422 E5           	push hl
 6163 2423              ; 135         hl = EditFieldViewTextPoint;
 6164 2423 2A 79 24     	ld hl, (editfieldviewtextpoint)
 6165 2426              ; 136         de = EditFieldViewEditText;
 6166 2426 11 7B 24     	ld de, editfieldviewedittext
 6167 2429              ; 137         c = 1;
 6168 2429 0E 01        	ld c, 1
 6169 242B              ; 138         b = 0;
 6170 242B 06 00        	ld b, 0
 6171 242D              ; 139         do {
 6172 242D              __l_438:
 6173 242D              ; 140             a = *hl;
 6174 242D 7E           	ld a, (hl)
 6175 242E              ; 141             if (a > 0) {
 6176 242E B7           	or a
 6177 242F CA 39 24     	jp z, __l_441
 6178 2432              ; 142                 b++;
 6179 2432 04           	inc b
 6180 2433              ; 143                 *de = a;
 6181 2433 12           	ld (de), a
 6182 2434              ; 144                 hl++;
 6183 2434 23           	inc hl
 6184 2435              ; 145                 de++;
 6185 2435 13           	inc de
 6186 2436 C3 3F 24     	jp __l_442
 6187 2439              __l_441:
 6188 2439              ; 146             } else {
 6189 2439              ; 147                 a = b;
 6190 2439 78           	ld a, b
 6191 243A              ; 148                 EditFieldViewEditTextPos = a;
 6192 243A 32 8B 24     	ld (editfieldviewedittextpos), a
 6193 243D              ; 149                 c = 0;
 6194 243D 0E 00        	ld c, 0
 6195 243F              __l_442:
 6196 243F              __l_439:
 6197 243F              ; 150             }
 6198 243F              ; 151         } while ((a = c) == 1);
 6199 243F 79           	ld a, c
 6200 2440 FE 01        	cp 1
 6201 2442 CA 2D 24     	jp z, __l_438
 6202 2445 E1           	pop hl
 6203 2446 D1           	pop de
 6204 2447 C1           	pop bc
 6205 2448 C9           	ret
 6206 2449              ; 152     }
 6207 2449              ; 153 }
 6208 2449              ; 154
 6209 2449              ; 155 void EditFieldViewTextSave() {
 6210 2449              editfieldviewtextsave:
 6211 2449              ; 156     a = EditFieldViewEditTextPos;
 6212 2449 3A 8B 24     	ld a, (editfieldviewedittextpos)
 6213 244C              ; 157     if (a == 0) {
 6214 244C B7           	or a
 6215 244D C2 5A 24     	jp nz, __l_443
 6216 2450              ; 158         push_pop(hl) {
 6217 2450 E5           	push hl
 6218 2451              ; 159             hl = EditFieldViewTextPoint;
 6219 2451 2A 79 24     	ld hl, (editfieldviewtextpoint)
 6220 2454              ; 160             *hl = 0;
 6221 2454 36 00        	ld (hl), 0
 6222 2456 E1           	pop hl
 6223 2457 C3 73 24     	jp __l_444
 6224 245A              __l_443:
 6225 245A              ; 161         }
 6226 245A              ; 162     } else {
 6227 245A              ; 163         push_pop(bc, de, hl) {
 6228 245A C5           	push bc
 6229 245B D5           	push de
 6230 245C E5           	push hl
 6231 245D              ; 164             b = a;
 6232 245D 47           	ld b, a
 6233 245E              ; 165             de = EditFieldViewEditText;
 6234 245E 11 7B 24     	ld de, editfieldviewedittext
 6235 2461              ; 166             hl = EditFieldViewTextPoint;
 6236 2461 2A 79 24     	ld hl, (editfieldviewtextpoint)
 6237 2464              ; 167             do {
 6238 2464              __l_445:
 6239 2464              ; 168                 a = *de;
 6240 2464 1A           	ld a, (de)
 6241 2465              ; 169                 *hl = a;
 6242 2465 77           	ld (hl), a
 6243 2466              ; 170                 hl++;
 6244 2466 23           	inc hl
 6245 2467              ; 171                 de++;
 6246 2467 13           	inc de
 6247 2468              ; 172                 b--;
 6248 2468 05           	dec b
 6249 2469              __l_446:
 6250 2469              ; 173             } while ((a = b) > 0);
 6251 2469 78           	ld a, b
 6252 246A B7           	or a
 6253 246B C2 64 24     	jp nz, __l_445
 6254 246E              ; 174             *hl = 0;
 6255 246E 36 00        	ld (hl), 0
 6256 2470 E1           	pop hl
 6257 2471 D1           	pop de
 6258 2472 C1           	pop bc
 6259 2473              __l_444:
 6260 2473 C9           	ret
 6261 2474              ; 175         }
 6262 2474              ; 176     }
 6263 2474              ; 177 }
 6264 2474              ; 178
 6265 2474              ; 179 uint8_t EditFieldViewX = 0;
 6266 2474              editfieldviewx:
 6267 2474 00           	db 0
 6268 2475              ; 180 uint8_t EditFieldViewY = 0;
 6269 2475              editfieldviewy:
 6270 2475 00           	db 0
 6271 2476              ; 181 uint8_t EditFieldViewDX = 0;
 6272 2476              editfieldviewdx:
 6273 2476 00           	db 0
 6274 2477              ; 182 uint8_t EditFieldViewDY = 0;
 6275 2477              editfieldviewdy:
 6276 2477 00           	db 0
 6277 2478              ; 183 uint8_t EditFieldViewColor = 0xA0; //0xF0;
 6278 2478              editfieldviewcolor:
 6279 2478 A0           	db 160
 6280 2479              ; 185 uint16_t EditFieldViewTextPoint = 0;
 6281 2479              editfieldviewtextpoint:
 6282 2479 00 00        	dw 0
 6283 247B              ; 186 uint8_t EditFieldViewEditText[16];
 6284 247B              editfieldviewedittext:
 6285 247B 00 00 00...  	ds 16
 6286 248B              ; 187 uint8_t EditFieldViewEditTextPos = 0;
 6287 248B              editfieldviewedittextpos:
 6288 248B 00           	db 0
 6289 248C              ; 189 uint8_t EditFieldViewTextIsChanged = 0;
 6290 248C              editfieldviewtextischanged:
 6291 248C 00           	db 0
 6292 248D              ; 11 void convertKeyToMyFontA() {
 6293 248D              convertkeytomyfonta:
 6294 248D              ; 12     push_pop(bc) {
 6295 248D C5           	push bc
 6296 248E              ; 13         b = a;
 6297 248E 47           	ld b, a
 6298 248F              ; 14         c = a;
 6299 248F 4F           	ld c, a
 6300 2490              ; 15         if ((a = keyRusAddress) == 0) { //0 лат
 6301 2490 3A E5 F3     	ld a, (keyrusaddress)
 6302 2493 B7           	or a
 6303 2494 C2 BA 24     	jp nz, __l_448
 6304 2497              ; 16             // Меняем заглавные на маленькие
 6305 2497              ; 17             if ((a = b) >= 0x41) {
 6306 2497 78           	ld a, b
 6307 2498 FE 41        	cp 65
 6308 249A DA A7 24     	jp c, __l_450
 6309 249D              ; 18                 if ((a = b) < 0x5B) {
 6310 249D 78           	ld a, b
 6311 249E FE 5B        	cp 91
 6312 24A0 D2 A7 24     	jp nc, __l_452
 6313 24A3              ; 19                     a = b;
 6314 24A3 78           	ld a, b
 6315 24A4              ; 20                     a += 0x20;
 6316 24A4 C6 20        	add 32
 6317 24A6              ; 21                     c = a;
 6318 24A6 4F           	ld c, a
 6319 24A7              __l_452:
 6320 24A7              __l_450:
 6321 24A7              ; 22                 }
 6322 24A7              ; 23             }
 6323 24A7              ; 24             // Меняем маленькие на заглавные
 6324 24A7              ; 25             if ((a = b) >= 0x61) {
 6325 24A7 78           	ld a, b
 6326 24A8 FE 61        	cp 97
 6327 24AA DA B7 24     	jp c, __l_454
 6328 24AD              ; 26                 if ((a = b) < 0x7B) {
 6329 24AD 78           	ld a, b
 6330 24AE FE 7B        	cp 123
 6331 24B0 D2 B7 24     	jp nc, __l_456
 6332 24B3              ; 27                     a = b;
 6333 24B3 78           	ld a, b
 6334 24B4              ; 28                     a -= 0x20;
 6335 24B4 D6 20        	sub 32
 6336 24B6              ; 29                     c = a;
 6337 24B6 4F           	ld c, a
 6338 24B7              __l_456:
 6339 24B7              __l_454:
 6340 24B7 C3 59 25     	jp __l_449
 6341 24BA              __l_448:
 6342 24BA              ; 30                 }
 6343 24BA              ; 31             }
 6344 24BA              ; 32         } else if ((a = keyRusAddress) == 0xFF) { // rus
 6345 24BA 3A E5 F3     	ld a, (keyrusaddress)
 6346 24BD FE FF        	cp 255
 6347 24BF C2 59 25     	jp nz, __l_458
 6348 24C2              ; 33             // Меняем заглавные английские на заглавные русские
 6349 24C2              ; 34             if ((a = b) >= 0x41) {
 6350 24C2 78           	ld a, b
 6351 24C3 FE 41        	cp 65
 6352 24C5 DA D7 24     	jp c, __l_460
 6353 24C8              ; 35                 if ((a = b) < 0x5B) {
 6354 24C8 78           	ld a, b
 6355 24C9 FE 5B        	cp 91
 6356 24CB D2 D7 24     	jp nc, __l_462
 6357 24CE              ; 36                     a = b;
 6358 24CE 78           	ld a, b
 6359 24CF              ; 37                     a += 0x3F;
 6360 24CF C6 3F        	add 63
 6361 24D1              ; 38                     c = a;
 6362 24D1 4F           	ld c, a
 6363 24D2              ; 39                     KeyboardConverRusCharC(a = 1);
 6364 24D2 3E 01        	ld a, 1
 6365 24D4 CD 76 25     	call keyboardconverruscharc
 6366 24D7              __l_462:
 6367 24D7              __l_460:
 6368 24D7              ; 40                 }
 6369 24D7              ; 41             }
 6370 24D7              ; 42             // Меняем маленькие английские на маленькие русские
 6371 24D7              ; 43             if ((a = b) >= 0x61) {
 6372 24D7 78           	ld a, b
 6373 24D8 FE 61        	cp 97
 6374 24DA DA F6 24     	jp c, __l_464
 6375 24DD              ; 44                 if ((a = b) < 0x7B) {
 6376 24DD 78           	ld a, b
 6377 24DE FE 7B        	cp 123
 6378 24E0 D2 F6 24     	jp nc, __l_466
 6379 24E3              ; 45                     a = b;
 6380 24E3 78           	ld a, b
 6381 24E4              ; 46                     a += 0x3F;
 6382 24E4 C6 3F        	add 63
 6383 24E6              ; 47                     c = a;
 6384 24E6 4F           	ld c, a
 6385 24E7              ; 48                     //
 6386 24E7              ; 49                     KeyboardConverRusCharC(a = 0);
 6387 24E7 3E 00        	ld a, 0
 6388 24E9 CD 76 25     	call keyboardconverruscharc
 6389 24EC              ; 50                     // если больше "п" то + 30
 6390 24EC              ; 51                     if ((a = c) >= 0xB0) {
 6391 24EC 79           	ld a, c
 6392 24ED FE B0        	cp 176
 6393 24EF DA F6 24     	jp c, __l_468
 6394 24F2              ; 52                         a = c;
 6395 24F2 79           	ld a, c
 6396 24F3              ; 53                         a += 0x30;
 6397 24F3 C6 30        	add 48
 6398 24F5              ; 54                         c = a;
 6399 24F5 4F           	ld c, a
 6400 24F6              __l_468:
 6401 24F6              __l_466:
 6402 24F6              __l_464:
 6403 24F6              ; 55                     }
 6404 24F6              ; 56                 }
 6405 24F6              ; 57             }
 6406 24F6              ; 58             // Ю
 6407 24F6              ; 59             d = 0x40;
 6408 24F6 16 40        	ld d, 64
 6409 24F8              ; 60             e = 0x60;
 6410 24F8 1E 60        	ld e, 96
 6411 24FA              ; 61             KeyboardBOrDOrE();
 6412 24FA CD 5C 25     	call keyboardbordore
 6413 24FD              ; 62             if (a == 1) {
 6414 24FD FE 01        	cp 1
 6415 24FF C2 06 25     	jp nz, __l_470
 6416 2502              ; 63                 a = b;
 6417 2502 78           	ld a, b
 6418 2503              ; 64                 a += 0x5E;
 6419 2503 C6 5E        	add 94
 6420 2505              ; 65                 c = a;
 6421 2505 4F           	ld c, a
 6422 2506              __l_470:
 6423 2506              ; 66             }
 6424 2506              ; 67             // Э
 6425 2506              ; 68             d = 0x5C;
 6426 2506 16 5C        	ld d, 92
 6427 2508              ; 69             e = 0x7C;
 6428 2508 1E 7C        	ld e, 124
 6429 250A              ; 70             KeyboardBOrDOrE();
 6430 250A CD 5C 25     	call keyboardbordore
 6431 250D              ; 71             if (a == 1) {
 6432 250D FE 01        	cp 1
 6433 250F C2 16 25     	jp nz, __l_472
 6434 2512              ; 72                 a = b;
 6435 2512 78           	ld a, b
 6436 2513              ; 73                 a += 0x41;
 6437 2513 C6 41        	add 65
 6438 2515              ; 74                 c = a;
 6439 2515 4F           	ld c, a
 6440 2516              __l_472:
 6441 2516              ; 75             }
 6442 2516              ; 76             // Ч
 6443 2516              ; 77             d = 0x5E;
 6444 2516 16 5E        	ld d, 94
 6445 2518              ; 78             e = 0x7E;
 6446 2518 1E 7E        	ld e, 126
 6447 251A              ; 79             KeyboardBOrDOrE();
 6448 251A CD 5C 25     	call keyboardbordore
 6449 251D              ; 80             if (a == 1) {
 6450 251D FE 01        	cp 1
 6451 251F C2 26 25     	jp nz, __l_474
 6452 2522              ; 81                 a = b;
 6453 2522 78           	ld a, b
 6454 2523              ; 82                 a += 0x39;
 6455 2523 C6 39        	add 57
 6456 2525              ; 83                 c = a;
 6457 2525 4F           	ld c, a
 6458 2526              __l_474:
 6459 2526              ; 84             }
 6460 2526              ; 85             // Ш
 6461 2526              ; 86             d = 0x5B;
 6462 2526 16 5B        	ld d, 91
 6463 2528              ; 87             e = 0x7B;
 6464 2528 1E 7B        	ld e, 123
 6465 252A              ; 88             KeyboardBOrDOrE();
 6466 252A CD 5C 25     	call keyboardbordore
 6467 252D              ; 89             if (a == 1) {
 6468 252D FE 01        	cp 1
 6469 252F C2 36 25     	jp nz, __l_476
 6470 2532              ; 90                 a = b;
 6471 2532 78           	ld a, b
 6472 2533              ; 91                 a += 0x3D;
 6473 2533 C6 3D        	add 61
 6474 2535              ; 92                 c = a;
 6475 2535 4F           	ld c, a
 6476 2536              __l_476:
 6477 2536              ; 93             }
 6478 2536              ; 94             // Щ
 6479 2536              ; 95             d = 0x5D;
 6480 2536 16 5D        	ld d, 93
 6481 2538              ; 96             e = 0x7D;
 6482 2538 1E 7D        	ld e, 125
 6483 253A              ; 97             KeyboardBOrDOrE();
 6484 253A CD 5C 25     	call keyboardbordore
 6485 253D              ; 98             if (a == 1) {
 6486 253D FE 01        	cp 1
 6487 253F C2 46 25     	jp nz, __l_478
 6488 2542              ; 99                 a = b;
 6489 2542 78           	ld a, b
 6490 2543              ; 100                 a += 0x3C;
 6491 2543 C6 3C        	add 60
 6492 2545              ; 101                 c = a;
 6493 2545 4F           	ld c, a
 6494 2546              __l_478:
 6495 2546              ; 102             }
 6496 2546              ; 103             if ((a = c) >= 0xB0) {
 6497 2546 79           	ld a, c
 6498 2547 FE B0        	cp 176
 6499 2549 DA 56 25     	jp c, __l_480
 6500 254C              ; 104                 if ((a = c) < 0xC0) {
 6501 254C 79           	ld a, c
 6502 254D FE C0        	cp 192
 6503 254F D2 56 25     	jp nc, __l_482
 6504 2552              ; 105                     a = c;
 6505 2552 79           	ld a, c
 6506 2553              ; 106                     a += 0x30;
 6507 2553 C6 30        	add 48
 6508 2555              ; 107                     c = a;
 6509 2555 4F           	ld c, a
 6510 2556              __l_482:
 6511 2556              __l_480:
 6512 2556 C3 59 25     	jp __l_459
 6513 2559              __l_458:
 6514 2559              ; 108                 }
 6515 2559              ; 109             }
 6516 2559              ; 110         } else {
 6517 2559              __l_459:
 6518 2559              __l_449:
 6519 2559              ; 111
 6520 2559              ; 112         }
 6521 2559              ; 113         a = c;
 6522 2559 79           	ld a, c
 6523 255A C1           	pop bc
 6524 255B C9           	ret
 6525 255C              ; 114     }
 6526 255C              ; 115 }
 6527 255C              ; 116
 6528 255C              ; 117 void KeyboardBOrDOrE() {
 6529 255C              keyboardbordore:
 6530 255C              ; 118     push_pop(hl) {
 6531 255C E5           	push hl
 6532 255D              ; 119         if ((a = b) == d) {
 6533 255D 78           	ld a, b
 6534 255E BA           	cp d
 6535 255F C2 67 25     	jp nz, __l_484
 6536 2562              ; 120             h = 1;
 6537 2562 26 01        	ld h, 1
 6538 2564 C3 73 25     	jp __l_485
 6539 2567              __l_484:
 6540 2567              ; 121         } else if ((a = b) == e) {
 6541 2567 78           	ld a, b
 6542 2568 BB           	cp e
 6543 2569 C2 71 25     	jp nz, __l_486
 6544 256C              ; 122             h = 1;
 6545 256C 26 01        	ld h, 1
 6546 256E C3 73 25     	jp __l_487
 6547 2571              __l_486:
 6548 2571              ; 123         } else {
 6549 2571              ; 124             h = 0;
 6550 2571 26 00        	ld h, 0
 6551 2573              __l_487:
 6552 2573              __l_485:
 6553 2573              ; 125         }
 6554 2573              ; 126         a = h;
 6555 2573 7C           	ld a, h
 6556 2574 E1           	pop hl
 6557 2575 C9           	ret
 6558 2576              ; 127     }
 6559 2576              ; 128 }
 6560 2576              ; 129
 6561 2576              ; 130 /// A - 0 происная, 1 - заглавная
 6562 2576              ; 131 /// C - Символ
 6563 2576              ; 132 void KeyboardConverRusCharC() {
 6564 2576              keyboardconverruscharc:
 6565 2576              ; 133     push_pop(hl, de) {
 6566 2576 E5           	push hl
 6567 2577 D5           	push de
 6568 2578              ; 134         if (a == 0) {
 6569 2578 B7           	or a
 6570 2579 C2 83 25     	jp nz, __l_488
 6571 257C              ; 135             a = c;
 6572 257C 79           	ld a, c
 6573 257D              ; 136             a -= 0xA0;
 6574 257D D6 A0        	sub 160
 6575 257F              ; 137             e = a;
 6576 257F 5F           	ld e, a
 6577 2580 C3 87 25     	jp __l_489
 6578 2583              __l_488:
 6579 2583              ; 138         } else {
 6580 2583              ; 139             a = c;
 6581 2583 79           	ld a, c
 6582 2584              ; 140             a -= 0x80;
 6583 2584 D6 80        	sub 128
 6584 2586              ; 141             e = a;
 6585 2586 5F           	ld e, a
 6586 2587              __l_489:
 6587 2587              ; 142         }
 6588 2587              ; 143         d = 0;
 6589 2587 16 00        	ld d, 0
 6590 2589              ; 144         hl = KeyboardRusCharConver;
 6591 2589 21 93 25     	ld hl, keyboardruscharconver
 6592 258C              ; 145         hl += de;
 6593 258C 19           	add hl, de
 6594 258D              ; 146         a = *hl;
 6595 258D 7E           	ld a, (hl)
 6596 258E              ; 147         a += c;
 6597 258E 81           	add c
 6598 258F              ; 148         c = a;
 6599 258F 4F           	ld c, a
 6600 2590 D1           	pop de
 6601 2591 E1           	pop hl
 6602 2592 C9           	ret
 6603 2593              ; 149     }
 6604 2593              ; 150 }
 6605 2593              ; 151
 6606 2593              ; 152 uint8_t KeyboardRusCharConver[32] = {
 6607 2593              keyboardruscharconver:
 6608 2593 00           	db 0
 6609 2594 00           	db 0
 6610 2595 14           	db 20
 6611 2596 01           	db 1
 6612 2597 01           	db 1
 6613 2598 0F           	db 15
 6614 2599 FD           	db 253
 6615 259A 0E           	db 14
 6616 259B 00           	db 0
 6617 259C 00           	db 0
 6618 259D 00           	db 0
 6619 259E 00           	db 0
 6620 259F 00           	db 0
 6621 25A0 00           	db 0
 6622 25A1 00           	db 0
 6623 25A2 00           	db 0
 6624 25A3 0F           	db 15
 6625 25A4 FF           	db 255
 6626 25A5 FF           	db 255
 6627 25A6 FF           	db 255
 6628 25A7 FF           	db 255
 6629 25A8 F1           	db 241
 6630 25A9 EC           	db 236
 6631 25AA 05           	db 5
 6632 25AB 03           	db 3
 6633 25AC ED           	db 237
 6634 25AD 00           	db 0
 6635 25AE 00           	db 0
 6636 25AF 00           	db 0
 6637 25B0 00           	db 0
 6638 25B1 00           	db 0
 6639 25B2 00           	db 0
 6640 25B3              ; 11 void ThreadsTickNow() {
 6641 25B3              threadsticknow:
 6642 25B3              ; 12     a = 101;
 6643 25B3 3E 65        	ld a, 101
 6644 25B5              ; 13     ThreadsTickCount = a;
 6645 25B5 32 3A 27     	ld (threadstickcount), a
 6646 25B8 C9           	ret
 6647 25B9              ; 14 }
 6648 25B9              ; 15
 6649 25B9              ; 16 void ThreadsTick() {
 6650 25B9              threadstick:
 6651 25B9              ; 17     #ifdef _IS_SIMULATOR
 6652 25B9              ; 18
 6653 25B9              ; 19     #else
 6654 25B9              ; 20     if ((a = ThreadsTickCount) >= 50) { //50
 6655 25B9 3A 3A 27     	ld a, (threadstickcount)
 6656 25BC FE 32        	cp 50
 6657 25BE DA CC 25     	jp c, __l_490
 6658 25C1              ; 21         a = 0;
 6659 25C1 3E 00        	ld a, 0
 6660 25C3              ; 22         ThreadsTickCount = a;
 6661 25C3 32 3A 27     	ld (threadstickcount), a
 6662 25C6              ; 23         //--
 6663 25C6              ; 24         ThreadsNetUpdateState();
 6664 25C6 CD D0 25     	call threadsnetupdatestate
 6665 25C9 C3 CF 25     	jp __l_491
 6666 25CC              __l_490:
 6667 25CC              ; 25     } else {
 6668 25CC              ; 26         ThreadsTickCountNext();
 6669 25CC CD 03 26     	call threadstickcountnext
 6670 25CF              __l_491:
 6671 25CF C9           	ret
 6672 25D0              ; 27     }
 6673 25D0              ; 28     #endif
 6674 25D0              ; 29 }
 6675 25D0              ; 30
 6676 25D0              ; 31 void ThreadsNetUpdateState() {
 6677 25D0              threadsnetupdatestate:
 6678 25D0              ; 32     CurrentViewDiskOrFtpViewByIdA(a = CurrentViewId);
 6679 25D0 3A 8F 1F     	ld a, (currentviewid)
 6680 25D3 CD 55 1F     	call currentviewdiskorftpviewbyida
 6681 25D6              ; 33     if (a == 1) {
 6682 25D6 FE 01        	cp 1
 6683 25D8 C2 E1 25     	jp nz, __l_492
 6684 25DB              ; 34         NetGetAllStatus();
 6685 25DB CD E7 13     	call netgetallstatus
 6686 25DE              ; 35         ThreadsNetNeedStateChange();
 6687 25DE CD E2 25     	call threadsnetneedstatechange
 6688 25E1              __l_492:
 6689 25E1 C9           	ret
 6690 25E2              ; 36     }
 6691 25E2              ; 37 }
 6692 25E2              ; 38
 6693 25E2              ; 39 void ThreadsNetNeedStateChange() {
 6694 25E2              threadsnetneedstatechange:
 6695 25E2              ; 40     if ((a = WiFiNetStateChange) == 1) {
 6696 25E2 3A 91 1F     	ld a, (wifinetstatechange)
 6697 25E5 FE 01        	cp 1
 6698 25E7 C2 F2 25     	jp nz, __l_494
 6699 25EA              ; 41         ThreadsNetNeedUpdateWiFiData();
 6700 25EA CD 3D 26     	call threadsnetneedupdatewifidata
 6701 25ED              ; 42         a = 0;
 6702 25ED 3E 00        	ld a, 0
 6703 25EF              ; 43         WiFiNetStateChange = a;
 6704 25EF 32 91 1F     	ld (wifinetstatechange), a
 6705 25F2              __l_494:
 6706 25F2              ; 44     }
 6707 25F2              ; 45     if ((a = FtpNetStateChange) == 1) {
 6708 25F2 3A 90 1F     	ld a, (ftpnetstatechange)
 6709 25F5 FE 01        	cp 1
 6710 25F7 C2 02 26     	jp nz, __l_496
 6711 25FA              ; 46         ThreadsNetNeedUpdateFtpData();
 6712 25FA CD 7B 26     	call threadsnetneedupdateftpdata
 6713 25FD              ; 47         a = 0;
 6714 25FD 3E 00        	ld a, 0
 6715 25FF              ; 48         FtpNetStateChange = a;
 6716 25FF 32 90 1F     	ld (ftpnetstatechange), a
 6717 2602              __l_496:
 6718 2602 C9           	ret
 6719 2603              ; 49     }
 6720 2603              ; 50 }
 6721 2603              ; 51
 6722 2603              ; 52 void ThreadsTickCountNext() {
 6723 2603              threadstickcountnext:
 6724 2603              ; 53     push_pop(hl) {
 6725 2603 E5           	push hl
 6726 2604              ; 54         hl = ThreadsTickSubCount;
 6727 2604 2A 38 27     	ld hl, (threadsticksubcount)
 6728 2607              ; 55         // Compare hl == 0
 6729 2607              ; 56         a = h;
 6730 2607 7C           	ld a, h
 6731 2608              ; 57         a |= l;
 6732 2608 B5           	or l
 6733 2609              ; 58         if (a == 0) {
 6734 2609 B7           	or a
 6735 260A C2 1A 26     	jp nz, __l_498
 6736 260D              ; 59             //-- TickCount ++
 6737 260D              ; 60             a = ThreadsTickCount;
 6738 260D 3A 3A 27     	ld a, (threadstickcount)
 6739 2610              ; 61             a++;
 6740 2610 3C           	inc a
 6741 2611              ; 62             ThreadsTickCount = a;
 6742 2611 32 3A 27     	ld (threadstickcount), a
 6743 2614              ; 63             //-- TickSubCount = max
 6744 2614              ; 64             hl = 0x100; //0x800; //0x1000; //0x300;
 6745 2614 21 00 01     	ld hl, 256
 6746 2617 C3 1B 26     	jp __l_499
 6747 261A              __l_498:
 6748 261A              ; 65         } else {
 6749 261A              ; 66             hl--;
 6750 261A 2B           	dec hl
 6751 261B              __l_499:
 6752 261B              ; 67         }
 6753 261B              ; 68         ThreadsTickSubCount = hl;
 6754 261B 22 38 27     	ld (threadsticksubcount), hl
 6755 261E E1           	pop hl
 6756 261F C9           	ret
 6757 2620              ; 69     }
 6758 2620              ; 70 }
 6759 2620              ; 71
 6760 2620              ; 72 void delay50ms() {
 6761 2620              delay50ms:
 6762 2620              ; 73     push_pop(bc) {
 6763 2620 C5           	push bc
 6764 2621              ; 74         bc = 0xFFFF;
 6765 2621 01 FF FF     	ld bc, 65535
 6766 2624              ; 75         do {
 6767 2624              __l_500:
 6768 2624              ; 76             bc--;
 6769 2624 0B           	dec bc
 6770 2625              ; 77             a = b;
 6771 2625 78           	ld a, b
 6772 2626              ; 78             a |= c;
 6773 2626 B1           	or c
 6774 2627              __l_501:
 6775 2627 C2 24 26     	jp nz, __l_500
 6776 262A C1           	pop bc
 6777 262B C9           	ret
 6778 262C              ; 79         } while (flag_nz);
 6779 262C              ; 80     }
 6780 262C              ; 81 }
 6781 262C              ; 82
 6782 262C              ; 83 void NetUpdateData() {
 6783 262C              netupdatedata:
 6784 262C              ; 84     NetDiskGetNum();
 6785 262C CD E9 14     	call netdiskgetnum
 6786 262F              ; 85     if (a == 1) { // Обновляем локальный диск
 6787 262F FE 01        	cp 1
 6788 2631 C2 37 26     	jp nz, __l_503
 6789 2634              ; 86         DiskViewReload();
 6790 2634 CD 45 2C     	call diskviewreload
 6791 2637              __l_503:
 6792 2637              ; 87     }
 6793 2637              ; 88     // NEXT
 6794 2637              ; 89     ThreadsNetNeedUpdateFtpValue();
 6795 2637 CD A7 26     	call threadsnetneedupdateftpvalue
 6796 263A              ; 90     ThreadsNetNeedUpdateWiFiValue();
 6797 263A C3 4C 26     	jp threadsnetneedupdatewifivalue
 6798 263D              ; 91 }
 6799 263D              ; 92
 6800 263D              ; 93 // ----------------------------------
 6801 263D              ; 94 // ------------ WiFi ----------------
 6802 263D              ; 95 // ----------------------------------
 6803 263D              ; 96 void ThreadsNetNeedUpdateWiFiData() {
 6804 263D              threadsnetneedupdatewifidata:
 6805 263D              ; 97     NetWiFiGetSsidIp();
 6806 263D CD 7B 12     	call netwifigetssidip
 6807 2640              ; 98     WifiStateViewShowValue();
 6808 2640 C3 A8 27     	jp wifistateviewshowvalue
 6809 2643              ; 99 }
 6810 2643              ; 100
 6811 2643              ; 101 void ThreadsNetPasswordUpdate() {
 6812 2643              threadsnetpasswordupdate:
 6813 2643              ; 102     NetWiFiSetSsidPassword();
 6814 2643 CD 67 12     	call netwifisetssidpassword
 6815 2646              ; 103     nop();
 6816 2646 00           	nop
 6817 2647              ; 104     NetWiFiGetSsidPassword();
 6818 2647 CD 52 12     	call netwifigetssidpassword
 6819 264A              ; 105     nop();
 6820 264A 00           	nop
 6821 264B C9           	ret
 6822 264C              ; 106 }
 6823 264C              ; 107
 6824 264C              ; 108 void ThreadsNetNeedUpdateWiFiValue() {
 6825 264C              threadsnetneedupdatewifivalue:
 6826 264C              ; 109     NetWiFiGetSsidIp();
 6827 264C CD 7B 12     	call netwifigetssidip
 6828 264F              ; 110     NetWiFiGetSsidMac();
 6829 264F CD 90 12     	call netwifigetssidmac
 6830 2652              ; 111     NetWiFiGetSsid();
 6831 2652 CD A5 12     	call netwifigetssid
 6832 2655              ; 112     NetWiFiGetSsidPassword();
 6833 2655 CD 52 12     	call netwifigetssidpassword
 6834 2658              ; 113     // UI
 6835 2658              ; 114     WifiStateViewShowValue();
 6836 2658 C3 A8 27     	jp wifistateviewshowvalue
 6837 265B              ; 115 }
 6838 265B              ; 116
 6839 265B              ; 117 void ThreadsNetSsidUpdateA() {
 6840 265B              threadsnetssidupdatea:
 6841 265B              ; 118     NetWiFiSetListA();
 6842 265B CD CF 13     	call netwifisetlista
 6843 265E              ; 119     NetWiFiGetSsid();
 6844 265E CD A5 12     	call netwifigetssid
 6845 2661              ; 120     WifiStateViewShowValue();
 6846 2661 C3 A8 27     	jp wifistateviewshowvalue
 6847 2664              ; 121 }
 6848 2664              ; 122
 6849 2664              ; 123 void ThreadsNetSetWiFiStateA() {
 6850 2664              threadsnetsetwifistatea:
 6851 2664              ; 124     push_pop(bc) {
 6852 2664 C5           	push bc
 6853 2665              ; 125         a &= 0x01;
 6854 2665 E6 01        	and 1
 6855 2667              ; 126         b = a;
 6856 2667 47           	ld b, a
 6857 2668              ; 127         // Old Value
 6858 2668              ; 128         a = WiFiSettingsViewSSIDIsConnected;
 6859 2668 3A 5B 1B     	ld a, (wifisettingsviewssidisconnected)
 6860 266B              ; 129         c = a;
 6861 266B 4F           	ld c, a
 6862 266C              ; 130         // --
 6863 266C              ; 131         a = b;
 6864 266C 78           	ld a, b
 6865 266D              ; 132         WiFiSettingsViewSSIDIsConnected = a;
 6866 266D 32 5B 1B     	ld (wifisettingsviewssidisconnected), a
 6867 2670              ; 133         if(a != c){
 6868 2670 B9           	cp c
 6869 2671 CA 79 26     	jp z, __l_505
 6870 2674              ; 134             a = 0x01;
 6871 2674 3E 01        	ld a, 1
 6872 2676              ; 135             WiFiNetStateChange = a;
 6873 2676 32 91 1F     	ld (wifinetstatechange), a
 6874 2679              __l_505:
 6875 2679 C1           	pop bc
 6876 267A C9           	ret
 6877 267B              ; 136         }
 6878 267B              ; 137     }
 6879 267B              ; 138 }
 6880 267B              ; 139
 6881 267B              ; 140 // ----------------------------------
 6882 267B              ; 141 // ------------ Ftp  ----------------
 6883 267B              ; 142 // ----------------------------------
 6884 267B              ; 143 void ThreadsNetNeedUpdateFtpData() {
 6885 267B              threadsnetneedupdateftpdata:
 6886 267B              ; 144     FtpStateViewShowValue();
 6887 267B CD 2F 2F     	call ftpstateviewshowvalue
 6888 267E              ; 145     // Update ftp dir
 6889 267E              ; 146     NetFtpGetCurrentPath();
 6890 267E CD FE 13     	call netftpgetcurrentpath
 6891 2681              ; 147     FtpViewShowPath();
 6892 2681 CD C3 34     	call ftpviewshowpath
 6893 2684              ; 148     //
 6894 2684              ; 149     CurrentViewDiskOrFtpViewByIdA(a = CurrentViewId);
 6895 2684 3A 8F 1F     	ld a, (currentviewid)
 6896 2687 CD 55 1F     	call currentviewdiskorftpviewbyida
 6897 268A              ; 150     if (a == 1) {
 6898 268A FE 01        	cp 1
 6899 268C C2 A6 26     	jp nz, __l_507
 6900 268F              ; 151         if ((a = FtpStateViewStatus) == 1) {
 6901 268F 3A B0 2F     	ld a, (ftpstateviewstatus)
 6902 2692 FE 01        	cp 1
 6903 2694 C2 A0 26     	jp nz, __l_509
 6904 2697              ; 152             NetFtpUpdateList();
 6905 2697 CD 33 14     	call netftpupdatelist
 6906 269A              ; 153             NetFtpListFiles();
 6907 269A CD 43 14     	call netftplistfiles
 6908 269D C3 A3 26     	jp __l_510
 6909 26A0              __l_509:
 6910 26A0              ; 154         } else {
 6911 26A0              ; 155             FtpViewEmptyList();
 6912 26A0 CD F0 36     	call ftpviewemptylist
 6913 26A3              __l_510:
 6914 26A3              ; 156         }
 6915 26A3              ; 157         FtpViewListUpdateUI();
 6916 26A3 CD 17 37     	call ftpviewlistupdateui
 6917 26A6              __l_507:
 6918 26A6 C9           	ret
 6919 26A7              ; 158     }
 6920 26A7              ; 159 }
 6921 26A7              ; 160
 6922 26A7              ; 161 void ThreadsNetNeedUpdateFtpValue() {
 6923 26A7              threadsnetneedupdateftpvalue:
 6924 26A7              ; 162     NetFtpGetUrl();
 6925 26A7 CD BA 12     	call netftpgeturl
 6926 26AA              ; 163     NetFtpGetHomeDir();
 6927 26AA CD 35 13     	call netftpgethomedir
 6928 26AD              ; 164     NetFtpGetPort();
 6929 26AD CD 5E 13     	call netftpgetport
 6930 26B0              ; 165     NetFtpGetUser();
 6931 26B0 CD E3 12     	call netftpgetuser
 6932 26B3              ; 166     NetFtpGetPassword();
 6933 26B3 CD 0C 13     	call netftpgetpassword
 6934 26B6              ; 167     // UI
 6935 26B6              ; 168     FtpStateViewShowValue();
 6936 26B6 C3 2F 2F     	jp ftpstateviewshowvalue
 6937 26B9              ; 169 }
 6938 26B9              ; 170
 6939 26B9              ; 171 void ThreadsNetFtpHomeDirUpdate() {
 6940 26B9              threadsnetftphomedirupdate:
 6941 26B9              ; 172     NetFtpSetHomeDir();
 6942 26B9 CD 4A 13     	call netftpsethomedir
 6943 26BC              ; 173     NetFtpGetHomeDir();
 6944 26BC C3 35 13     	jp netftpgethomedir
 6945 26BF              ; 174 }
 6946 26BF              ; 175
 6947 26BF              ; 176 void ThreadsNetFtpUserUpdate() {
 6948 26BF              threadsnetftpuserupdate:
 6949 26BF              ; 177     NetFtpSetUser();
 6950 26BF CD F8 12     	call netftpsetuser
 6951 26C2              ; 178     NetFtpGetUser();
 6952 26C2 C3 E3 12     	jp netftpgetuser
 6953 26C5              ; 179 }
 6954 26C5              ; 180
 6955 26C5              ; 181 void ThreadsNetFtpPasswordUpdate() {
 6956 26C5              threadsnetftppasswordupdate:
 6957 26C5              ; 182     NetFtpSetPassword();
 6958 26C5 CD 21 13     	call netftpsetpassword
 6959 26C8              ; 183     NetFtpGetPassword();
 6960 26C8 C3 0C 13     	jp netftpgetpassword
 6961 26CB              ; 184 }
 6962 26CB              ; 185
 6963 26CB              ; 186 void ThreadsNetFtpServerUrlUpdate() {
 6964 26CB              threadsnetftpserverurlupdate:
 6965 26CB              ; 187     NetFtpSetUrl();
 6966 26CB CD CF 12     	call netftpseturl
 6967 26CE              ; 188     NetFtpGetUrl();
 6968 26CE C3 BA 12     	jp netftpgeturl
 6969 26D1              ; 189 }
 6970 26D1              ; 190
 6971 26D1              ; 191 void ThreadsNetFtpPortUpdate() {
 6972 26D1              threadsnetftpportupdate:
 6973 26D1              ; 192     NetFtpSetPort();
 6974 26D1 CD 73 13     	call netftpsetport
 6975 26D4              ; 193     NetFtpGetPort();
 6976 26D4 C3 5E 13     	jp netftpgetport
 6977 26D7              ; 194 }
 6978 26D7              ; 195
 6979 26D7              ; 196 void ThreadsNetFtpGoToHomeDir() {
 6980 26D7              threadsnetftpgotohomedir:
 6981 26D7              ; 197     NetFtpGoToHomeDir();
 6982 26D7 CD F4 13     	call netftpgotohomedir
 6983 26DA              ; 198     NetFtpGetCurrentPath();
 6984 26DA CD FE 13     	call netftpgetcurrentpath
 6985 26DD              ; 199     FtpViewShowPath();
 6986 26DD CD C3 34     	call ftpviewshowpath
 6987 26E0              ; 200     if ((a = FtpStateViewStatus) == 1) {
 6988 26E0 3A B0 2F     	ld a, (ftpstateviewstatus)
 6989 26E3 FE 01        	cp 1
 6990 26E5 C2 F1 26     	jp nz, __l_511
 6991 26E8              ; 201         NetFtpUpdateList();
 6992 26E8 CD 33 14     	call netftpupdatelist
 6993 26EB              ; 202         NetFtpListFiles();
 6994 26EB CD 43 14     	call netftplistfiles
 6995 26EE C3 F4 26     	jp __l_512
 6996 26F1              __l_511:
 6997 26F1              ; 203     } else {
 6998 26F1              ; 204         FtpViewEmptyList();
 6999 26F1 CD F0 36     	call ftpviewemptylist
 7000 26F4              __l_512:
 7001 26F4              ; 205     }
 7002 26F4              ; 206     FtpViewListUpdateUI();
 7003 26F4 C3 17 37     	jp ftpviewlistupdateui
 7004 26F7              ; 207 }
 7005 26F7              ; 208
 7006 26F7              ; 209 void ThreadsNetFtpDeleteFileA() {
 7007 26F7              threadsnetftpdeletefilea:
 7008 26F7              ; 210     NetFtpDeleteFileIndexA();
 7009 26F7 CD A1 14     	call netftpdeletefileindexa
 7010 26FA              ; 211     NetFtpUpdateList();
 7011 26FA CD 33 14     	call netftpupdatelist
 7012 26FD              ; 212     NetFtpListFiles();
 7013 26FD CD 43 14     	call netftplistfiles
 7014 2700              ; 213     FtpViewListUpdateUI();
 7015 2700 C3 17 37     	jp ftpviewlistupdateui
 7016 2703              ; 214 }
 7017 2703              ; 215
 7018 2703              ; 216 void ThreadsNetSetFtpStateA() {
 7019 2703              threadsnetsetftpstatea:
 7020 2703              ; 217     push_pop(bc) {
 7021 2703 C5           	push bc
 7022 2704              ; 218         a &= 0x01;
 7023 2704 E6 01        	and 1
 7024 2706              ; 219         b = a;
 7025 2706 47           	ld b, a
 7026 2707              ; 220         // Old Value
 7027 2707              ; 221         a = FtpStateViewStatus;
 7028 2707 3A B0 2F     	ld a, (ftpstateviewstatus)
 7029 270A              ; 222         c = a;
 7030 270A 4F           	ld c, a
 7031 270B              ; 223         // --
 7032 270B              ; 224         a = b;
 7033 270B 78           	ld a, b
 7034 270C              ; 225         FtpStateViewStatus = a;
 7035 270C 32 B0 2F     	ld (ftpstateviewstatus), a
 7036 270F              ; 226         if(a != c){
 7037 270F B9           	cp c
 7038 2710 CA 18 27     	jp z, __l_513
 7039 2713              ; 227             a = 0x01;
 7040 2713 3E 01        	ld a, 1
 7041 2715              ; 228             FtpNetStateChange = a;
 7042 2715 32 90 1F     	ld (ftpnetstatechange), a
 7043 2718              __l_513:
 7044 2718 C1           	pop bc
 7045 2719 C9           	ret
 7046 271A              ; 229         }
 7047 271A              ; 230     }
 7048 271A              ; 231 }
 7049 271A              ; 232
 7050 271A              ; 233 void ThreadsNetDetectError() {
 7051 271A              threadsnetdetecterror:
 7052 271A              ; 234     push_pop(bc, hl) {
 7053 271A C5           	push bc
 7054 271B E5           	push hl
 7055 271C              ; 235         if ((a = ESPError) > 0) {
 7056 271C 3A 51 12     	ld a, (esperror)
 7057 271F B7           	or a
 7058 2720 CA 35 27     	jp z, __l_515
 7059 2723              ; 236             b = a;
 7060 2723 47           	ld b, a
 7061 2724              ; 237             // Clear error
 7062 2724              ; 238             a = 0;
 7063 2724 3E 00        	ld a, 0
 7064 2726              ; 239             ESPError = a;
 7065 2726 32 51 12     	ld (esperror), a
 7066 2729              ; 240             //-- ENUM
 7067 2729              ; 241             if ((a = b) == ESPError_TimeOut) {
 7068 2729 78           	ld a, b
 7069 272A FE 01        	cp 1
 7070 272C C2 35 27     	jp nz, __l_517
 7071 272F              ; 242                 AllertOkViewShowHL(hl = StringLocaleNetTimeOut);
 7072 272F 21 C5 1F     	ld hl, stringlocalenettimeout
 7073 2732 CD 06 40     	call allertokviewshowhl
 7074 2735              __l_517:
 7075 2735              __l_515:
 7076 2735 E1           	pop hl
 7077 2736 C1           	pop bc
 7078 2737 C9           	ret
 7079 2738              ; 243             }
 7080 2738              ; 244         }
 7081 2738              ; 245     }
 7082 2738              ; 246 }
 7083 2738              ; 247
 7084 2738              ; 248 uint16_t ThreadsTickSubCount = 0x0000;
 7085 2738              threadsticksubcount:
 7086 2738 00 00        	dw 0
 7087 273A              ; 249 uint8_t ThreadsTickCount = 0;
 7088 273A              threadstickcount:
 7089 273A 00           	db 0
 7090 273B              ; 11 void WifiStateViewShow() {
 7091 273B              wifistateviewshow:
 7092 273B              ; 12     push_pop(hl, de, bc) {
 7093 273B E5           	push hl
 7094 273C D5           	push de
 7095 273D C5           	push bc
 7096 273E              ; 13         a = WifiStateViewX;
 7097 273E 3A D8 27     	ld a, (wifistateviewx)
 7098 2741              ; 14         h = a;
 7099 2741 67           	ld h, a
 7100 2742              ; 15         a = WifiStateViewY;
 7101 2742 3A D9 27     	ld a, (wifistateviewy)
 7102 2745              ; 16         l = a;
 7103 2745 6F           	ld l, a
 7104 2746              ; 17         a = WifiStateViewDX;
 7105 2746 3A DA 27     	ld a, (wifistateviewdx)
 7106 2749              ; 18         d = a;
 7107 2749 57           	ld d, a
 7108 274A              ; 19         a = WifiStateViewDY;
 7109 274A 3A DB 27     	ld a, (wifistateviewdy)
 7110 274D              ; 20         e = a;
 7111 274D 5F           	ld e, a
 7112 274E              ; 21         a = WifiStateViewColor;
 7113 274E 3A DC 27     	ld a, (wifistateviewcolor)
 7114 2751              ; 22         vboxOpenHLDE();
 7115 2751 CD 55 4E     	call vboxopenhlde
 7116 2754              ; 23         vboxBorderHLDE();
 7117 2754 CD C1 4D     	call vboxborderhlde
 7118 2757              ; 24         WifiStateViewShowTitle();
 7119 2757 CD 61 27     	call wifistateviewshowtitle
 7120 275A              ; 25         WifiStateViewShowValue();
 7121 275A CD A8 27     	call wifistateviewshowvalue
 7122 275D C1           	pop bc
 7123 275E D1           	pop de
 7124 275F E1           	pop hl
 7125 2760 C9           	ret
 7126 2761              ; 26     }
 7127 2761              ; 27 }
 7128 2761              ; 28
 7129 2761              ; 29 void WifiStateViewShowTitle() {
 7130 2761              wifistateviewshowtitle:
 7131 2761              ; 30     push_pop(hl, bc) {
 7132 2761 E5           	push hl
 7133 2762 C5           	push bc
 7134 2763              ; 31         //Title
 7135 2763              ; 32         a = WifiStateViewX;
 7136 2763 3A D8 27     	ld a, (wifistateviewx)
 7137 2766              ; 33         b = a;
 7138 2766 47           	ld b, a
 7139 2767              ; 34         a = WifiStateViewDX;
 7140 2767 3A DA 27     	ld a, (wifistateviewdx)
 7141 276A              ; 35         a += b;
 7142 276A 80           	add b
 7143 276B              ; 36         a -= 8; //len Title
 7144 276B D6 08        	sub 8
 7145 276D              ; 37         myCharPosX = a;
 7146 276D 32 E3 1D     	ld (mycharposx), a
 7147 2770              ; 38         a = WifiStateViewY;
 7148 2770 3A D9 27     	ld a, (wifistateviewy)
 7149 2773              ; 39         myCharPosY = a;
 7150 2773 32 E4 1D     	ld (mycharposy), a
 7151 2776              ; 40         printMyHLStr(hl = WifiStateViewTitle);
 7152 2776 21 E4 27     	ld hl, wifistateviewtitle
 7153 2779 CD ED 1B     	call printmyhlstr
 7154 277C              ; 41         //SSID
 7155 277C              ; 42         a = WifiStateViewX;
 7156 277C 3A D8 27     	ld a, (wifistateviewx)
 7157 277F              ; 43         a++;
 7158 277F 3C           	inc a
 7159 2780              ; 44         myCharPosX = a;
 7160 2780 32 E3 1D     	ld (mycharposx), a
 7161 2783              ; 45         a = WifiStateViewY;
 7162 2783 3A D9 27     	ld a, (wifistateviewy)
 7163 2786              ; 46         a++;
 7164 2786 3C           	inc a
 7165 2787              ; 47         myCharPosY = a;
 7166 2787 32 E4 1D     	ld (mycharposy), a
 7167 278A              ; 48         printMyHLStr(hl = WiFiSettingsViewTitleSSID);
 7168 278A 21 40 1B     	ld hl, wifisettingsviewtitlessid
 7169 278D CD ED 1B     	call printmyhlstr
 7170 2790              ; 49         //IP
 7171 2790              ; 50         a = WifiStateViewX;
 7172 2790 3A D8 27     	ld a, (wifistateviewx)
 7173 2793              ; 51         a++;
 7174 2793 3C           	inc a
 7175 2794              ; 52         myCharPosX = a;
 7176 2794 32 E3 1D     	ld (mycharposx), a
 7177 2797              ; 53         a = WifiStateViewY;
 7178 2797 3A D9 27     	ld a, (wifistateviewy)
 7179 279A              ; 54         a++;
 7180 279A 3C           	inc a
 7181 279B              ; 55         a++;
 7182 279B 3C           	inc a
 7183 279C              ; 56         myCharPosY = a;
 7184 279C 32 E4 1D     	ld (mycharposy), a
 7185 279F              ; 57         printMyHLStr(hl = WifiStateViewTitleIP);
 7186 279F 21 DD 27     	ld hl, wifistateviewtitleip
 7187 27A2 CD ED 1B     	call printmyhlstr
 7188 27A5 C1           	pop bc
 7189 27A6 E1           	pop hl
 7190 27A7 C9           	ret
 7191 27A8              ; 58     }
 7192 27A8              ; 59 }
 7193 27A8              ; 60
 7194 27A8              ; 61
 7195 27A8              ; 62
 7196 27A8              ; 63 void WifiStateViewShowValue() {
 7197 27A8              wifistateviewshowvalue:
 7198 27A8              ; 64     // SSID
 7199 27A8              ; 65     a = WifiStateViewX;
 7200 27A8 3A D8 27     	ld a, (wifistateviewx)
 7201 27AB              ; 66     a += 7;
 7202 27AB C6 07        	add 7
 7203 27AD              ; 67     myCharPosX = a;
 7204 27AD 32 E3 1D     	ld (mycharposx), a
 7205 27B0              ; 68     a = WifiStateViewY;
 7206 27B0 3A D9 27     	ld a, (wifistateviewy)
 7207 27B3              ; 69     a += 1;
 7208 27B3 C6 01        	add 1
 7209 27B5              ; 70     myCharPosY = a;
 7210 27B5 32 E4 1D     	ld (mycharposy), a
 7211 27B8              ; 71     a = 16;
 7212 27B8 3E 10        	ld a, 16
 7213 27BA              ; 72     printMyHLStrLenA(hl = WiFiSettingsViewSsidValue);
 7214 27BA 21 5C 1B     	ld hl, wifisettingsviewssidvalue
 7215 27BD CD FC 1B     	call printmyhlstrlena
 7216 27C0              ; 73     // IP
 7217 27C0              ; 74     a = WifiStateViewX;
 7218 27C0 3A D8 27     	ld a, (wifistateviewx)
 7219 27C3              ; 75     a += 7;
 7220 27C3 C6 07        	add 7
 7221 27C5              ; 76     myCharPosX = a;
 7222 27C5 32 E3 1D     	ld (mycharposx), a
 7223 27C8              ; 77     a = WifiStateViewY;
 7224 27C8 3A D9 27     	ld a, (wifistateviewy)
 7225 27CB              ; 78     a += 2;
 7226 27CB C6 02        	add 2
 7227 27CD              ; 79     myCharPosY = a;
 7228 27CD 32 E4 1D     	ld (mycharposy), a
 7229 27D0              ; 80     a = 16;
 7230 27D0 3E 10        	ld a, 16
 7231 27D2              ; 81     printMyHLStrLenA(hl = WiFiSettingsViewIpValue);
 7232 27D2 21 8E 1B     	ld hl, wifisettingsviewipvalue
 7233 27D5 C3 FC 1B     	jp printmyhlstrlena
 7234 27D8              ; 82 }
 7235 27D8              ; 83
 7236 27D8              ; 84 uint8_t WifiStateViewX = 24;
 7237 27D8              wifistateviewx:
 7238 27D8 18           	db 24
 7239 27D9              ; 85 uint8_t WifiStateViewY = 0;
 7240 27D9              wifistateviewy:
 7241 27D9 00           	db 0
 7242 27DA              ; 86 uint8_t WifiStateViewDX = 24;
 7243 27DA              wifistateviewdx:
 7244 27DA 18           	db 24
 7245 27DB              ; 87 uint8_t WifiStateViewDY = 4;
 7246 27DB              wifistateviewdy:
 7247 27DB 04           	db 4
 7248 27DC              ; 89 uint8_t WifiStateViewColor = 0x07;
 7249 27DC              wifistateviewcolor:
 7250 27DC 07           	db 7
 7251 27DD              ; 94 uint8_t WifiStateViewTitleIP[] =   "IP  : ";
 7252 27DD              wifistateviewtitleip:
 7253 27DD 49           	db 73
 7254 27DE 50           	db 80
 7255 27DF 20           	db 32
 7256 27E0 20           	db 32
 7257 27E1 3A           	db 58
 7258 27E2 20           	db 32
 7259 27E3 00           	ds 1
 7260 27E4              ; 95 uint8_t WifiStateViewTitle[] = {0xB5, 'W', 'i', '-', 'F', 'i', 0xC6, '\0'};
 7261 27E4              wifistateviewtitle:
 7262 27E4 B5           	db 181
 7263 27E5 57           	db 87
 7264 27E6 69           	db 105
 7265 27E7 2D           	db 45
 7266 27E8 46           	db 70
 7267 27E9 69           	db 105
 7268 27EA C6           	db 198
 7269 27EB 00           	db 0
 7270 27EC              ; 11 void DiskViewShow() {
 7271 27EC              diskviewshow:
 7272 27EC              ; 12     a = DiskViewX;
 7273 27EC 3A 24 2D     	ld a, (diskviewx)
 7274 27EF              ; 13     h = a;
 7275 27EF 67           	ld h, a
 7276 27F0              ; 14     a = DiskViewY;
 7277 27F0 3A 25 2D     	ld a, (diskviewy)
 7278 27F3              ; 15     l = a;
 7279 27F3 6F           	ld l, a
 7280 27F4              ; 16     a = DiskViewDX;
 7281 27F4 3A 26 2D     	ld a, (diskviewdx)
 7282 27F7              ; 17     d = a;
 7283 27F7 57           	ld d, a
 7284 27F8              ; 18     a = DiskViewDY;
 7285 27F8 3A 27 2D     	ld a, (diskviewdy)
 7286 27FB              ; 19     e = a;
 7287 27FB 5F           	ld e, a
 7288 27FC              ; 20     a = DiskViewColor;
 7289 27FC 3A 28 2D     	ld a, (diskviewcolor)
 7290 27FF              ; 21     vboxOpenHLDE();
 7291 27FF CD 55 4E     	call vboxopenhlde
 7292 2802              ; 22     vboxBorderHLDE();
 7293 2802 CD C1 4D     	call vboxborderhlde
 7294 2805              ; 23     DiskViewShowTitle();
 7295 2805 CD 0D 28     	call diskviewshowtitle
 7296 2808              ; 24
 7297 2808              ; 25     //DEBUG!!!
 7298 2808              ; 26     DiskViewSetDiskNumA(a = 'B');
 7299 2808 3E 42        	ld a, 66
 7300 280A C3 30 2C     	jp diskviewsetdisknuma
 7301 280D              ; 27 }
 7302 280D              ; 28
 7303 280D              ; 29 void DiskViewShowTitle() {
 7304 280D              diskviewshowtitle:
 7305 280D              ; 30     a = DiskViewX;
 7306 280D 3A 24 2D     	ld a, (diskviewx)
 7307 2810              ; 31     a++;
 7308 2810 3C           	inc a
 7309 2811              ; 32     myCharPosX = a;
 7310 2811 32 E3 1D     	ld (mycharposx), a
 7311 2814              ; 33     a = DiskViewY;
 7312 2814 3A 25 2D     	ld a, (diskviewy)
 7313 2817              ; 34     myCharPosY = a;
 7314 2817 32 E4 1D     	ld (mycharposy), a
 7315 281A              ; 35     printMyHLStr(hl = DiskViewTitle);
 7316 281A 21 38 2D     	ld hl, diskviewtitle
 7317 281D C3 ED 1B     	jp printmyhlstr
 7318 2820              ; 36 }
 7319 2820              ; 37
 7320 2820              ; 38 void DiskViewUpdateDir() {
 7321 2820              diskviewupdatedir:
 7322 2820              ; 39     push_pop(hl) {
 7323 2820 E5           	push hl
 7324 2821              ; 40         a = DiskViewDiskNum;
 7325 2821 3A 2A 2D     	ld a, (diskviewdisknum)
 7326 2824              ; 41         ordos_wnd();
 7327 2824 CD D6 BF     	call ordos_wnd
 7328 2827              ; 42         hl = DiskViewDirBufer;
 7329 2827 2A 2C 2D     	ld hl, (diskviewdirbufer)
 7330 282A              ; 43         ordos_dirm();
 7331 282A CD E8 BF     	call ordos_dirm
 7332 282D              ; 44         DiskViewDirCount = a;
 7333 282D 32 2B 2D     	ld (diskviewdircount), a
 7334 2830 E1           	pop hl
 7335 2831 C9           	ret
 7336 2832              ; 45     }
 7337 2832              ; 46 }
 7338 2832              ; 47
 7339 2832              ; 48 /// HL
 7340 2832              ; 49 void DiskViewDirBuferStartIndexToHL() {
 7341 2832              diskviewdirbuferstartindextohl:
 7342 2832              ; 50     push_pop(de) {
 7343 2832 D5           	push de
 7344 2833              ; 51         hl = DiskViewDirBufer;
 7345 2833 2A 2C 2D     	ld hl, (diskviewdirbufer)
 7346 2836              ; 52         d = 0;
 7347 2836 16 00        	ld d, 0
 7348 2838              ; 53         a ^= a;
 7349 2838 AF           	xor a
 7350 2839              ; 54         a = DiskViewDirStartIndex;
 7351 2839 3A 2F 2D     	ld a, (diskviewdirstartindex)
 7352 283C              ; 55         carry_rotate_left(a, 4);
 7353 283C 17           	rla
 7354 283D 17           	rla
 7355 283E 17           	rla
 7356 283F 17           	rla
 7357 2840              ; 56         e = a;
 7358 2840 5F           	ld e, a
 7359 2841              ; 57         if (flag_c) { // Если переполняние младшего разряда, инкремент старшего
 7360 2841 D2 45 28     	jp nc, __l_519
 7361 2844              ; 58             d++;
 7362 2844 14           	inc d
 7363 2845              __l_519:
 7364 2845              ; 59         }
 7365 2845              ; 60         hl += de;
 7366 2845 19           	add hl, de
 7367 2846 D1           	pop de
 7368 2847 C9           	ret
 7369 2848              ; 61     }
 7370 2848              ; 62 }
 7371 2848              ; 63
 7372 2848              ; 64 void DiskViewDirEndIndexCalc() {
 7373 2848              diskviewdirendindexcalc:
 7374 2848              ; 65     push_pop(bc) {
 7375 2848 C5           	push bc
 7376 2849              ; 66         //--
 7377 2849              ; 67         a = DiskViewDirPageCoint;
 7378 2849 3A 31 2D     	ld a, (diskviewdirpagecoint)
 7379 284C              ; 68         c = a;
 7380 284C 4F           	ld c, a
 7381 284D              ; 69         //--
 7382 284D              ; 70         a = DiskViewDirStartIndex;
 7383 284D 3A 2F 2D     	ld a, (diskviewdirstartindex)
 7384 2850              ; 71         b = a;
 7385 2850 47           	ld b, a
 7386 2851              ; 72         a = DiskViewDirCount;
 7387 2851 3A 2B 2D     	ld a, (diskviewdircount)
 7388 2854              ; 73         a -= b;
 7389 2854 90           	sub b
 7390 2855              ; 74         if (a >= c) {
 7391 2855 B9           	cp c
 7392 2856 DA 5A 28     	jp c, __l_521
 7393 2859              ; 75             a = c;
 7394 2859 79           	ld a, c
 7395 285A              __l_521:
 7396 285A              ; 76         }
 7397 285A              ; 77         DiskViewDirEndIndex = a;
 7398 285A 32 30 2D     	ld (diskviewdirendindex), a
 7399 285D C1           	pop bc
 7400 285E C9           	ret
 7401 285F              ; 78     }
 7402 285F              ; 79 }
 7403 285F              ; 80
 7404 285F              ; 81 void DiskViewDirProgressLineCalk() {
 7405 285F              diskviewdirprogresslinecalk:
 7406 285F              ; 82     push_pop(bc) {
 7407 285F C5           	push bc
 7408 2860              ; 83         a = DiskViewDirPageCoint;
 7409 2860 3A 31 2D     	ld a, (diskviewdirpagecoint)
 7410 2863              ; 84         b = a;
 7411 2863 47           	ld b, a
 7412 2864              ; 85         a = DiskViewDirCount;
 7413 2864 3A 2B 2D     	ld a, (diskviewdircount)
 7414 2867              ; 86         a -= b;
 7415 2867 90           	sub b
 7416 2868              ; 87         b = a;
 7417 2868 47           	ld b, a
 7418 2869              ; 88         if (a < DiskViewDirProgressCount) {
 7419 2869 FE 13        	cp 19
 7420 286B D2 77 28     	jp nc, __l_523
 7421 286E              ; 89             a = DiskViewDirProgressCount;
 7422 286E 3E 13        	ld a, 19
 7423 2870              ; 90             a -= b;
 7424 2870 90           	sub b
 7425 2871              ; 91             DiskViewDirProgressLen = a;
 7426 2871 32 32 2D     	ld (diskviewdirprogresslen), a
 7427 2874 C3 7C 28     	jp __l_524
 7428 2877              __l_523:
 7429 2877              ; 92         } else {
 7430 2877              ; 93             a = 1;
 7431 2877 3E 01        	ld a, 1
 7432 2879              ; 94             DiskViewDirProgressLen = a;
 7433 2879 32 32 2D     	ld (diskviewdirprogresslen), a
 7434 287C              __l_524:
 7435 287C C1           	pop bc
 7436 287D C9           	ret
 7437 287E              ; 95         }
 7438 287E              ; 96     }
 7439 287E              ; 97 }
 7440 287E              ; 98
 7441 287E              ; 99 void DiskViewDirProgressCharByIndexA() {
 7442 287E              diskviewdirprogresscharbyindexa:
 7443 287E              ; 100     push_pop(bc, de) {
 7444 287E C5           	push bc
 7445 287F D5           	push de
 7446 2880              ; 101         b = a;
 7447 2880 47           	ld b, a
 7448 2881              ; 102         //--
 7449 2881              ; 103         a = DiskViewDirProgressLen;
 7450 2881 3A 32 2D     	ld a, (diskviewdirprogresslen)
 7451 2884              ; 104         d = a;
 7452 2884 57           	ld d, a
 7453 2885              ; 105         //--
 7454 2885              ; 106         a = DiskViewDirStartIndex;
 7455 2885 3A 2F 2D     	ld a, (diskviewdirstartindex)
 7456 2888              ; 107         c = a;
 7457 2888 4F           	ld c, a
 7458 2889              ; 108         a = b;
 7459 2889 78           	ld a, b
 7460 288A              ; 109         a -= c;
 7461 288A 91           	sub c
 7462 288B              ; 110         c = a;
 7463 288B 4F           	ld c, a
 7464 288C              ; 111         if (a == 0) {
 7465 288C B7           	or a
 7466 288D C2 95 28     	jp nz, __l_525
 7467 2890              ; 112             a = 0xB1;
 7468 2890 3E B1        	ld a, 177
 7469 2892 C3 B9 28     	jp __l_526
 7470 2895              __l_525:
 7471 2895              ; 113         } else if ((a = c) < d ) {
 7472 2895 79           	ld a, c
 7473 2896 BA           	cp d
 7474 2897 D2 9F 28     	jp nc, __l_527
 7475 289A              ; 114             a = 0xB1;
 7476 289A 3E B1        	ld a, 177
 7477 289C C3 B9 28     	jp __l_528
 7478 289F              __l_527:
 7479 289F              ; 115         } else if ((a = DiskViewDirStartIndex) >= DiskViewDirProgressCount ) {
 7480 289F 3A 2F 2D     	ld a, (diskviewdirstartindex)
 7481 28A2 FE 13        	cp 19
 7482 28A4 DA B7 28     	jp c, __l_529
 7483 28A7              ; 116             //printMyCharA(a = 'F');
 7484 28A7              ; 117             if ((a = b) == DiskViewDirProgressCount-1) {
 7485 28A7 78           	ld a, b
 7486 28A8 FE 12        	cp 18
 7487 28AA C2 B2 28     	jp nz, __l_531
 7488 28AD              ; 118                 a = 0xB1;
 7489 28AD 3E B1        	ld a, 177
 7490 28AF C3 B4 28     	jp __l_532
 7491 28B2              __l_531:
 7492 28B2              ; 119             } else {
 7493 28B2              ; 120                 a = 0xB0;
 7494 28B2 3E B0        	ld a, 176
 7495 28B4              __l_532:
 7496 28B4 C3 B9 28     	jp __l_530
 7497 28B7              __l_529:
 7498 28B7              ; 121             }
 7499 28B7              ; 122         } else {
 7500 28B7              ; 123             a = 0xB0;
 7501 28B7 3E B0        	ld a, 176
 7502 28B9              __l_530:
 7503 28B9              __l_528:
 7504 28B9              __l_526:
 7505 28B9 D1           	pop de
 7506 28BA C1           	pop bc
 7507 28BB C9           	ret
 7508 28BC              ; 124         }
 7509 28BC              ; 125     }
 7510 28BC              ; 126 }
 7511 28BC              ; 127
 7512 28BC              ; 128 void DiskViewDirProgress() {
 7513 28BC              diskviewdirprogress:
 7514 28BC              ; 129     push_pop(bc, de) {
 7515 28BC C5           	push bc
 7516 28BD D5           	push de
 7517 28BE              ; 130         //-- d = x
 7518 28BE              ; 131         a = DiskViewX;
 7519 28BE 3A 24 2D     	ld a, (diskviewx)
 7520 28C1              ; 132         d = a;
 7521 28C1 57           	ld d, a
 7522 28C2              ; 133         a = DiskViewDX;
 7523 28C2 3A 26 2D     	ld a, (diskviewdx)
 7524 28C5              ; 134         a += d;
 7525 28C5 82           	add d
 7526 28C6              ; 135         a--;
 7527 28C6 3D           	dec a
 7528 28C7              ; 136         d = a;
 7529 28C7 57           	ld d, a
 7530 28C8              ; 137         //-- e = start y
 7531 28C8              ; 138         a = DiskViewY;
 7532 28C8 3A 25 2D     	ld a, (diskviewy)
 7533 28CB              ; 139         a += 2; //4;
 7534 28CB C6 02        	add 2
 7535 28CD              ; 140         e = a;
 7536 28CD 5F           	ld e, a
 7537 28CE              ; 141         //--
 7538 28CE              ; 142         a = DiskViewDirCount;
 7539 28CE 3A 2B 2D     	ld a, (diskviewdircount)
 7540 28D1              ; 143         c = a;
 7541 28D1 4F           	ld c, a
 7542 28D2              ; 144         if ((a = DiskViewDirPageCoint) < c) {
 7543 28D2 3A 31 2D     	ld a, (diskviewdirpagecoint)
 7544 28D5 B9           	cp c
 7545 28D6 D2 13 29     	jp nc, __l_533
 7546 28D9              ; 145             DiskViewDirProgressLineCalk();
 7547 28D9 CD 5F 28     	call diskviewdirprogresslinecalk
 7548 28DC              ; 146             //-- TOP
 7549 28DC              ; 147             a = d;
 7550 28DC 7A           	ld a, d
 7551 28DD              ; 148             myCharPosX = a;
 7552 28DD 32 E3 1D     	ld (mycharposx), a
 7553 28E0              ; 149             a = e;
 7554 28E0 7B           	ld a, e
 7555 28E1              ; 150             myCharPosY = a;
 7556 28E1 32 E4 1D     	ld (mycharposy), a
 7557 28E4              ; 151             e++;
 7558 28E4 1C           	inc e
 7559 28E5              ; 152             printMyCharA(a = 0x1E);
 7560 28E5 3E 1E        	ld a, 30
 7561 28E7 CD 4E 1C     	call printmychara
 7562 28EA              ; 153             //--
 7563 28EA              ; 154             b = 0;
 7564 28EA 06 00        	ld b, 0
 7565 28EC              ; 155             do {
 7566 28EC              __l_535:
 7567 28EC              ; 156                 //-- Set pos
 7568 28EC              ; 157                 a = d;
 7569 28EC 7A           	ld a, d
 7570 28ED              ; 158                 myCharPosX = a;
 7571 28ED 32 E3 1D     	ld (mycharposx), a
 7572 28F0              ; 159                 a = e;
 7573 28F0 7B           	ld a, e
 7574 28F1              ; 160                 myCharPosY = a;
 7575 28F1 32 E4 1D     	ld (mycharposy), a
 7576 28F4              ; 161                 //--
 7577 28F4              ; 162                 DiskViewDirProgressCharByIndexA(a = b);
 7578 28F4 78           	ld a, b
 7579 28F5 CD 7E 28     	call diskviewdirprogresscharbyindexa
 7580 28F8              ; 163                 printMyCharA();
 7581 28F8 CD 4E 1C     	call printmychara
 7582 28FB              ; 164                 //-- Inc pos
 7583 28FB              ; 165                 e++;
 7584 28FB 1C           	inc e
 7585 28FC              ; 166                 //--
 7586 28FC              ; 167                 b++;
 7587 28FC 04           	inc b
 7588 28FD              __l_536:
 7589 28FD              ; 168             } while ((a = b) < DiskViewDirProgressCount);
 7590 28FD 78           	ld a, b
 7591 28FE FE 13        	cp 19
 7592 2900 DA EC 28     	jp c, __l_535
 7593 2903              ; 169             //-- BOTTOM
 7594 2903              ; 170             a = d;
 7595 2903 7A           	ld a, d
 7596 2904              ; 171             myCharPosX = a;
 7597 2904 32 E3 1D     	ld (mycharposx), a
 7598 2907              ; 172             a = e;
 7599 2907 7B           	ld a, e
 7600 2908              ; 173             myCharPosY = a;
 7601 2908 32 E4 1D     	ld (mycharposy), a
 7602 290B              ; 174             printMyCharA(a = 0x1F);
 7603 290B 3E 1F        	ld a, 31
 7604 290D CD 4E 1C     	call printmychara
 7605 2910 C3 2B 29     	jp __l_534
 7606 2913              __l_533:
 7607 2913              ; 175         } else {
 7608 2913              ; 176             b = DiskViewDirProgressCount;
 7609 2913 06 13        	ld b, 19
 7610 2915              ; 177             b++; // Добавлены 2 символа вверх и вниз
 7611 2915 04           	inc b
 7612 2916              ; 178             b++;
 7613 2916 04           	inc b
 7614 2917              ; 179             do {
 7615 2917              __l_538:
 7616 2917              ; 180                 //-- Set pos
 7617 2917              ; 181                 a = d;
 7618 2917 7A           	ld a, d
 7619 2918              ; 182                 myCharPosX = a;
 7620 2918 32 E3 1D     	ld (mycharposx), a
 7621 291B              ; 183                 a = e;
 7622 291B 7B           	ld a, e
 7623 291C              ; 184                 myCharPosY = a;
 7624 291C 32 E4 1D     	ld (mycharposy), a
 7625 291F              ; 185                 //--
 7626 291F              ; 186                 printMyCharA(a = 0xBA);
 7627 291F 3E BA        	ld a, 186
 7628 2921 CD 4E 1C     	call printmychara
 7629 2924              ; 187                 //-- Inc pos
 7630 2924              ; 188                 e++;
 7631 2924 1C           	inc e
 7632 2925              ; 189                 //--
 7633 2925              ; 190                 b--;
 7634 2925 05           	dec b
 7635 2926              __l_539:
 7636 2926              ; 191             } while ((a = b) > 0);
 7637 2926 78           	ld a, b
 7638 2927 B7           	or a
 7639 2928 C2 17 29     	jp nz, __l_538
 7640 292B              __l_534:
 7641 292B D1           	pop de
 7642 292C C1           	pop bc
 7643 292D C9           	ret
 7644 292E              ; 192         }
 7645 292E              ; 193     }
 7646 292E              ; 194 }
 7647 292E              ; 195
 7648 292E              ; 196 void DiskViewDirEndIndexCalcFix() {
 7649 292E              diskviewdirendindexcalcfix:
 7650 292E              ; 197     DiskViewDirEndIndexCalc();
 7651 292E CD 48 28     	call diskviewdirendindexcalc
 7652 2931              ; 198     push_pop(bc) {
 7653 2931 C5           	push bc
 7654 2932              ; 199         a = DiskViewDirPageCoint;
 7655 2932 3A 31 2D     	ld a, (diskviewdirpagecoint)
 7656 2935              ; 200         c = a;
 7657 2935 4F           	ld c, a
 7658 2936              ; 201         a = DiskViewDirCount;
 7659 2936 3A 2B 2D     	ld a, (diskviewdircount)
 7660 2939              ; 202         b = a;
 7661 2939 47           	ld b, a
 7662 293A              ; 203         if ((a = DiskViewDirStartIndex) > 0) {
 7663 293A 3A 2F 2D     	ld a, (diskviewdirstartindex)
 7664 293D B7           	or a
 7665 293E CA 69 29     	jp z, __l_541
 7666 2941              ; 204             if ((a = DiskViewDirEndIndex) < c) {
 7667 2941 3A 30 2D     	ld a, (diskviewdirendindex)
 7668 2944 B9           	cp c
 7669 2945 D2 69 29     	jp nc, __l_543
 7670 2948              ; 205                 if ((a = c) >= b) { // Если кол-во файлов равно странице
 7671 2948 79           	ld a, c
 7672 2949 B8           	cp b
 7673 294A DA 5B 29     	jp c, __l_545
 7674 294D              ; 206                     a = 0;
 7675 294D 3E 00        	ld a, 0
 7676 294F              ; 207                     DiskViewDirStartIndex = a;
 7677 294F 32 2F 2D     	ld (diskviewdirstartindex), a
 7678 2952              ; 208                     a = DiskViewDirCount;
 7679 2952 3A 2B 2D     	ld a, (diskviewdircount)
 7680 2955              ; 209                     DiskViewDirEndIndex = a;
 7681 2955 32 30 2D     	ld (diskviewdirendindex), a
 7682 2958 C3 69 29     	jp __l_546
 7683 295B              __l_545:
 7684 295B              ; 210                 } else {
 7685 295B              ; 211                     a = DiskViewDirPageCoint;
 7686 295B 3A 31 2D     	ld a, (diskviewdirpagecoint)
 7687 295E              ; 212                     DiskViewDirEndIndex = a;
 7688 295E 32 30 2D     	ld (diskviewdirendindex), a
 7689 2961              ; 213                     b = a;
 7690 2961 47           	ld b, a
 7691 2962              ; 214                     a = DiskViewDirCount;
 7692 2962 3A 2B 2D     	ld a, (diskviewdircount)
 7693 2965              ; 215                     a -= b;
 7694 2965 90           	sub b
 7695 2966              ; 216                     DiskViewDirStartIndex = a;
 7696 2966 32 2F 2D     	ld (diskviewdirstartindex), a
 7697 2969              __l_546:
 7698 2969              __l_543:
 7699 2969              __l_541:
 7700 2969 C1           	pop bc
 7701 296A C9           	ret
 7702 296B              ; 217                 }
 7703 296B              ; 218             }
 7704 296B              ; 219         }
 7705 296B              ; 220     }
 7706 296B              ; 221 }
 7707 296B              ; 222
 7708 296B              ; 223 void DiskViewShowDir() {
 7709 296B              diskviewshowdir:
 7710 296B              ; 224     DiskViewDirEndIndexCalcFix();
 7711 296B CD 2E 29     	call diskviewdirendindexcalcfix
 7712 296E              ; 225     DiskViewDirProgress();
 7713 296E CD BC 28     	call diskviewdirprogress
 7714 2971              ; 226     push_pop(hl, bc, de) {
 7715 2971 E5           	push hl
 7716 2972 C5           	push bc
 7717 2973 D5           	push de
 7718 2974              ; 227         //-----
 7719 2974              ; 228         a = DiskViewX;
 7720 2974 3A 24 2D     	ld a, (diskviewx)
 7721 2977              ; 229         a += 2;
 7722 2977 C6 02        	add 2
 7723 2979              ; 230         d = a; // X
 7724 2979 57           	ld d, a
 7725 297A              ; 231         a = DiskViewY;
 7726 297A 3A 25 2D     	ld a, (diskviewy)
 7727 297D              ; 232         a += 3;
 7728 297D C6 03        	add 3
 7729 297F              ; 233         e = a; // Y
 7730 297F 5F           	ld e, a
 7731 2980              ; 234         //-----
 7732 2980              ; 235         a = d;
 7733 2980 7A           	ld a, d
 7734 2981              ; 236         myCharPosX = a;
 7735 2981 32 E3 1D     	ld (mycharposx), a
 7736 2984              ; 237         a = e;
 7737 2984 7B           	ld a, e
 7738 2985              ; 238         a--;
 7739 2985 3D           	dec a
 7740 2986              ; 239         myCharPosY = a;
 7741 2986 32 E4 1D     	ld (mycharposy), a
 7742 2989              ; 240         printMyHLStr(hl = DiskViewDirRootTitle);
 7743 2989 21 35 2D     	ld hl, diskviewdirroottitle
 7744 298C CD ED 1B     	call printmyhlstr
 7745 298F              ; 241         //-----
 7746 298F              ; 242         if ((a = DiskViewDirCount) >= 1) {
 7747 298F 3A 2B 2D     	ld a, (diskviewdircount)
 7748 2992 B7           	or a
 7749 2993 CA DF 29     	jp z, __l_547
 7750 2996              ; 243             //hl = DiskViewDirBufer;
 7751 2996              ; 244             DiskViewDirBuferStartIndexToHL();
 7752 2996 CD 32 28     	call diskviewdirbuferstartindextohl
 7753 2999              ; 245             b = 0;
 7754 2999 06 00        	ld b, 0
 7755 299B              ; 246             do {
 7756 299B              __l_549:
 7757 299B              ; 247                 a = d;
 7758 299B 7A           	ld a, d
 7759 299C              ; 248                 myCharPosX = a;
 7760 299C 32 E3 1D     	ld (mycharposx), a
 7761 299F              ; 249                 a = e;
 7762 299F 7B           	ld a, e
 7763 29A0              ; 250                 a += b;
 7764 29A0 80           	add b
 7765 29A1              ; 251                 myCharPosY = a;
 7766 29A1 32 E4 1D     	ld (mycharposy), a
 7767 29A4              ; 252                 c = 8;
 7768 29A4 0E 08        	ld c, 8
 7769 29A6              ; 253                 do {
 7770 29A6              __l_552:
 7771 29A6              ; 254                     printMyCharA(a = *hl);
 7772 29A6 7E           	ld a, (hl)
 7773 29A7 CD 4E 1C     	call printmychara
 7774 29AA              ; 255                     hl++;
 7775 29AA 23           	inc hl
 7776 29AB              ; 256                     c--;
 7777 29AB 0D           	dec c
 7778 29AC              __l_553:
 7779 29AC              ; 257                 } while ((a = c) > 0);
 7780 29AC 79           	ld a, c
 7781 29AD B7           	or a
 7782 29AE C2 A6 29     	jp nz, __l_552
 7783 29B1              ; 258                 hl++;
 7784 29B1 23           	inc hl
 7785 29B2              ; 259                 hl++;
 7786 29B2 23           	inc hl
 7787 29B3              ; 260                 push_pop(de) {
 7788 29B3 D5           	push de
 7789 29B4              ; 261                     a = *hl;
 7790 29B4 7E           	ld a, (hl)
 7791 29B5              ; 262                     e = a;
 7792 29B5 5F           	ld e, a
 7793 29B6              ; 263                     hl++;
 7794 29B6 23           	inc hl
 7795 29B7              ; 264                     a = *hl;
 7796 29B7 7E           	ld a, (hl)
 7797 29B8              ; 265                     d = a;
 7798 29B8 57           	ld d, a
 7799 29B9              ; 266                     printMyCharA(a = ' ');
 7800 29B9 3E 20        	ld a, 32
 7801 29BB CD 4E 1C     	call printmychara
 7802 29BE              ; 267                     printMyCharA(a = ' ');
 7803 29BE 3E 20        	ld a, 32
 7804 29C0 CD 4E 1C     	call printmychara
 7805 29C3              ; 268                     printMyCharA(a = ' ');
 7806 29C3 3E 20        	ld a, 32
 7807 29C5 CD 4E 1C     	call printmychara
 7808 29C8              ; 269                     printMyCharA(a = ' ');
 7809 29C8 3E 20        	ld a, 32
 7810 29CA CD 4E 1C     	call printmychara
 7811 29CD              ; 270                     FtpViewShow4CharSizeDE();
 7812 29CD CD 74 34     	call ftpviewshow4charsizede
 7813 29D0              ; 271                     hl++;
 7814 29D0 23           	inc hl
 7815 29D1 D1           	pop de
 7816 29D2              ; 272                 }
 7817 29D2              ; 273                 hl++;
 7818 29D2 23           	inc hl
 7819 29D3              ; 274                 hl++;
 7820 29D3 23           	inc hl
 7821 29D4              ; 275                 hl++;
 7822 29D4 23           	inc hl
 7823 29D5              ; 276                 hl++;
 7824 29D5 23           	inc hl
 7825 29D6              ; 277                 b++;
 7826 29D6 04           	inc b
 7827 29D7              ; 278                 a = DiskViewDirEndIndex;
 7828 29D7 3A 30 2D     	ld a, (diskviewdirendindex)
 7829 29DA              ; 279                 a--;
 7830 29DA 3D           	dec a
 7831 29DB              __l_550:
 7832 29DB              ; 280             } while (a >= b);
 7833 29DB B8           	cp b
 7834 29DC D2 9B 29     	jp nc, __l_549
 7835 29DF              __l_547:
 7836 29DF              ; 281         }
 7837 29DF              ; 282         // show empty rows
 7838 29DF              ; 283         a = DiskViewDirEndIndex;
 7839 29DF 3A 30 2D     	ld a, (diskviewdirendindex)
 7840 29E2              ; 284         b = a;
 7841 29E2 47           	ld b, a
 7842 29E3              ; 285         // PosY
 7843 29E3              ; 286         a = e;
 7844 29E3 7B           	ld a, e
 7845 29E4              ; 287         a += b;
 7846 29E4 80           	add b
 7847 29E5              ; 288         e = a;
 7848 29E5 5F           	ld e, a
 7849 29E6              ; 289         // DY - 4 позиции и - b (кол-во отображаемых файлов)
 7850 29E6              ; 290         a = DiskViewDY;
 7851 29E6 3A 27 2D     	ld a, (diskviewdy)
 7852 29E9              ; 291         a -= 4;
 7853 29E9 D6 04        	sub 4
 7854 29EB              ; 292         a -= b;
 7855 29EB 90           	sub b
 7856 29EC              ; 293         b = a;
 7857 29EC 47           	ld b, a
 7858 29ED              ; 294         c = 0;
 7859 29ED 0E 00        	ld c, 0
 7860 29EF              ; 295         do {
 7861 29EF              __l_555:
 7862 29EF              ; 296             a = d;
 7863 29EF 7A           	ld a, d
 7864 29F0              ; 297             myCharPosX = a;
 7865 29F0 32 E3 1D     	ld (mycharposx), a
 7866 29F3              ; 298             a = e;
 7867 29F3 7B           	ld a, e
 7868 29F4              ; 299             a += c;
 7869 29F4 81           	add c
 7870 29F5              ; 300             myCharPosY = a;
 7871 29F5 32 E4 1D     	ld (mycharposy), a
 7872 29F8              ; 301             //
 7873 29F8              ; 302             a = DiskViewDX;
 7874 29F8 3A 26 2D     	ld a, (diskviewdx)
 7875 29FB              ; 303             a -= 3;
 7876 29FB D6 03        	sub 3
 7877 29FD              ; 304             h = a;
 7878 29FD 67           	ld h, a
 7879 29FE              ; 305             do {
 7880 29FE              __l_558:
 7881 29FE              ; 306                 printMyCharA(a = ' ');
 7882 29FE 3E 20        	ld a, 32
 7883 2A00 CD 4E 1C     	call printmychara
 7884 2A03              ; 307                 h--;
 7885 2A03 25           	dec h
 7886 2A04              __l_559:
 7887 2A04              ; 308             } while ((a = h) > 0);
 7888 2A04 7C           	ld a, h
 7889 2A05 B7           	or a
 7890 2A06 C2 FE 29     	jp nz, __l_558
 7891 2A09              ; 309             b--;
 7892 2A09 05           	dec b
 7893 2A0A              ; 310             c++;
 7894 2A0A 0C           	inc c
 7895 2A0B              __l_556:
 7896 2A0B              ; 311         } while ((a = b) > 0);
 7897 2A0B 78           	ld a, b
 7898 2A0C B7           	or a
 7899 2A0D C2 EF 29     	jp nz, __l_555
 7900 2A10 D1           	pop de
 7901 2A11 C1           	pop bc
 7902 2A12 E1           	pop hl
 7903 2A13 C9           	ret
 7904 2A14              ; 312     }
 7905 2A14              ; 313 }
 7906 2A14              ; 314
 7907 2A14              ; 315 void DiskViewCurrentFilePointToHL() {
 7908 2A14              diskviewcurrentfilepointtohl:
 7909 2A14              ; 316     push_pop(bc) {
 7910 2A14 C5           	push bc
 7911 2A15              ; 317         h = 0;
 7912 2A15 26 00        	ld h, 0
 7913 2A17              ; 318         a = DiskViewDirStartIndex;
 7914 2A17 3A 2F 2D     	ld a, (diskviewdirstartindex)
 7915 2A1A              ; 319         c = a;
 7916 2A1A 4F           	ld c, a
 7917 2A1B              ; 320         a = DiskViewFileCurrentPos;
 7918 2A1B 3A 2E 2D     	ld a, (diskviewfilecurrentpos)
 7919 2A1E              ; 321         a += c; // Прибавить скрол
 7920 2A1E 81           	add c
 7921 2A1F              ; 322         a -= 1; // Удалить корневой переход на другой диск
 7922 2A1F D6 01        	sub 1
 7923 2A21              ; 323         l = a;
 7924 2A21 6F           	ld l, a
 7925 2A22              ; 324         hl <<= 4;
 7926 2A22 29           	add hl, hl
 7927 2A23 29           	add hl, hl
 7928 2A24 29           	add hl, hl
 7929 2A25 29           	add hl, hl
 7930 2A26              ; 325         b = h;
 7931 2A26 44           	ld b, h
 7932 2A27              ; 326         c = l;
 7933 2A27 4D           	ld c, l
 7934 2A28              ; 327         hl = DiskViewDirBufer;
 7935 2A28 2A 2C 2D     	ld hl, (diskviewdirbufer)
 7936 2A2B              ; 328
 7937 2A2B              ; 329         hl += bc;
 7938 2A2B 09           	add hl, bc
 7939 2A2C C1           	pop bc
 7940 2A2D C9           	ret
 7941 2A2E              ; 330     }
 7942 2A2E              ; 331 }
 7943 2A2E              ; 332
 7944 2A2E              ; 333 void DiskViewCurrentFileNameHL() {
 7945 2A2E              diskviewcurrentfilenamehl:
 7946 2A2E              ; 334     push_pop(bc) {
 7947 2A2E C5           	push bc
 7948 2A2F              ; 335         DiskViewCurrentFilePointToHL();
 7949 2A2F CD 14 2A     	call diskviewcurrentfilepointtohl
 7950 2A32              ; 336         push_pop(hl) { // Проставляем 0 в конце строки
 7951 2A32 E5           	push hl
 7952 2A33              ; 337             bc = 7;
 7953 2A33 01 07 00     	ld bc, 7
 7954 2A36              ; 338             hl += bc;
 7955 2A36 09           	add hl, bc
 7956 2A37              ; 339             b = 7;
 7957 2A37 06 07        	ld b, 7
 7958 2A39              ; 340             do {
 7959 2A39              __l_561:
 7960 2A39              ; 341                 a = *hl;
 7961 2A39 7E           	ld a, (hl)
 7962 2A3A              ; 342                 if (a == 0x20) {
 7963 2A3A FE 20        	cp 32
 7964 2A3C C2 45 2A     	jp nz, __l_564
 7965 2A3F              ; 343                     a = 0;
 7966 2A3F 3E 00        	ld a, 0
 7967 2A41              ; 344                     *hl = a;
 7968 2A41 77           	ld (hl), a
 7969 2A42 C3 47 2A     	jp __l_565
 7970 2A45              __l_564:
 7971 2A45              ; 345                 } else {
 7972 2A45              ; 346                     b = 1;
 7973 2A45 06 01        	ld b, 1
 7974 2A47              __l_565:
 7975 2A47              ; 347                 }
 7976 2A47              ; 348                 hl--;
 7977 2A47 2B           	dec hl
 7978 2A48              ; 349                 b--;
 7979 2A48 05           	dec b
 7980 2A49              __l_562:
 7981 2A49              ; 350             } while ((a = b) > 0);
 7982 2A49 78           	ld a, b
 7983 2A4A B7           	or a
 7984 2A4B C2 39 2A     	jp nz, __l_561
 7985 2A4E E1           	pop hl
 7986 2A4F C1           	pop bc
 7987 2A50 C9           	ret
 7988 2A51              ; 351         }
 7989 2A51              ; 352     }
 7990 2A51              ; 353 }
 7991 2A51              ; 354
 7992 2A51              ; 355 void DiskViewDeleteSelectedFile() {
 7993 2A51              diskviewdeleteselectedfile:
 7994 2A51              ; 356     push_pop(hl, bc) {
 7995 2A51 E5           	push hl
 7996 2A52 C5           	push bc
 7997 2A53              ; 357         a = DiskViewDiskNum;
 7998 2A53 3A 2A 2D     	ld a, (diskviewdisknum)
 7999 2A56              ; 358         ordos_wnd();
 8000 2A56 CD D6 BF     	call ordos_wnd
 8001 2A59              ; 359         DiskViewCurrentFileNameHL();
 8002 2A59 CD 2E 2A     	call diskviewcurrentfilenamehl
 8003 2A5C              ; 360         ordos_sdma();
 8004 2A5C CD D0 BF     	call ordos_sdma
 8005 2A5F              ; 361         ordos_eras();
 8006 2A5F CD EE BF     	call ordos_eras
 8007 2A62              ; 362         //а = 1 - нет файла
 8008 2A62              ; 363         //а = 4 - файл 'r/o'
 8009 2A62              ; 364         b = a;
 8010 2A62 47           	ld b, a
 8011 2A63              ; 365         if ((a = b) == 0) {
 8012 2A63 78           	ld a, b
 8013 2A64 B7           	or a
 8014 2A65 C2 7D 2A     	jp nz, __l_566
 8015 2A68              ; 366             DiskViewShowSelectLineA(a = 0);
 8016 2A68 3E 00        	ld a, 0
 8017 2A6A CD EE 2C     	call diskviewshowselectlinea
 8018 2A6D              ; 367             a = 0;
 8019 2A6D 3E 00        	ld a, 0
 8020 2A6F              ; 368             DiskViewFileCurrentPos = a;
 8021 2A6F 32 2E 2D     	ld (diskviewfilecurrentpos), a
 8022 2A72              ; 369             DiskViewUpdateDateAndUI();
 8023 2A72 CD 55 2C     	call diskviewupdatedateandui
 8024 2A75              ; 370             DiskViewShowSelectLineA(a = 1);
 8025 2A75 3E 01        	ld a, 1
 8026 2A77 CD EE 2C     	call diskviewshowselectlinea
 8027 2A7A C3 AA 2A     	jp __l_567
 8028 2A7D              __l_566:
 8029 2A7D              ; 371         } else if ((a = b) == 1) { // нет файла
 8030 2A7D 78           	ld a, b
 8031 2A7E FE 01        	cp 1
 8032 2A80 C2 8C 2A     	jp nz, __l_568
 8033 2A83              ; 372             AllertOkViewShowHL(hl = StringLocaleFileNotFound);
 8034 2A83 21 A7 1F     	ld hl, stringlocalefilenotfound
 8035 2A86 CD 06 40     	call allertokviewshowhl
 8036 2A89 C3 AA 2A     	jp __l_569
 8037 2A8C              __l_568:
 8038 2A8C              ; 373         } else if ((a = b) == 4) { // файл 'r/o'
 8039 2A8C 78           	ld a, b
 8040 2A8D FE 04        	cp 4
 8041 2A8F C2 9B 2A     	jp nz, __l_570
 8042 2A92              ; 374             AllertOkViewShowHL(hl = StringLocaleFileReadOnly);
 8043 2A92 21 B6 1F     	ld hl, stringlocalefilereadonly
 8044 2A95 CD 06 40     	call allertokviewshowhl
 8045 2A98 C3 AA 2A     	jp __l_571
 8046 2A9B              __l_570:
 8047 2A9B              ; 375         } else if ((a = b) == 0x41) { // Диск A
 8048 2A9B 78           	ld a, b
 8049 2A9C FE 41        	cp 65
 8050 2A9E C2 AA 2A     	jp nz, __l_572
 8051 2AA1              ; 376             AllertOkViewShowHL(hl = StringLocaleFileReadOnly);
 8052 2AA1 21 B6 1F     	ld hl, stringlocalefilereadonly
 8053 2AA4 CD 06 40     	call allertokviewshowhl
 8054 2AA7 C3 AA 2A     	jp __l_573
 8055 2AAA              __l_572:
 8056 2AAA              ; 377         } else {
 8057 2AAA              __l_573:
 8058 2AAA              __l_571:
 8059 2AAA              __l_569:
 8060 2AAA              __l_567:
 8061 2AAA C1           	pop bc
 8062 2AAB E1           	pop hl
 8063 2AAC C9           	ret
 8064 2AAD              ; 378             //printMyHexA(a = b);
 8065 2AAD              ; 379         }
 8066 2AAD              ; 380     }
 8067 2AAD              ; 381 }
 8068 2AAD              ; 382
 8069 2AAD              ; 383 void DiskViewUploadSelectedFile() {
 8070 2AAD              diskviewuploadselectedfile:
 8071 2AAD              ; 384     push_pop(hl, bc) {
 8072 2AAD E5           	push hl
 8073 2AAE C5           	push bc
 8074 2AAF              ; 385         StringLocaleCreateUploadTitleA();
 8075 2AAF CD F9 21     	call stringlocalecreateuploadtitlea
 8076 2AB2              ; 386         // Open progress view
 8077 2AB2              ; 387         LoadViewShowHL(hl = LoadViewUploadTitle);
 8078 2AB2 21 AD 39     	ld hl, loadviewuploadtitle
 8079 2AB5 CD C3 38     	call loadviewshowhl
 8080 2AB8              ; 388         LoadViewShowProgressA(a = 0);
 8081 2AB8 3E 00        	ld a, 0
 8082 2ABA CD 65 39     	call loadviewshowprogressa
 8083 2ABD              ; 389         //-- create point File
 8084 2ABD              ; 390         DiskViewCurrentFileNameHL();
 8085 2ABD CD 2E 2A     	call diskviewcurrentfilenamehl
 8086 2AC0              ; 391         // NET
 8087 2AC0              ; 392         NetFtpUploadFileInitHL();
 8088 2AC0 CD C1 14     	call netftpuploadfileinithl
 8089 2AC3              ; 393         // Close progress
 8090 2AC3              ; 394         LoadViewClose();
 8091 2AC3 CD F8 38     	call loadviewclose
 8092 2AC6 C1           	pop bc
 8093 2AC7 E1           	pop hl
 8094 2AC8 C9           	ret
 8095 2AC9              ; 395     }
 8096 2AC9              ; 396 }
 8097 2AC9              ; 397
 8098 2AC9              ; 398 void DiskViewKeyA() {
 8099 2AC9              diskviewkeya:
 8100 2AC9              ; 399     push_pop(hl) {
 8101 2AC9 E5           	push hl
 8102 2ACA              ; 400         l = a;
 8103 2ACA 6F           	ld l, a
 8104 2ACB              ; 401         if ((a = CurrentViewId) == DiskViewId) {
 8105 2ACB 3A 8F 1F     	ld a, (currentviewid)
 8106 2ACE FE 01        	cp 1
 8107 2AD0 C2 6D 2B     	jp nz, __l_574
 8108 2AD3              ; 402             if ((a = l) == 0x09) { //0x09 TAB
 8109 2AD3 7D           	ld a, l
 8110 2AD4 FE 09        	cp 9
 8111 2AD6 C2 E1 2A     	jp nz, __l_576
 8112 2AD9              ; 403                 CurrentViewChangeIdA(a = FtpViewId);
 8113 2AD9 3E 02        	ld a, 2
 8114 2ADB CD 63 1E     	call currentviewchangeida
 8115 2ADE C3 6D 2B     	jp __l_577
 8116 2AE1              __l_576:
 8117 2AE1              ; 404             } else if ((a = l) == 0x08) { // 0x08 Влево
 8118 2AE1 7D           	ld a, l
 8119 2AE2 FE 08        	cp 8
 8120 2AE4 C2 EF 2A     	jp nz, __l_578
 8121 2AE7              ; 405                 CurrentViewChangeIdA(a = FtpViewId);
 8122 2AE7 3E 02        	ld a, 2
 8123 2AE9 CD 63 1E     	call currentviewchangeida
 8124 2AEC C3 6D 2B     	jp __l_579
 8125 2AEF              __l_578:
 8126 2AEF              ; 406             } else {
 8127 2AEF              ; 407                 if ((a = l) == 0x1A) { //down
 8128 2AEF 7D           	ld a, l
 8129 2AF0 FE 1A        	cp 26
 8130 2AF2 C2 FD 2A     	jp nz, __l_580
 8131 2AF5              ; 408                     DiskViewFileCurrentPosUpdateA(a = 0x01);
 8132 2AF5 3E 01        	ld a, 1
 8133 2AF7 CD 7F 2C     	call diskviewfilecurrentposupdatea
 8134 2AFA C3 6D 2B     	jp __l_581
 8135 2AFD              __l_580:
 8136 2AFD              ; 409                 } else if ((a = l) == 0x19) { //up
 8137 2AFD 7D           	ld a, l
 8138 2AFE FE 19        	cp 25
 8139 2B00 C2 0B 2B     	jp nz, __l_582
 8140 2B03              ; 410                     DiskViewFileCurrentPosUpdateA(a = 0xFF);
 8141 2B03 3E FF        	ld a, 255
 8142 2B05 CD 7F 2C     	call diskviewfilecurrentposupdatea
 8143 2B08 C3 6D 2B     	jp __l_583
 8144 2B0B              __l_582:
 8145 2B0B              ; 411                 } else if ((a = l) == 0x0D) { //Enter
 8146 2B0B 7D           	ld a, l
 8147 2B0C FE 0D        	cp 13
 8148 2B0E C2 24 2B     	jp nz, __l_584
 8149 2B11              ; 412                     if ((a = DiskViewFileCurrentPos) == 0) { // Смена диска
 8150 2B11 3A 2E 2D     	ld a, (diskviewfilecurrentpos)
 8151 2B14 B7           	or a
 8152 2B15 C2 1E 2B     	jp nz, __l_586
 8153 2B18              ; 413                         DiskViewNextDiskNum();
 8154 2B18 CD 25 2C     	call diskviewnextdisknum
 8155 2B1B C3 21 2B     	jp __l_587
 8156 2B1E              __l_586:
 8157 2B1E              ; 414                     } else { // Запуск приложения
 8158 2B1E              ; 415                         DiskViewSelectFileExec();
 8159 2B1E CD 8E 2B     	call diskviewselectfileexec
 8160 2B21              __l_587:
 8161 2B21 C3 6D 2B     	jp __l_585
 8162 2B24              __l_584:
 8163 2B24              ; 416                     }
 8164 2B24              ; 417                 } else if ((a = l) == 'E') {
 8165 2B24 7D           	ld a, l
 8166 2B25 FE 45        	cp 69
 8167 2B27 C2 42 2B     	jp nz, __l_588
 8168 2B2A              ; 418                     if ((a = DiskViewFileCurrentPos) > 0) {
 8169 2B2A 3A 2E 2D     	ld a, (diskviewfilecurrentpos)
 8170 2B2D B7           	or a
 8171 2B2E CA 3F 2B     	jp z, __l_590
 8172 2B31              ; 419                         AllertYesNoViewShowHL(hl = StringLocaleEraseFile);
 8173 2B31 21 9C 1F     	ld hl, stringlocaleerasefile
 8174 2B34 CD 0C 3E     	call allertyesnoviewshowhl
 8175 2B37              ; 420                         if (a == 1) {
 8176 2B37 FE 01        	cp 1
 8177 2B39 C2 3F 2B     	jp nz, __l_592
 8178 2B3C              ; 421                             DiskViewDeleteSelectedFile();
 8179 2B3C CD 51 2A     	call diskviewdeleteselectedfile
 8180 2B3F              __l_592:
 8181 2B3F              __l_590:
 8182 2B3F C3 6D 2B     	jp __l_589
 8183 2B42              __l_588:
 8184 2B42              ; 422                         }
 8185 2B42              ; 423                     }
 8186 2B42              ; 424                 } else if ((a = l) == 'D') { //  Показать выбор диска
 8187 2B42 7D           	ld a, l
 8188 2B43 FE 44        	cp 68
 8189 2B45 C2 4E 2B     	jp nz, __l_594
 8190 2B48              ; 425                     SelectDiskViewShow();
 8191 2B48 CD 49 2D     	call selectdiskviewshow
 8192 2B4B C3 6D 2B     	jp __l_595
 8193 2B4E              __l_594:
 8194 2B4E              ; 426                 } else if ((a = l) == 'C') { // Загрузка файла на FTP
 8195 2B4E 7D           	ld a, l
 8196 2B4F FE 43        	cp 67
 8197 2B51 C2 64 2B     	jp nz, __l_596
 8198 2B54              ; 427                     if ((a = DiskViewFileCurrentPos) != 0) {
 8199 2B54 3A 2E 2D     	ld a, (diskviewfilecurrentpos)
 8200 2B57 B7           	or a
 8201 2B58 CA 61 2B     	jp z, __l_598
 8202 2B5B              ; 428                         DiskViewUploadSelectedFile();
 8203 2B5B CD AD 2A     	call diskviewuploadselectedfile
 8204 2B5E              ; 429                         FtpViewNetLoadAndUpdate(); // обновляем список файлов FTP
 8205 2B5E CD A0 36     	call ftpviewnetloadandupdate
 8206 2B61              __l_598:
 8207 2B61 C3 6D 2B     	jp __l_597
 8208 2B64              __l_596:
 8209 2B64              ; 430                     }
 8210 2B64              ; 431                 } else if ((a = l) == 'F') { //  Отформатировать диск
 8211 2B64 7D           	ld a, l
 8212 2B65 FE 46        	cp 70
 8213 2B67 C2 6D 2B     	jp nz, __l_600
 8214 2B6A              ; 432                     DiskViewFormat();
 8215 2B6A CD 6F 2B     	call diskviewformat
 8216 2B6D              __l_600:
 8217 2B6D              __l_597:
 8218 2B6D              __l_595:
 8219 2B6D              __l_589:
 8220 2B6D              __l_585:
 8221 2B6D              __l_583:
 8222 2B6D              __l_581:
 8223 2B6D              __l_579:
 8224 2B6D              __l_577:
 8225 2B6D              __l_574:
 8226 2B6D E1           	pop hl
 8227 2B6E C9           	ret
 8228 2B6F              ; 433                 }
 8229 2B6F              ; 434             }
 8230 2B6F              ; 435         }
 8231 2B6F              ; 436     }
 8232 2B6F              ; 437 }
 8233 2B6F              ; 438
 8234 2B6F              ; 439 void DiskViewFormat() {
 8235 2B6F              diskviewformat:
 8236 2B6F              ; 440     push_pop(hl) {
 8237 2B6F E5           	push hl
 8238 2B70              ; 441         AllertYesNoViewShowHL(hl = StringLocaleDiskFormat);
 8239 2B70 21 14 20     	ld hl, stringlocalediskformat
 8240 2B73 CD 0C 3E     	call allertyesnoviewshowhl
 8241 2B76              ; 442         if (a == 1) {
 8242 2B76 FE 01        	cp 1
 8243 2B78 C2 8C 2B     	jp nz, __l_602
 8244 2B7B              ; 443             a = DiskViewDiskNum;
 8245 2B7B 3A 2A 2D     	ld a, (diskviewdisknum)
 8246 2B7E              ; 444             ordos_wnd();
 8247 2B7E CD D6 BF     	call ordos_wnd
 8248 2B81              ; 445             hl = 0;
 8249 2B81 21 00 00     	ld hl, 0
 8250 2B84              ; 446             ordos_wdisk(a = 0xFF);
 8251 2B84 3E FF        	ld a, 255
 8252 2B86 CD DF BF     	call ordos_wdisk
 8253 2B89              ; 447             DiskViewReload();
 8254 2B89 CD 45 2C     	call diskviewreload
 8255 2B8C              __l_602:
 8256 2B8C E1           	pop hl
 8257 2B8D C9           	ret
 8258 2B8E              ; 448         }
 8259 2B8E              ; 449     }
 8260 2B8E              ; 450 }
 8261 2B8E              ; 451
 8262 2B8E              ; 452 void DiskViewSelectFileExec() {
 8263 2B8E              diskviewselectfileexec:
 8264 2B8E              ; 453     push_pop(hl,de,bc) {
 8265 2B8E E5           	push hl
 8266 2B8F D5           	push de
 8267 2B90 C5           	push bc
 8268 2B91              ; 454         //
 8269 2B91              ; 455         unpackCharCode();
 8270 2B91 CD 2D F8     	call unpackcharcode
 8271 2B94              ; 456         //-- ResidentProgram Copy
 8272 2B94              ; 457         push_pop(de,bc) {
 8273 2B94 D5           	push de
 8274 2B95 C5           	push bc
 8275 2B96              ; 458             de = DiskViewExecData;
 8276 2B96 11 41 2D     	ld de, diskviewexecdata
 8277 2B99              ; 459             hl = 0xA800; //0xF000;
 8278 2B99 21 00 A8     	ld hl, 43008
 8279 2B9C              ; 460             b = 8;
 8280 2B9C 06 08        	ld b, 8
 8281 2B9E              ; 461             do {
 8282 2B9E              __l_604:
 8283 2B9E              ; 462                 a = *de;
 8284 2B9E 1A           	ld a, (de)
 8285 2B9F              ; 463                 *hl = a;
 8286 2B9F 77           	ld (hl), a
 8287 2BA0              ; 464                 de++;
 8288 2BA0 13           	inc de
 8289 2BA1              ; 465                 hl++;
 8290 2BA1 23           	inc hl
 8291 2BA2              ; 466                 b--;
 8292 2BA2 05           	dec b
 8293 2BA3              __l_605:
 8294 2BA3              ; 467             } while ((a = b) > 0);
 8295 2BA3 78           	ld a, b
 8296 2BA4 B7           	or a
 8297 2BA5 C2 9E 2B     	jp nz, __l_604
 8298 2BA8 C1           	pop bc
 8299 2BA9 D1           	pop de
 8300 2BAA              ; 468         }
 8301 2BAA              ; 469         a = DiskViewDiskNum;
 8302 2BAA 3A 2A 2D     	ld a, (diskviewdisknum)
 8303 2BAD              ; 470         ordos_wnd();
 8304 2BAD CD D6 BF     	call ordos_wnd
 8305 2BB0              ; 471         DiskViewCurrentFileNameHL();
 8306 2BB0 CD 2E 2A     	call diskviewcurrentfilenamehl
 8307 2BB3              ; 472         DiskViewResidentProgram();
 8308 2BB3 CD 00 A8     	call diskviewresidentprogram
 8309 2BB6 C1           	pop bc
 8310 2BB7 D1           	pop de
 8311 2BB8 E1           	pop hl
 8312 2BB9 C9           	ret
 8313 2BBA              ; 473         //-- Go to height
 8314 2BBA              ; 474 //        ordos_sdma();
 8315 2BBA              ; 475 //        ordos_rfile();
 8316 2BBA              ; 476 //
 8317 2BBA              ; 477 //        return hl();
 8318 2BBA              ; 478     }
 8319 2BBA              ; 479 }
 8320 2BBA              ; 480
 8321 2BBA              ; 481 /// Проверка, хватит ли места на текущем диске для файла
 8322 2BBA              ; 482 /// вх[DE] - размер предпологаемого файла. Еще надо прибавить 16 - для заголовка
 8323 2BBA              ; 483 /// вых[A] - 0 - места нет, 1 - место есть
 8324 2BBA              ; 484 void DiskViewIsDiskSpaceDE() {
 8325 2BBA              diskviewisdiskspacede:
 8326 2BBA              ; 485     push_pop(hl, de) {
 8327 2BBA E5           	push hl
 8328 2BBB D5           	push de
 8329 2BBC              ; 486         //-- Add 16
 8330 2BBC              ; 487         hl = 16;
 8331 2BBC 21 10 00     	ld hl, 16
 8332 2BBF              ; 488         hl += de;
 8333 2BBF 19           	add hl, de
 8334 2BC0              ; 489         d = h;
 8335 2BC0 54           	ld d, h
 8336 2BC1              ; 490         e = l;
 8337 2BC1 5D           	ld e, l
 8338 2BC2              ; 491         //--
 8339 2BC2              ; 492         DiskViewDiskFreeSpaceHL();
 8340 2BC2 CD E1 2B     	call diskviewdiskfreespacehl
 8341 2BC5              ; 493         DiskViewHLSubDE();
 8342 2BC5 CD CB 2B     	call diskviewhlsubde
 8343 2BC8 D1           	pop de
 8344 2BC9 E1           	pop hl
 8345 2BCA C9           	ret
 8346 2BCB              ; 494     }
 8347 2BCB              ; 495 }
 8348 2BCB              ; 496
 8349 2BCB              ; 497 /// HL = HL + (-DE)
 8350 2BCB              ; 498 /// вх[DE,HL]
 8351 2BCB              ; 499 /// вых[HL, A] - HL - результат вычитания , A = 1 HL > DE
 8352 2BCB              ; 500 void DiskViewHLSubDE() {
 8353 2BCB              diskviewhlsubde:
 8354 2BCB              ; 501     push_pop(de) {
 8355 2BCB D5           	push de
 8356 2BCC              ; 502         a = d; // Инвертируем старший байт D
 8357 2BCC 7A           	ld a, d
 8358 2BCD              ; 503         invert(a);
 8359 2BCD 2F           	cpl
 8360 2BCE              ; 504         d = a;
 8361 2BCE 57           	ld d, a
 8362 2BCF              ; 505         a = e; // Инвертируем младший байт E
 8363 2BCF 7B           	ld a, e
 8364 2BD0              ; 506         invert(a);
 8365 2BD0 2F           	cpl
 8366 2BD1              ; 507         e = a;
 8367 2BD1 5F           	ld e, a
 8368 2BD2              ; 508         de++; // Получаем точный дополнительный код DE (-DE)
 8369 2BD2 13           	inc de
 8370 2BD3              ; 509         a ^= a;
 8371 2BD3 AF           	xor a
 8372 2BD4              ; 510         hl += de; // HL = HL + (-DE), что эквивалентно HL - DE
 8373 2BD4 19           	add hl, de
 8374 2BD5              ; 511         if (flag_c) { // Если HL > DE: перенос будет C = 1.
 8375 2BD5 D2 DD 2B     	jp nc, __l_607
 8376 2BD8              ; 512             a = 1;
 8377 2BD8 3E 01        	ld a, 1
 8378 2BDA C3 DF 2B     	jp __l_608
 8379 2BDD              __l_607:
 8380 2BDD              ; 513         } else {
 8381 2BDD              ; 514             a = 0;
 8382 2BDD 3E 00        	ld a, 0
 8383 2BDF              __l_608:
 8384 2BDF D1           	pop de
 8385 2BE0 C9           	ret
 8386 2BE1              ; 515         }
 8387 2BE1              ; 516     }
 8388 2BE1              ; 517 }
 8389 2BE1              ; 518
 8390 2BE1              ; 519 /// Возвращает свободное место на диске
 8391 2BE1              ; 520 /// вых[HL] - результат
 8392 2BE1              ; 521 void DiskViewDiskFreeSpaceHL() {
 8393 2BE1              diskviewdiskfreespacehl:
 8394 2BE1              ; 522     push_pop(de) {
 8395 2BE1 D5           	push de
 8396 2BE2              ; 523         a = DiskViewDiskNum;
 8397 2BE2 3A 2A 2D     	ld a, (diskviewdisknum)
 8398 2BE5              ; 524         ordos_wnd();
 8399 2BE5 CD D6 BF     	call ordos_wnd
 8400 2BE8              ; 525         ordos_mxdsk();
 8401 2BE8 CD B8 BF     	call ordos_mxdsk
 8402 2BEB              ; 526         d = h;
 8403 2BEB 54           	ld d, h
 8404 2BEC              ; 527         e = l;
 8405 2BEC 5D           	ld e, l
 8406 2BED              ; 528         //--
 8407 2BED              ; 529         ordos_rmax();
 8408 2BED CD C1 BF     	call ordos_rmax
 8409 2BF0              ; 530         //--
 8410 2BF0              ; 531         DiskViewHLSubDE();
 8411 2BF0 CD CB 2B     	call diskviewhlsubde
 8412 2BF3 D1           	pop de
 8413 2BF4 C9           	ret
 8414 2BF5              ; 532     }
 8415 2BF5              ; 533 }
 8416 2BF5              ; 534
 8417 2BF5              ; 535 void DiskViewShowFreeSpace() {
 8418 2BF5              diskviewshowfreespace:
 8419 2BF5              ; 536     push_pop(de, hl) {
 8420 2BF5 D5           	push de
 8421 2BF6 E5           	push hl
 8422 2BF7              ; 537         a = DiskViewX;
 8423 2BF7 3A 24 2D     	ld a, (diskviewx)
 8424 2BFA              ; 538         e = a;
 8425 2BFA 5F           	ld e, a
 8426 2BFB              ; 539         a = DiskViewDX;
 8427 2BFB 3A 26 2D     	ld a, (diskviewdx)
 8428 2BFE              ; 540         a += e;
 8429 2BFE 83           	add e
 8430 2BFF              ; 541         a -= 7;
 8431 2BFF D6 07        	sub 7
 8432 2C01              ; 542         myCharPosX = a;
 8433 2C01 32 E3 1D     	ld (mycharposx), a
 8434 2C04              ; 543         a = DiskViewY;
 8435 2C04 3A 25 2D     	ld a, (diskviewy)
 8436 2C07              ; 544         e = a;
 8437 2C07 5F           	ld e, a
 8438 2C08              ; 545         a = DiskViewDY;
 8439 2C08 3A 27 2D     	ld a, (diskviewdy)
 8440 2C0B              ; 546         a += e;
 8441 2C0B 83           	add e
 8442 2C0C              ; 547         a--;
 8443 2C0C 3D           	dec a
 8444 2C0D              ; 548         myCharPosY = a;
 8445 2C0D 32 E4 1D     	ld (mycharposy), a
 8446 2C10              ; 549         //-- 0xB5
 8447 2C10              ; 550         printMyCharA(a = 0xB5);
 8448 2C10 3E B5        	ld a, 181
 8449 2C12 CD 4E 1C     	call printmychara
 8450 2C15              ; 551         //--
 8451 2C15              ; 552         DiskViewDiskFreeSpaceHL();
 8452 2C15 CD E1 2B     	call diskviewdiskfreespacehl
 8453 2C18              ; 553         d = h;
 8454 2C18 54           	ld d, h
 8455 2C19              ; 554         e = l;
 8456 2C19 5D           	ld e, l
 8457 2C1A              ; 555         FtpViewShow4CharSizeDE();
 8458 2C1A CD 74 34     	call ftpviewshow4charsizede
 8459 2C1D              ; 556         //-- 0xC6
 8460 2C1D              ; 557         printMyCharA(a = 0xC6);
 8461 2C1D 3E C6        	ld a, 198
 8462 2C1F CD 4E 1C     	call printmychara
 8463 2C22 E1           	pop hl
 8464 2C23 D1           	pop de
 8465 2C24 C9           	ret
 8466 2C25              ; 558     }
 8467 2C25              ; 559 }
 8468 2C25              ; 560
 8469 2C25              ; 561 void DiskViewNextDiskNum() {
 8470 2C25              diskviewnextdisknum:
 8471 2C25              ; 562     a = DiskViewDiskNum;
 8472 2C25 3A 2A 2D     	ld a, (diskviewdisknum)
 8473 2C28              ; 563     a++;
 8474 2C28 3C           	inc a
 8475 2C29              ; 564     if (a == 'E') {
 8476 2C29 FE 45        	cp 69
 8477 2C2B C2 30 2C     	jp nz, __l_609
 8478 2C2E              ; 565         a = 'A';
 8479 2C2E 3E 41        	ld a, 65
 8480 2C30              __l_609:
 8481 2C30              ; 566     }
 8482 2C30              ; 567     DiskViewSetDiskNumA();
 8483 2C30              ; 568 }
 8484 2C30              ; 569
 8485 2C30              ; 570 void DiskViewSetDiskNumA() {
 8486 2C30              diskviewsetdisknuma:
 8487 2C30              ; 571     push_pop(bc) {
 8488 2C30 C5           	push bc
 8489 2C31              ; 572         c = a;
 8490 2C31 4F           	ld c, a
 8491 2C32              ; 573         a = DiskViewDiskNum;
 8492 2C32 3A 2A 2D     	ld a, (diskviewdisknum)
 8493 2C35              ; 574         if (a != c) {
 8494 2C35 B9           	cp c
 8495 2C36 CA 43 2C     	jp z, __l_611
 8496 2C39              ; 575             a = c;
 8497 2C39 79           	ld a, c
 8498 2C3A              ; 576             DiskViewDiskNum = a;
 8499 2C3A 32 2A 2D     	ld (diskviewdisknum), a
 8500 2C3D              ; 577             #ifdef _IS_SIMULATOR
 8501 2C3D              ; 578             #else
 8502 2C3D              ; 579                 NetDiskSetNum();
 8503 2C3D CD F8 14     	call netdisksetnum
 8504 2C40              ; 580             #endif
 8505 2C40              ; 581             DiskViewReload();
 8506 2C40 CD 45 2C     	call diskviewreload
 8507 2C43              __l_611:
 8508 2C43 C1           	pop bc
 8509 2C44 C9           	ret
 8510 2C45              ; 582         }
 8511 2C45              ; 583     }
 8512 2C45              ; 584 }
 8513 2C45              ; 585
 8514 2C45              ; 586 void DiskViewReload() {
 8515 2C45              diskviewreload:
 8516 2C45              ; 587     DiskViewShowSelectLineA(a = 0);
 8517 2C45 3E 00        	ld a, 0
 8518 2C47 CD EE 2C     	call diskviewshowselectlinea
 8519 2C4A              ; 588     a = 0;
 8520 2C4A 3E 00        	ld a, 0
 8521 2C4C              ; 589     DiskViewDirStartIndex = a;
 8522 2C4C 32 2F 2D     	ld (diskviewdirstartindex), a
 8523 2C4F              ; 590     DiskViewFileCurrentPos = a;
 8524 2C4F 32 2E 2D     	ld (diskviewfilecurrentpos), a
 8525 2C52              ; 591     DiskViewUpdateDiskTitle();
 8526 2C52 CD 6B 2C     	call diskviewupdatedisktitle
 8527 2C55              ; 592     DiskViewUpdateDateAndUI();
 8528 2C55              ; 593 }
 8529 2C55              ; 594
 8530 2C55              ; 595 void DiskViewUpdateDateAndUI() {
 8531 2C55              diskviewupdatedateandui:
 8532 2C55              ; 596     DiskViewUpdateDir();
 8533 2C55 CD 20 28     	call diskviewupdatedir
 8534 2C58              ; 597     DiskViewShowDir();
 8535 2C58 CD 6B 29     	call diskviewshowdir
 8536 2C5B              ; 598     if ((a = CurrentViewId) == DiskViewId) {
 8537 2C5B 3A 8F 1F     	ld a, (currentviewid)
 8538 2C5E FE 01        	cp 1
 8539 2C60 C2 68 2C     	jp nz, __l_613
 8540 2C63              ; 599         DiskViewShowSelectLineA(a = 1);
 8541 2C63 3E 01        	ld a, 1
 8542 2C65 CD EE 2C     	call diskviewshowselectlinea
 8543 2C68              __l_613:
 8544 2C68              ; 600     }
 8545 2C68              ; 601     DiskViewShowFreeSpace();
 8546 2C68 C3 F5 2B     	jp diskviewshowfreespace
 8547 2C6B              ; 602 }
 8548 2C6B              ; 603
 8549 2C6B              ; 604 void DiskViewUpdateDiskTitle() {
 8550 2C6B              diskviewupdatedisktitle:
 8551 2C6B              ; 605     a = DiskViewX;
 8552 2C6B 3A 24 2D     	ld a, (diskviewx)
 8553 2C6E              ; 606     a += 7;
 8554 2C6E C6 07        	add 7
 8555 2C70              ; 607     myCharPosX = a;
 8556 2C70 32 E3 1D     	ld (mycharposx), a
 8557 2C73              ; 608     a = DiskViewY;
 8558 2C73 3A 25 2D     	ld a, (diskviewy)
 8559 2C76              ; 609     myCharPosY = a;
 8560 2C76 32 E4 1D     	ld (mycharposy), a
 8561 2C79              ; 610     printMyCharA(a = DiskViewDiskNum);
 8562 2C79 3A 2A 2D     	ld a, (diskviewdisknum)
 8563 2C7C C3 4E 1C     	jp printmychara
 8564 2C7F              ; 611 }
 8565 2C7F              ; 612
 8566 2C7F              ; 613 /// Обновление позиции
 8567 2C7F              ; 614 /// вх[A]
 8568 2C7F              ; 615 /// 0 - без изменений
 8569 2C7F              ; 616 /// 1 - вверх
 8570 2C7F              ; 617 /// 0xFF - вниз
 8571 2C7F              ; 618 void DiskViewFileCurrentPosUpdateA() {
 8572 2C7F              diskviewfilecurrentposupdatea:
 8573 2C7F              ; 619     push_pop(bc, de) {
 8574 2C7F C5           	push bc
 8575 2C80 D5           	push de
 8576 2C81              ; 620         b = a;
 8577 2C81 47           	ld b, a
 8578 2C82              ; 621         DiskViewDirEndIndexCalc();
 8579 2C82 CD 48 28     	call diskviewdirendindexcalc
 8580 2C85              ; 622         if (a == 0) {
 8581 2C85 B7           	or a
 8582 2C86 C2 91 2C     	jp nz, __l_615
 8583 2C89              ; 623             DiskViewShowSelectLineA(a = 1);
 8584 2C89 3E 01        	ld a, 1
 8585 2C8B CD EE 2C     	call diskviewshowselectlinea
 8586 2C8E C3 EB 2C     	jp __l_616
 8587 2C91              __l_615:
 8588 2C91              ; 624         } else {
 8589 2C91              ; 625             a = DiskViewDirEndIndex; //DiskViewDirCount;
 8590 2C91 3A 30 2D     	ld a, (diskviewdirendindex)
 8591 2C94              ; 626             a += 1;
 8592 2C94 C6 01        	add 1
 8593 2C96              ; 627             c = a;
 8594 2C96 4F           	ld c, a
 8595 2C97              ; 628             DiskViewShowSelectLineA(a = 0);
 8596 2C97 3E 00        	ld a, 0
 8597 2C99 CD EE 2C     	call diskviewshowselectlinea
 8598 2C9C              ; 629             a = DiskViewFileCurrentPos;
 8599 2C9C 3A 2E 2D     	ld a, (diskviewfilecurrentpos)
 8600 2C9F              ; 630             a += b;
 8601 2C9F 80           	add b
 8602 2CA0              ; 631             d = a;
 8603 2CA0 57           	ld d, a
 8604 2CA1              ; 632             //
 8605 2CA1              ; 633             if (a == 0xFF) {
 8606 2CA1 FE FF        	cp 255
 8607 2CA3 C2 BE 2C     	jp nz, __l_617
 8608 2CA6              ; 634                 // Можно ли скролить вверх
 8609 2CA6              ; 635                 a = DiskViewDirStartIndex;
 8610 2CA6 3A 2F 2D     	ld a, (diskviewdirstartindex)
 8611 2CA9              ; 636                 if (a > 0) {
 8612 2CA9 B7           	or a
 8613 2CAA CA B9 2C     	jp z, __l_619
 8614 2CAD              ; 637                     a--;
 8615 2CAD 3D           	dec a
 8616 2CAE              ; 638                     DiskViewDirStartIndex = a;
 8617 2CAE 32 2F 2D     	ld (diskviewdirstartindex), a
 8618 2CB1              ; 639                     DiskViewShowDir();
 8619 2CB1 CD 6B 29     	call diskviewshowdir
 8620 2CB4              ; 640                     a = 0;
 8621 2CB4 3E 00        	ld a, 0
 8622 2CB6 C3 BB 2C     	jp __l_620
 8623 2CB9              __l_619:
 8624 2CB9              ; 641                 } else {
 8625 2CB9              ; 642                     #ifdef _IS_CYCLIC_MOVEMENT_THROUGH_THE_LIST_OF_FILES
 8626 2CB9              ; 643                         a = 0;
 8627 2CB9 3E 00        	ld a, 0
 8628 2CBB              __l_620:
 8629 2CBB C3 E3 2C     	jp __l_618
 8630 2CBE              __l_617:
 8631 2CBE              ; 644                     #else
 8632 2CBE              ; 645                         push_pop(bc) {
 8633 2CBE              ; 646                             a = DiskViewDirPageCoint;
 8634 2CBE              ; 647                             b = a;
 8635 2CBE              ; 648                             a = DiskViewDirCount;
 8636 2CBE              ; 649                             if (a >= b) {
 8637 2CBE              ; 650                                 a -= b;
 8638 2CBE              ; 651                                 DiskViewDirStartIndex = a;
 8639 2CBE              ; 652                             } else {
 8640 2CBE              ; 653                                 a = 0;
 8641 2CBE              ; 654                                 DiskViewDirStartIndex = a;
 8642 2CBE              ; 655                             }
 8643 2CBE              ; 656                         }
 8644 2CBE              ; 657                         DiskViewShowDir();
 8645 2CBE              ; 658                         a = c;
 8646 2CBE              ; 659                         a--;
 8647 2CBE              ; 660                     #endif
 8648 2CBE              ; 661                 }
 8649 2CBE              ; 662             } else if (a == c) {
 8650 2CBE B9           	cp c
 8651 2CBF C2 E3 2C     	jp nz, __l_621
 8652 2CC2              ; 663                 // Можно ли еще скролить вниз
 8653 2CC2              ; 664                 push_pop(bc) {
 8654 2CC2 C5           	push bc
 8655 2CC3              ; 665                     b = a;
 8656 2CC3 47           	ld b, a
 8657 2CC4              ; 666                     a = DiskViewDirCount;
 8658 2CC4 3A 2B 2D     	ld a, (diskviewdircount)
 8659 2CC7              ; 667                     a++;
 8660 2CC7 3C           	inc a
 8661 2CC8              ; 668                     c = a;
 8662 2CC8 4F           	ld c, a
 8663 2CC9              ; 669                     a = DiskViewDirStartIndex;
 8664 2CC9 3A 2F 2D     	ld a, (diskviewdirstartindex)
 8665 2CCC              ; 670                     a += b;
 8666 2CCC 80           	add b
 8667 2CCD              ; 671                     if (a < c) {
 8668 2CCD B9           	cp c
 8669 2CCE D2 E0 2C     	jp nc, __l_623
 8670 2CD1              ; 672                         a = DiskViewDirStartIndex;
 8671 2CD1 3A 2F 2D     	ld a, (diskviewdirstartindex)
 8672 2CD4              ; 673                         a++;
 8673 2CD4 3C           	inc a
 8674 2CD5              ; 674                         DiskViewDirStartIndex = a;
 8675 2CD5 32 2F 2D     	ld (diskviewdirstartindex), a
 8676 2CD8              ; 675                         DiskViewShowDir();
 8677 2CD8 CD 6B 29     	call diskviewshowdir
 8678 2CDB              ; 676                         a = b;
 8679 2CDB 78           	ld a, b
 8680 2CDC              ; 677                         a--;
 8681 2CDC 3D           	dec a
 8682 2CDD C3 E2 2C     	jp __l_624
 8683 2CE0              __l_623:
 8684 2CE0              ; 678                     } else {
 8685 2CE0              ; 679                         #ifdef _IS_CYCLIC_MOVEMENT_THROUGH_THE_LIST_OF_FILES
 8686 2CE0              ; 680                             a = d;
 8687 2CE0 7A           	ld a, d
 8688 2CE1              ; 681                             a--;
 8689 2CE1 3D           	dec a
 8690 2CE2              __l_624:
 8691 2CE2 C1           	pop bc
 8692 2CE3              __l_621:
 8693 2CE3              __l_618:
 8694 2CE3              ; 682                         #else
 8695 2CE3              ; 683                             a = 0;
 8696 2CE3              ; 684                             DiskViewDirStartIndex = a;
 8697 2CE3              ; 685                             DiskViewShowDir();
 8698 2CE3              ; 686                             a = 0;
 8699 2CE3              ; 687                         #endif
 8700 2CE3              ; 688                     }
 8701 2CE3              ; 689                 }
 8702 2CE3              ; 690             }
 8703 2CE3              ; 691             DiskViewFileCurrentPos = a;
 8704 2CE3 32 2E 2D     	ld (diskviewfilecurrentpos), a
 8705 2CE6              ; 692             DiskViewShowSelectLineA(a = 1);
 8706 2CE6 3E 01        	ld a, 1
 8707 2CE8 CD EE 2C     	call diskviewshowselectlinea
 8708 2CEB              __l_616:
 8709 2CEB D1           	pop de
 8710 2CEC C1           	pop bc
 8711 2CED C9           	ret
 8712 2CEE              ; 693         }
 8713 2CEE              ; 694     }
 8714 2CEE              ; 695 }
 8715 2CEE              ; 696
 8716 2CEE              ; 697 /// Рисование линии прямым или инверсным цветом
 8717 2CEE              ; 698 /// 0 - прямой
 8718 2CEE              ; 699 /// 1 - инверсный
 8719 2CEE              ; 700 void DiskViewShowSelectLineA() {
 8720 2CEE              diskviewshowselectlinea:
 8721 2CEE              ; 701     push_pop(bc, hl, de) {
 8722 2CEE C5           	push bc
 8723 2CEF E5           	push hl
 8724 2CF0 D5           	push de
 8725 2CF1              ; 702         c = a;
 8726 2CF1 4F           	ld c, a
 8727 2CF2              ; 703         // HL
 8728 2CF2              ; 704         a = DiskViewFileCurrentPos;
 8729 2CF2 3A 2E 2D     	ld a, (diskviewfilecurrentpos)
 8730 2CF5              ; 705         b = a;
 8731 2CF5 47           	ld b, a
 8732 2CF6              ; 706         a = DiskViewY;
 8733 2CF6 3A 25 2D     	ld a, (diskviewy)
 8734 2CF9              ; 707         a += 2;
 8735 2CF9 C6 02        	add 2
 8736 2CFB              ; 708         a += b;
 8737 2CFB 80           	add b
 8738 2CFC              ; 709         l = a;
 8739 2CFC 6F           	ld l, a
 8740 2CFD              ; 710         a = DiskViewX;
 8741 2CFD 3A 24 2D     	ld a, (diskviewx)
 8742 2D00              ; 711         a += 1;
 8743 2D00 C6 01        	add 1
 8744 2D02              ; 712         h = a;
 8745 2D02 67           	ld h, a
 8746 2D03              ; 713         // DE
 8747 2D03              ; 714         a = DiskViewDX;
 8748 2D03 3A 26 2D     	ld a, (diskviewdx)
 8749 2D06              ; 715         a -= 2;
 8750 2D06 D6 02        	sub 2
 8751 2D08              ; 716         d = a;
 8752 2D08 57           	ld d, a
 8753 2D09              ; 717         a = 1;
 8754 2D09 3E 01        	ld a, 1
 8755 2D0B              ; 718         e = a;
 8756 2D0B 5F           	ld e, a
 8757 2D0C              ; 719         // C
 8758 2D0C              ; 720         if ((a = c) == 0) {
 8759 2D0C 79           	ld a, c
 8760 2D0D B7           	or a
 8761 2D0E C2 17 2D     	jp nz, __l_625
 8762 2D11              ; 721             a = DiskViewColor;
 8763 2D11 3A 28 2D     	ld a, (diskviewcolor)
 8764 2D14 C3 1A 2D     	jp __l_626
 8765 2D17              __l_625:
 8766 2D17              ; 722         } else {
 8767 2D17              ; 723             a = DiskViewInvColor;
 8768 2D17 3A 29 2D     	ld a, (diskviewinvcolor)
 8769 2D1A              __l_626:
 8770 2D1A              ; 724         }
 8771 2D1A              ; 725         c = a;
 8772 2D1A 4F           	ld c, a
 8773 2D1B              ; 726         // A
 8774 2D1B              ; 727         a = vboxUMP;
 8775 2D1B 3E 04        	ld a, 4
 8776 2D1D              ; 728         vboxOpenHLDECA();
 8777 2D1D CD 86 4D     	call vboxopenhldeca
 8778 2D20 D1           	pop de
 8779 2D21 E1           	pop hl
 8780 2D22 C1           	pop bc
 8781 2D23 C9           	ret
 8782 2D24              ; 729     }
 8783 2D24              ; 730 }
 8784 2D24              ; 731
 8785 2D24              ; 732 uint8_t DiskViewX = 28;
 8786 2D24              diskviewx:
 8787 2D24 1C           	db 28
 8788 2D25              ; 733 uint8_t DiskViewY = 4;
 8789 2D25              diskviewy:
 8790 2D25 04           	db 4
 8791 2D26              ; 734 uint8_t DiskViewDX = 20;
 8792 2D26              diskviewdx:
 8793 2D26 14           	db 20
 8794 2D27              ; 735 uint8_t DiskViewDY = 25;
 8795 2D27              diskviewdy:
 8796 2D27 19           	db 25
 8797 2D28              ; 736 uint8_t DiskViewColor = 0x1F;
 8798 2D28              diskviewcolor:
 8799 2D28 1F           	db 31
 8800 2D29              ; 737 uint8_t DiskViewInvColor = 0xF1;
 8801 2D29              diskviewinvcolor:
 8802 2D29 F1           	db 241
 8803 2D2A              ; 739 uint8_t DiskViewDiskNum = 'B';
 8804 2D2A              diskviewdisknum:
 8805 2D2A 42           	db 66
 8806 2D2B              ; 740 uint8_t DiskViewDirCount = 0;
 8807 2D2B              diskviewdircount:
 8808 2D2B 00           	db 0
 8809 2D2C              ; 741 uint16_t DiskViewDirBufer = 0x0000;
 8810 2D2C              diskviewdirbufer:
 8811 2D2C 00 00        	dw 0
 8812 2D2E              ; 742 uint8_t DiskViewFileCurrentPos = 0;
 8813 2D2E              diskviewfilecurrentpos:
 8814 2D2E 00           	db 0
 8815 2D2F              ; 744 uint8_t DiskViewDirStartIndex = 0;
 8816 2D2F              diskviewdirstartindex:
 8817 2D2F 00           	db 0
 8818 2D30              ; 745 uint8_t DiskViewDirEndIndex = 0;
 8819 2D30              diskviewdirendindex:
 8820 2D30 00           	db 0
 8821 2D31              ; 746 uint8_t DiskViewDirPageCoint = 20;
 8822 2D31              diskviewdirpagecoint:
 8823 2D31 14           	db 20
 8824 2D32              ; 748 uint8_t DiskViewDirProgressLen = 0;
 8825 2D32              diskviewdirprogresslen:
 8826 2D32 00           	db 0
 8827 2D33              ; 750 uint16_t DiskViewStartNewFile = 0x0000;
 8828 2D33              diskviewstartnewfile:
 8829 2D33 00 00        	dw 0
 8830 2D35              ; 752 uint8_t DiskViewDirRootTitle[] = "..";
 8831 2D35              diskviewdirroottitle:
 8832 2D35 2E           	db 46
 8833 2D36 2E           	db 46
 8834 2D37 00           	ds 1
 8835 2D38              ; 753 uint8_t DiskViewTitle[] = {0xB5, 'D', 'i', 's', 'k', ':', 'A', 0xC6, '\0'};
 8836 2D38              diskviewtitle:
 8837 2D38 B5           	db 181
 8838 2D39 44           	db 68
 8839 2D3A 69           	db 105
 8840 2D3B 73           	db 115
 8841 2D3C 6B           	db 107
 8842 2D3D 3A           	db 58
 8843 2D3E 41           	db 65
 8844 2D3F C6           	db 198
 8845 2D40 00           	db 0
 8846 2D41              ; 756 uint8_t DiskViewExecData[] = {0xCD , 0xD0 , 0xBF , 0xCD , 0xFA , 0xBF , 0xE9 , 0x00};
 8847 2D41              diskviewexecdata:
 8848 2D41 CD           	db 205
 8849 2D42 D0           	db 208
 8850 2D43 BF           	db 191
 8851 2D44 CD           	db 205
 8852 2D45 FA           	db 250
 8853 2D46 BF           	db 191
 8854 2D47 E9           	db 233
 8855 2D48 00           	db 0
 8856 2D49              ; 11 void SelectDiskViewShow() {
 8857 2D49              selectdiskviewshow:
 8858 2D49              ; 12     CurrentViewChangeAndPushIdA(a = SelectDiskViewId);
 8859 2D49 3E 03        	ld a, 3
 8860 2D4B CD 58 1E     	call currentviewchangeandpushida
 8861 2D4E              ; 13     push_pop(bc, hl, de) {
 8862 2D4E C5           	push bc
 8863 2D4F E5           	push hl
 8864 2D50 D5           	push de
 8865 2D51              ; 14         a = SelectDiskViewX;
 8866 2D51 3A AC 2E     	ld a, (selectdiskviewx)
 8867 2D54              ; 15         h = a;
 8868 2D54 67           	ld h, a
 8869 2D55              ; 16         a = SelectDiskViewY;
 8870 2D55 3A AD 2E     	ld a, (selectdiskviewy)
 8871 2D58              ; 17         l = a;
 8872 2D58 6F           	ld l, a
 8873 2D59              ; 18         a = SelectDiskViewDX;
 8874 2D59 3A AE 2E     	ld a, (selectdiskviewdx)
 8875 2D5C              ; 19         d = a;
 8876 2D5C 57           	ld d, a
 8877 2D5D              ; 20         a = SelectDiskViewDY;
 8878 2D5D 3A AF 2E     	ld a, (selectdiskviewdy)
 8879 2D60              ; 21         e = a;
 8880 2D60 5F           	ld e, a
 8881 2D61              ; 22         a = SelectDiskViewColor;
 8882 2D61 3A B0 2E     	ld a, (selectdiskviewcolor)
 8883 2D64              ; 23         c = a;
 8884 2D64 4F           	ld c, a
 8885 2D65              ; 24         a = vboxCLW;
 8886 2D65 3E 40        	ld a, 64
 8887 2D67              ; 25         a |= vboxFRM;
 8888 2D67 F6 20        	or 32
 8889 2D69              ; 26         a |= vboxSDW;
 8890 2D69 F6 10        	or 16
 8891 2D6B              ; 27         a |= vboxSAV;
 8892 2D6B F6 08        	or 8
 8893 2D6D              ; 28         a |= vboxUMP;
 8894 2D6D F6 04        	or 4
 8895 2D6F              ; 29         vboxOpenHLDECA();
 8896 2D6F CD 86 4D     	call vboxopenhldeca
 8897 2D72              ; 30
 8898 2D72              ; 31         a = DiskViewDiskNum;
 8899 2D72 3A 2A 2D     	ld a, (diskviewdisknum)
 8900 2D75              ; 32         a -= 'A';
 8901 2D75 D6 41        	sub 65
 8902 2D77              ; 33         SelectDiskViewCurrentPos = a;
 8903 2D77 32 B2 2E     	ld (selectdiskviewcurrentpos), a
 8904 2D7A              ; 34
 8905 2D7A              ; 35         SelectDiskViewShowDiskList();
 8906 2D7A CD 86 2D     	call selectdiskviewshowdisklist
 8907 2D7D              ; 36         SelectDiskViewUpdateSelectA(a = 1);
 8908 2D7D 3E 01        	ld a, 1
 8909 2D7F CD FA 2D     	call selectdiskviewupdateselecta
 8910 2D82 D1           	pop de
 8911 2D83 E1           	pop hl
 8912 2D84 C1           	pop bc
 8913 2D85 C9           	ret
 8914 2D86              ; 37     }
 8915 2D86              ; 38 }
 8916 2D86              ; 39
 8917 2D86              ; 40 void SelectDiskViewShowDiskList() {
 8918 2D86              selectdiskviewshowdisklist:
 8919 2D86              ; 41     push_pop(bc) {
 8920 2D86 C5           	push bc
 8921 2D87              ; 42         // Title
 8922 2D87              ; 43         a = SelectDiskViewY;
 8923 2D87 3A AD 2E     	ld a, (selectdiskviewy)
 8924 2D8A              ; 44         a += 1;
 8925 2D8A C6 01        	add 1
 8926 2D8C              ; 45         myCharPosY = a;
 8927 2D8C 32 E4 1D     	ld (mycharposy), a
 8928 2D8F              ; 46         a = SelectDiskViewX;
 8929 2D8F 3A AC 2E     	ld a, (selectdiskviewx)
 8930 2D92              ; 47         a += 4;
 8931 2D92 C6 04        	add 4
 8932 2D94              ; 48         myCharPosX = a;
 8933 2D94 32 E3 1D     	ld (mycharposx), a
 8934 2D97              ; 49         printMyHLStr(hl = SelectDiskViewSelectTitle);
 8935 2D97 21 B3 2E     	ld hl, selectdiskviewselecttitle
 8936 2D9A CD ED 1B     	call printmyhlstr
 8937 2D9D              ; 50         // SubTitle
 8938 2D9D              ; 51         a = SelectDiskViewY;
 8939 2D9D 3A AD 2E     	ld a, (selectdiskviewy)
 8940 2DA0              ; 52         a += 2;
 8941 2DA0 C6 02        	add 2
 8942 2DA2              ; 53         myCharPosY = a;
 8943 2DA2 32 E4 1D     	ld (mycharposy), a
 8944 2DA5              ; 54         a = SelectDiskViewX;
 8945 2DA5 3A AC 2E     	ld a, (selectdiskviewx)
 8946 2DA8              ; 55         a += 4;
 8947 2DA8 C6 04        	add 4
 8948 2DAA              ; 56         myCharPosX = a;
 8949 2DAA 32 E3 1D     	ld (mycharposx), a
 8950 2DAD              ; 57         printMyHLStr(hl = SelectDiskViewSelectSubTitle);
 8951 2DAD 21 BA 2E     	ld hl, selectdiskviewselectsubtitle
 8952 2DB0 CD ED 1B     	call printmyhlstr
 8953 2DB3              ; 58         // LINE!!!
 8954 2DB3              ; 59         a = SelectDiskViewX;
 8955 2DB3 3A AC 2E     	ld a, (selectdiskviewx)
 8956 2DB6              ; 60         a += 1;
 8957 2DB6 C6 01        	add 1
 8958 2DB8              ; 61         myCharPosX = a;
 8959 2DB8 32 E3 1D     	ld (mycharposx), a
 8960 2DBB              ; 62         a = SelectDiskViewY;
 8961 2DBB 3A AD 2E     	ld a, (selectdiskviewy)
 8962 2DBE              ; 63         a += 3;
 8963 2DBE C6 03        	add 3
 8964 2DC0              ; 64         myCharPosY = a;
 8965 2DC0 32 E4 1D     	ld (mycharposy), a
 8966 2DC3              ; 65         a = SelectDiskViewDX;
 8967 2DC3 3A AE 2E     	ld a, (selectdiskviewdx)
 8968 2DC6              ; 66         a -= 2;
 8969 2DC6 D6 02        	sub 2
 8970 2DC8              ; 67         b = a;
 8971 2DC8 47           	ld b, a
 8972 2DC9              ; 68         do {
 8973 2DC9              __l_627:
 8974 2DC9              ; 69             printMyCharA(a = 0x5F);
 8975 2DC9 3E 5F        	ld a, 95
 8976 2DCB CD 4E 1C     	call printmychara
 8977 2DCE              ; 70             b--;
 8978 2DCE 05           	dec b
 8979 2DCF              __l_628:
 8980 2DCF              ; 71         } while ((a = b) > 0);
 8981 2DCF 78           	ld a, b
 8982 2DD0 B7           	or a
 8983 2DD1 C2 C9 2D     	jp nz, __l_627
 8984 2DD4              ; 72         // Disk List
 8985 2DD4              ; 73         a = SelectDiskViewY;
 8986 2DD4 3A AD 2E     	ld a, (selectdiskviewy)
 8987 2DD7              ; 74         a += 6;
 8988 2DD7 C6 06        	add 6
 8989 2DD9              ; 75         myCharPosY = a;
 8990 2DD9 32 E4 1D     	ld (mycharposy), a
 8991 2DDC              ; 76         a = SelectDiskViewX;
 8992 2DDC 3A AC 2E     	ld a, (selectdiskviewx)
 8993 2DDF              ; 77         a += 2;
 8994 2DDF C6 02        	add 2
 8995 2DE1              ; 78         myCharPosX = a;
 8996 2DE1 32 E3 1D     	ld (mycharposx), a
 8997 2DE4              ; 79         b = 0;
 8998 2DE4 06 00        	ld b, 0
 8999 2DE6              ; 80         do {
 9000 2DE6              __l_630:
 9001 2DE6              ; 81             a = b;
 9002 2DE6 78           	ld a, b
 9003 2DE7              ; 82             a += 'A';
 9004 2DE7 C6 41        	add 65
 9005 2DE9              ; 83             printMyCharA();
 9006 2DE9 CD 4E 1C     	call printmychara
 9007 2DEC              ; 84             myCharPosXSpaceA(a = 2);
 9008 2DEC 3E 02        	ld a, 2
 9009 2DEE CD A3 1C     	call mycharposxspacea
 9010 2DF1              ; 85             b++;
 9011 2DF1 04           	inc b
 9012 2DF2              __l_631:
 9013 2DF2              ; 86         } while ((a = b) < 4);
 9014 2DF2 78           	ld a, b
 9015 2DF3 FE 04        	cp 4
 9016 2DF5 DA E6 2D     	jp c, __l_630
 9017 2DF8 C1           	pop bc
 9018 2DF9 C9           	ret
 9019 2DFA              ; 87     }
 9020 2DFA              ; 88 }
 9021 2DFA              ; 89
 9022 2DFA              ; 90 /// 0 - прямой
 9023 2DFA              ; 91 /// 1 - инверсный
 9024 2DFA              ; 92 void SelectDiskViewUpdateSelectA() {
 9025 2DFA              selectdiskviewupdateselecta:
 9026 2DFA              ; 93     push_pop(bc, hl, de) {
 9027 2DFA C5           	push bc
 9028 2DFB E5           	push hl
 9029 2DFC D5           	push de
 9030 2DFD              ; 94         c = a;
 9031 2DFD 4F           	ld c, a
 9032 2DFE              ; 95         // HL
 9033 2DFE              ; 96         a = SelectDiskViewCurrentPos;
 9034 2DFE 3A B2 2E     	ld a, (selectdiskviewcurrentpos)
 9035 2E01              ; 97         b = a;
 9036 2E01 47           	ld b, a
 9037 2E02              ; 98         a = SelectDiskViewX;
 9038 2E02 3A AC 2E     	ld a, (selectdiskviewx)
 9039 2E05              ; 99         a += 1;
 9040 2E05 C6 01        	add 1
 9041 2E07              ; 100         h = a;
 9042 2E07 67           	ld h, a
 9043 2E08              ; 101         if ((a = b) > 0) {
 9044 2E08 78           	ld a, b
 9045 2E09 B7           	or a
 9046 2E0A CA 17 2E     	jp z, __l_633
 9047 2E0D              ; 102             do {
 9048 2E0D              __l_635:
 9049 2E0D              ; 103                 a = h;
 9050 2E0D 7C           	ld a, h
 9051 2E0E              ; 104                 a += 3;
 9052 2E0E C6 03        	add 3
 9053 2E10              ; 105                 h = a;
 9054 2E10 67           	ld h, a
 9055 2E11              ; 106                 b--;
 9056 2E11 05           	dec b
 9057 2E12              __l_636:
 9058 2E12              ; 107             } while ((a = b) > 0);
 9059 2E12 78           	ld a, b
 9060 2E13 B7           	or a
 9061 2E14 C2 0D 2E     	jp nz, __l_635
 9062 2E17              __l_633:
 9063 2E17              ; 108         }
 9064 2E17              ; 109         a = SelectDiskViewY;
 9065 2E17 3A AD 2E     	ld a, (selectdiskviewy)
 9066 2E1A              ; 110         a += 5;
 9067 2E1A C6 05        	add 5
 9068 2E1C              ; 111         l = a;
 9069 2E1C 6F           	ld l, a
 9070 2E1D              ; 112         // DE
 9071 2E1D              ; 113         a = 3;
 9072 2E1D 3E 03        	ld a, 3
 9073 2E1F              ; 114         d = a;
 9074 2E1F 57           	ld d, a
 9075 2E20              ; 115         a = 3;
 9076 2E20 3E 03        	ld a, 3
 9077 2E22              ; 116         e = a;
 9078 2E22 5F           	ld e, a
 9079 2E23              ; 117         // C
 9080 2E23              ; 118         if ((a = c) == 0) {
 9081 2E23 79           	ld a, c
 9082 2E24 B7           	or a
 9083 2E25 C2 2E 2E     	jp nz, __l_638
 9084 2E28              ; 119             a = SelectDiskViewColor;
 9085 2E28 3A B0 2E     	ld a, (selectdiskviewcolor)
 9086 2E2B C3 31 2E     	jp __l_639
 9087 2E2E              __l_638:
 9088 2E2E              ; 120         } else {
 9089 2E2E              ; 121             a = SelectDiskViewInvColor;
 9090 2E2E 3A B1 2E     	ld a, (selectdiskviewinvcolor)
 9091 2E31              __l_639:
 9092 2E31              ; 122         }
 9093 2E31              ; 123         c = a;
 9094 2E31 4F           	ld c, a
 9095 2E32              ; 124         // A
 9096 2E32              ; 125         a = vboxUMP;
 9097 2E32 3E 04        	ld a, 4
 9098 2E34              ; 126         vboxOpenHLDECA();
 9099 2E34 CD 86 4D     	call vboxopenhldeca
 9100 2E37 D1           	pop de
 9101 2E38 E1           	pop hl
 9102 2E39 C1           	pop bc
 9103 2E3A C9           	ret
 9104 2E3B              ; 127     }
 9105 2E3B              ; 128 }
 9106 2E3B              ; 129
 9107 2E3B              ; 130 void SelectDiskViewSetCurrentPosA() {
 9108 2E3B              selectdiskviewsetcurrentposa:
 9109 2E3B              ; 131     push_pop(bc) {
 9110 2E3B C5           	push bc
 9111 2E3C              ; 132         b = a;
 9112 2E3C 47           	ld b, a
 9113 2E3D              ; 133         SelectDiskViewUpdateSelectA(a = 0);
 9114 2E3D 3E 00        	ld a, 0
 9115 2E3F CD FA 2D     	call selectdiskviewupdateselecta
 9116 2E42              ; 134         a = b;
 9117 2E42 78           	ld a, b
 9118 2E43              ; 135         SelectDiskViewCurrentPos = a;
 9119 2E43 32 B2 2E     	ld (selectdiskviewcurrentpos), a
 9120 2E46              ; 136         SelectDiskViewUpdateSelectA(a = 1);
 9121 2E46 3E 01        	ld a, 1
 9122 2E48 CD FA 2D     	call selectdiskviewupdateselecta
 9123 2E4B C1           	pop bc
 9124 2E4C C9           	ret
 9125 2E4D              ; 137     }
 9126 2E4D              ; 138 }
 9127 2E4D              ; 139
 9128 2E4D              ; 140 void SelectDiskViewKeyA() {
 9129 2E4D              selectdiskviewkeya:
 9130 2E4D              ; 141     push_pop(hl) {
 9131 2E4D E5           	push hl
 9132 2E4E              ; 142         l = a;
 9133 2E4E 6F           	ld l, a
 9134 2E4F              ; 143         if ((a = CurrentViewId) == SelectDiskViewId) {
 9135 2E4F 3A 8F 1F     	ld a, (currentviewid)
 9136 2E52 FE 03        	cp 3
 9137 2E54 C2 AA 2E     	jp nz, __l_640
 9138 2E57              ; 144             if ((a = l) == 0x1B) { //ESC выход
 9139 2E57 7D           	ld a, l
 9140 2E58 FE 1B        	cp 27
 9141 2E5A C2 66 2E     	jp nz, __l_642
 9142 2E5D              ; 145                 vboxClose();
 9143 2E5D CD 9F 4E     	call vboxclose
 9144 2E60              ; 146                 CurrentViewReturn();
 9145 2E60 CD 4F 1F     	call currentviewreturn
 9146 2E63 C3 AA 2E     	jp __l_643
 9147 2E66              __l_642:
 9148 2E66              ; 147             } else if ((a = l) == 0x0D) { // Выбор диска
 9149 2E66 7D           	ld a, l
 9150 2E67 FE 0D        	cp 13
 9151 2E69 C2 7D 2E     	jp nz, __l_644
 9152 2E6C              ; 148                 vboxClose();
 9153 2E6C CD 9F 4E     	call vboxclose
 9154 2E6F              ; 149                 CurrentViewReturn();
 9155 2E6F CD 4F 1F     	call currentviewreturn
 9156 2E72              ; 150                 a = SelectDiskViewCurrentPos;
 9157 2E72 3A B2 2E     	ld a, (selectdiskviewcurrentpos)
 9158 2E75              ; 151                 a += 'A';
 9159 2E75 C6 41        	add 65
 9160 2E77              ; 152                 DiskViewSetDiskNumA();
 9161 2E77 CD 30 2C     	call diskviewsetdisknuma
 9162 2E7A C3 AA 2E     	jp __l_645
 9163 2E7D              __l_644:
 9164 2E7D              ; 153             } else if ((a = l) == 0x18) { // Вправл
 9165 2E7D 7D           	ld a, l
 9166 2E7E FE 18        	cp 24
 9167 2E80 C2 94 2E     	jp nz, __l_646
 9168 2E83              ; 154                 a = SelectDiskViewCurrentPos;
 9169 2E83 3A B2 2E     	ld a, (selectdiskviewcurrentpos)
 9170 2E86              ; 155                 a++;
 9171 2E86 3C           	inc a
 9172 2E87              ; 156                 if (a == 4) {
 9173 2E87 FE 04        	cp 4
 9174 2E89 C2 8E 2E     	jp nz, __l_648
 9175 2E8C              ; 157                     a = 0;
 9176 2E8C 3E 00        	ld a, 0
 9177 2E8E              __l_648:
 9178 2E8E              ; 158                 }
 9179 2E8E              ; 159                 SelectDiskViewSetCurrentPosA();
 9180 2E8E CD 3B 2E     	call selectdiskviewsetcurrentposa
 9181 2E91 C3 AA 2E     	jp __l_647
 9182 2E94              __l_646:
 9183 2E94              ; 160             } else if ((a = l) == 0x08) { // Влево
 9184 2E94 7D           	ld a, l
 9185 2E95 FE 08        	cp 8
 9186 2E97 C2 AA 2E     	jp nz, __l_650
 9187 2E9A              ; 161                 a = SelectDiskViewCurrentPos;
 9188 2E9A 3A B2 2E     	ld a, (selectdiskviewcurrentpos)
 9189 2E9D              ; 162                 if (a == 0) {
 9190 2E9D B7           	or a
 9191 2E9E C2 A6 2E     	jp nz, __l_652
 9192 2EA1              ; 163                     a = 3;
 9193 2EA1 3E 03        	ld a, 3
 9194 2EA3 C3 A7 2E     	jp __l_653
 9195 2EA6              __l_652:
 9196 2EA6              ; 164                 } else {
 9197 2EA6              ; 165                     a--;
 9198 2EA6 3D           	dec a
 9199 2EA7              __l_653:
 9200 2EA7              ; 166                 }
 9201 2EA7              ; 167                 SelectDiskViewSetCurrentPosA();
 9202 2EA7 CD 3B 2E     	call selectdiskviewsetcurrentposa
 9203 2EAA              __l_650:
 9204 2EAA              __l_647:
 9205 2EAA              __l_645:
 9206 2EAA              __l_643:
 9207 2EAA              __l_640:
 9208 2EAA E1           	pop hl
 9209 2EAB C9           	ret
 9210 2EAC              ; 168             }
 9211 2EAC              ; 169         }
 9212 2EAC              ; 170     }
 9213 2EAC              ; 171 }
 9214 2EAC              ; 172
 9215 2EAC              ; 173 uint8_t SelectDiskViewX = 17;
 9216 2EAC              selectdiskviewx:
 9217 2EAC 11           	db 17
 9218 2EAD              ; 174 uint8_t SelectDiskViewY = 12;
 9219 2EAD              selectdiskviewy:
 9220 2EAD 0C           	db 12
 9221 2EAE              ; 175 uint8_t SelectDiskViewDX = 14;
 9222 2EAE              selectdiskviewdx:
 9223 2EAE 0E           	db 14
 9224 2EAF              ; 176 uint8_t SelectDiskViewDY = 9;
 9225 2EAF              selectdiskviewdy:
 9226 2EAF 09           	db 9
 9227 2EB0              ; 177 uint8_t SelectDiskViewColor = 0x70; //0x1F;
 9228 2EB0              selectdiskviewcolor:
 9229 2EB0 70           	db 112
 9230 2EB1              ; 178 uint8_t SelectDiskViewInvColor = 0x20; //0x2E;
 9231 2EB1              selectdiskviewinvcolor:
 9232 2EB1 20           	db 32
 9233 2EB2              ; 180 uint8_t SelectDiskViewCurrentPos = 0;
 9234 2EB2              selectdiskviewcurrentpos:
 9235 2EB2 00           	db 0
 9236 2EB3              ; 182 uint8_t SelectDiskViewSelectTitle[7] = "Choose";
 9237 2EB3              selectdiskviewselecttitle:
 9238 2EB3 43           	db 67
 9239 2EB4 68           	db 104
 9240 2EB5 6F           	db 111
 9241 2EB6 6F           	db 111
 9242 2EB7 73           	db 115
 9243 2EB8 65           	db 101
 9244 2EB9 00           	ds 1
 9245 2EBA              ; 183 uint8_t SelectDiskViewSelectSubTitle[7] = "drive:";
 9246 2EBA              selectdiskviewselectsubtitle:
 9247 2EBA 64           	db 100
 9248 2EBB 72           	db 114
 9249 2EBC 69           	db 105
 9250 2EBD 76           	db 118
 9251 2EBE 65           	db 101
 9252 2EBF 3A           	db 58
 9253 2EC0 00           	ds 1
 9254 2EC1              ; 11 void FtpStateViewShow() {
 9255 2EC1              ftpstateviewshow:
 9256 2EC1              ; 12     push_pop(hl, de) {
 9257 2EC1 E5           	push hl
 9258 2EC2 D5           	push de
 9259 2EC3              ; 13         a = FtpStateViewX;
 9260 2EC3 3A 8E 2F     	ld a, (ftpstateviewx)
 9261 2EC6              ; 14         h = a;
 9262 2EC6 67           	ld h, a
 9263 2EC7              ; 15         a = FtpStateViewY;
 9264 2EC7 3A 8F 2F     	ld a, (ftpstateviewy)
 9265 2ECA              ; 16         l = a;
 9266 2ECA 6F           	ld l, a
 9267 2ECB              ; 17         a = FtpStateViewDX;
 9268 2ECB 3A 90 2F     	ld a, (ftpstateviewdx)
 9269 2ECE              ; 18         d = a;
 9270 2ECE 57           	ld d, a
 9271 2ECF              ; 19         a = FtpStateViewDY;
 9272 2ECF 3A 91 2F     	ld a, (ftpstateviewdy)
 9273 2ED2              ; 20         e = a;
 9274 2ED2 5F           	ld e, a
 9275 2ED3              ; 21         a = FtpStateViewColor;
 9276 2ED3 3A 92 2F     	ld a, (ftpstateviewcolor)
 9277 2ED6              ; 22         vboxOpenHLDE();
 9278 2ED6 CD 55 4E     	call vboxopenhlde
 9279 2ED9              ; 23         vboxBorderHLDE();
 9280 2ED9 CD C1 4D     	call vboxborderhlde
 9281 2EDC              ; 24         FtpStateViewShowTitle();
 9282 2EDC CD E5 2E     	call ftpstateviewshowtitle
 9283 2EDF              ; 25         FtpStateViewShowValue();
 9284 2EDF CD 2F 2F     	call ftpstateviewshowvalue
 9285 2EE2 D1           	pop de
 9286 2EE3 E1           	pop hl
 9287 2EE4 C9           	ret
 9288 2EE5              ; 26     }
 9289 2EE5              ; 27 }
 9290 2EE5              ; 28
 9291 2EE5              ; 29 void FtpStateViewShowTitle() {
 9292 2EE5              ftpstateviewshowtitle:
 9293 2EE5              ; 30     push_pop(hl, bc) {
 9294 2EE5 E5           	push hl
 9295 2EE6 C5           	push bc
 9296 2EE7              ; 31         // TITLE
 9297 2EE7              ; 32         a = FtpStateViewX;
 9298 2EE7 3A 8E 2F     	ld a, (ftpstateviewx)
 9299 2EEA              ; 33         b = a;
 9300 2EEA 47           	ld b, a
 9301 2EEB              ; 34         a = FtpStateViewDX;
 9302 2EEB 3A 90 2F     	ld a, (ftpstateviewdx)
 9303 2EEE              ; 35         a += b;
 9304 2EEE 80           	add b
 9305 2EEF              ; 36         a -= 6; //len Title
 9306 2EEF D6 06        	sub 6
 9307 2EF1              ; 37         myCharPosX = a;
 9308 2EF1 32 E3 1D     	ld (mycharposx), a
 9309 2EF4              ; 38         a = FtpStateViewY;
 9310 2EF4 3A 8F 2F     	ld a, (ftpstateviewy)
 9311 2EF7              ; 39         myCharPosY = a;
 9312 2EF7 32 E4 1D     	ld (mycharposy), a
 9313 2EFA              ; 40         printMyHLStr(hl = FtpViewTitle);
 9314 2EFA 21 3B 37     	ld hl, ftpviewtitle
 9315 2EFD CD ED 1B     	call printmyhlstr
 9316 2F00              ; 41         // IP
 9317 2F00              ; 42         a = FtpStateViewX;
 9318 2F00 3A 8E 2F     	ld a, (ftpstateviewx)
 9319 2F03              ; 43         a += 1;
 9320 2F03 C6 01        	add 1
 9321 2F05              ; 44         myCharPosX = a;
 9322 2F05 32 E3 1D     	ld (mycharposx), a
 9323 2F08              ; 45         a = FtpStateViewY;
 9324 2F08 3A 8F 2F     	ld a, (ftpstateviewy)
 9325 2F0B              ; 46         a += 1;
 9326 2F0B C6 01        	add 1
 9327 2F0D              ; 47         myCharPosY = a;
 9328 2F0D 32 E4 1D     	ld (mycharposy), a
 9329 2F10              ; 48         printMyHLStr(hl = FtpStateViewIpTitle);
 9330 2F10 21 94 2F     	ld hl, ftpstateviewiptitle
 9331 2F13 CD ED 1B     	call printmyhlstr
 9332 2F16              ; 49         // STATUS
 9333 2F16              ; 50         a = FtpStateViewX;
 9334 2F16 3A 8E 2F     	ld a, (ftpstateviewx)
 9335 2F19              ; 51         a += 1;
 9336 2F19 C6 01        	add 1
 9337 2F1B              ; 52         myCharPosX = a;
 9338 2F1B 32 E3 1D     	ld (mycharposx), a
 9339 2F1E              ; 53         a = FtpStateViewY;
 9340 2F1E 3A 8F 2F     	ld a, (ftpstateviewy)
 9341 2F21              ; 54         a += 2;
 9342 2F21 C6 02        	add 2
 9343 2F23              ; 55         myCharPosY = a;
 9344 2F23 32 E4 1D     	ld (mycharposy), a
 9345 2F26              ; 56         printMyHLStr(hl = FtpStateViewStateTitle);
 9346 2F26 21 98 2F     	ld hl, ftpstateviewstatetitle
 9347 2F29 CD ED 1B     	call printmyhlstr
 9348 2F2C C1           	pop bc
 9349 2F2D E1           	pop hl
 9350 2F2E C9           	ret
 9351 2F2F              ; 57     }
 9352 2F2F              ; 58 }
 9353 2F2F              ; 59
 9354 2F2F              ; 60 void FtpStateViewShowValue() {
 9355 2F2F              ftpstateviewshowvalue:
 9356 2F2F              ; 61     push_pop(hl) {
 9357 2F2F E5           	push hl
 9358 2F30              ; 62         //IP
 9359 2F30              ; 63         a = FtpStateViewX;
 9360 2F30 3A 8E 2F     	ld a, (ftpstateviewx)
 9361 2F33              ; 64         a += 5;
 9362 2F33 C6 05        	add 5
 9363 2F35              ; 65         myCharPosX = a;
 9364 2F35 32 E3 1D     	ld (mycharposx), a
 9365 2F38              ; 66         a = FtpStateViewY;
 9366 2F38 3A 8F 2F     	ld a, (ftpstateviewy)
 9367 2F3B              ; 67         a += 1;
 9368 2F3B C6 01        	add 1
 9369 2F3D              ; 68         myCharPosY = a;
 9370 2F3D 32 E4 1D     	ld (mycharposy), a
 9371 2F40              ; 69         a = 16;
 9372 2F40 3E 10        	ld a, 16
 9373 2F42              ; 70         printMyHLStrLenA(hl = FtpStateViewIpValue);
 9374 2F42 21 A0 2F     	ld hl, ftpstateviewipvalue
 9375 2F45 CD FC 1B     	call printmyhlstrlena
 9376 2F48              ; 71         // STATUS
 9377 2F48              ; 72         FtpStateViewShowStatus();
 9378 2F48 CD 4D 2F     	call ftpstateviewshowstatus
 9379 2F4B E1           	pop hl
 9380 2F4C C9           	ret
 9381 2F4D              ; 73     }
 9382 2F4D              ; 74 }
 9383 2F4D              ; 75
 9384 2F4D              ; 76 void FtpStateViewShowStatus() {
 9385 2F4D              ftpstateviewshowstatus:
 9386 2F4D              ; 77     push_pop(hl, bc, de) {
 9387 2F4D E5           	push hl
 9388 2F4E C5           	push bc
 9389 2F4F D5           	push de
 9390 2F50              ; 78         if ((a = FtpStateViewStatus) == 0) {
 9391 2F50 3A B0 2F     	ld a, (ftpstateviewstatus)
 9392 2F53 B7           	or a
 9393 2F54 C2 61 2F     	jp nz, __l_654
 9394 2F57              ; 79             hl = FtpStateViewStatus0;
 9395 2F57 21 B1 2F     	ld hl, ftpstateviewstatus0
 9396 2F5A              ; 80             a = FtpStateViewColor;
 9397 2F5A 3A 92 2F     	ld a, (ftpstateviewcolor)
 9398 2F5D              ; 81             c = a;
 9399 2F5D 4F           	ld c, a
 9400 2F5E C3 68 2F     	jp __l_655
 9401 2F61              __l_654:
 9402 2F61              ; 82         } else {
 9403 2F61              ; 83             hl = FtpStateViewStatus1;
 9404 2F61 21 BC 2F     	ld hl, ftpstateviewstatus1
 9405 2F64              ; 84             a = FtpStateViewConnectColor;
 9406 2F64 3A 93 2F     	ld a, (ftpstateviewconnectcolor)
 9407 2F67              ; 85             c = a;
 9408 2F67 4F           	ld c, a
 9409 2F68              __l_655:
 9410 2F68              ; 86         }
 9411 2F68              ; 87         a = FtpStateViewX;
 9412 2F68 3A 8E 2F     	ld a, (ftpstateviewx)
 9413 2F6B              ; 88         a += 9;
 9414 2F6B C6 09        	add 9
 9415 2F6D              ; 89         d = a; // X
 9416 2F6D 57           	ld d, a
 9417 2F6E              ; 90         myCharPosX = a;
 9418 2F6E 32 E3 1D     	ld (mycharposx), a
 9419 2F71              ; 91         a = FtpStateViewY;
 9420 2F71 3A 8F 2F     	ld a, (ftpstateviewy)
 9421 2F74              ; 92         a += 2;
 9422 2F74 C6 02        	add 2
 9423 2F76              ; 93         e = a; // Y
 9424 2F76 5F           	ld e, a
 9425 2F77              ; 94         myCharPosY = a;
 9426 2F77 32 E4 1D     	ld (mycharposy), a
 9427 2F7A              ; 95         printMyHLStrLenA(a = 14);
 9428 2F7A 3E 0E        	ld a, 14
 9429 2F7C CD FC 1B     	call printmyhlstrlena
 9430 2F7F              ; 96         //COLOR BOX
 9431 2F7F              ; 97         h = d;
 9432 2F7F 62           	ld h, d
 9433 2F80              ; 98         l = e;
 9434 2F80 6B           	ld l, e
 9435 2F81              ; 99         d = 14;
 9436 2F81 16 0E        	ld d, 14
 9437 2F83              ; 100         e = 1;
 9438 2F83 1E 01        	ld e, 1
 9439 2F85              ; 101         a = 0;
 9440 2F85 3E 00        	ld a, 0
 9441 2F87              ; 102         vboxOpenHLDECA();
 9442 2F87 CD 86 4D     	call vboxopenhldeca
 9443 2F8A D1           	pop de
 9444 2F8B C1           	pop bc
 9445 2F8C E1           	pop hl
 9446 2F8D C9           	ret
 9447 2F8E              ; 103     }
 9448 2F8E              ; 104 }
 9449 2F8E              ; 105
 9450 2F8E              ; 106 uint8_t FtpStateViewX = 0;
 9451 2F8E              ftpstateviewx:
 9452 2F8E 00           	db 0
 9453 2F8F              ; 107 uint8_t FtpStateViewY = 0;
 9454 2F8F              ftpstateviewy:
 9455 2F8F 00           	db 0
 9456 2F90              ; 108 uint8_t FtpStateViewDX = 24;
 9457 2F90              ftpstateviewdx:
 9458 2F90 18           	db 24
 9459 2F91              ; 109 uint8_t FtpStateViewDY = 4;
 9460 2F91              ftpstateviewdy:
 9461 2F91 04           	db 4
 9462 2F92              ; 111 uint8_t FtpStateViewColor = 0x07; //0x5f; //0x67; 07
 9463 2F92              ftpstateviewcolor:
 9464 2F92 07           	db 7
 9465 2F93              ; 112 uint8_t FtpStateViewConnectColor = 0x02; //0x52;
 9466 2F93              ftpstateviewconnectcolor:
 9467 2F93 02           	db 2
 9468 2F94              ; 118 uint8_t FtpStateViewIpTitle[] =    "IP:";
 9469 2F94              ftpstateviewiptitle:
 9470 2F94 49           	db 73
 9471 2F95 50           	db 80
 9472 2F96 3A           	db 58
 9473 2F97 00           	ds 1
 9474 2F98              ; 119 uint8_t FtpStateViewStateTitle[] = "Status:";
 9475 2F98              ftpstateviewstatetitle:
 9476 2F98 53           	db 83
 9477 2F99 74           	db 116
 9478 2F9A 61           	db 97
 9479 2F9B 74           	db 116
 9480 2F9C 75           	db 117
 9481 2F9D 73           	db 115
 9482 2F9E 3A           	db 58
 9483 2F9F 00           	ds 1
 9484 2FA0              ; 120 uint8_t FtpStateViewIpValue[16] = "0.0.0.0";
 9485 2FA0              ftpstateviewipvalue:
 9486 2FA0 30           	db 48
 9487 2FA1 2E           	db 46
 9488 2FA2 30           	db 48
 9489 2FA3 2E           	db 46
 9490 2FA4 30           	db 48
 9491 2FA5 2E           	db 46
 9492 2FA6 30           	db 48
 9493 2FA7 00 00 00...  	ds 9
 9494 2FB0              ; 122 uint8_t FtpStateViewStatus = 0;
 9495 2FB0              ftpstateviewstatus:
 9496 2FB0 00           	db 0
 9497 2FB1              ; 123 uint8_t FtpStateViewStatus0[] = "DISCONNECT"; //a = 14
 9498 2FB1              ftpstateviewstatus0:
 9499 2FB1 44           	db 68
 9500 2FB2 49           	db 73
 9501 2FB3 53           	db 83
 9502 2FB4 43           	db 67
 9503 2FB5 4F           	db 79
 9504 2FB6 4E           	db 78
 9505 2FB7 4E           	db 78
 9506 2FB8 45           	db 69
 9507 2FB9 43           	db 67
 9508 2FBA 54           	db 84
 9509 2FBB 00           	ds 1
 9510 2FBC              ; 124 uint8_t FtpStateViewStatus1[] = "CONNECT"; //a = 14
 9511 2FBC              ftpstateviewstatus1:
 9512 2FBC 43           	db 67
 9513 2FBD 4F           	db 79
 9514 2FBE 4E           	db 78
 9515 2FBF 4E           	db 78
 9516 2FC0 45           	db 69
 9517 2FC1 43           	db 67
 9518 2FC2 54           	db 84
 9519 2FC3 00           	ds 1
 9520 2FC4              ; 11 void FtpSettingsViewShow() {
 9521 2FC4              ftpsettingsviewshow:
 9522 2FC4              ; 12     push_pop(bc, hl, de) {
 9523 2FC4 C5           	push bc
 9524 2FC5 E5           	push hl
 9525 2FC6 D5           	push de
 9526 2FC7              ; 13         CurrentViewChangeAndPushIdA(a = FtpSettingsViewId);
 9527 2FC7 3E 08        	ld a, 8
 9528 2FC9 CD 58 1E     	call currentviewchangeandpushida
 9529 2FCC              ; 14         //--
 9530 2FCC              ; 15         a = FtpSettingsViewX;
 9531 2FCC 3A 9F 32     	ld a, (ftpsettingsviewx)
 9532 2FCF              ; 16         h = a;
 9533 2FCF 67           	ld h, a
 9534 2FD0              ; 17         a = FtpSettingsViewY;
 9535 2FD0 3A A0 32     	ld a, (ftpsettingsviewy)
 9536 2FD3              ; 18         l = a;
 9537 2FD3 6F           	ld l, a
 9538 2FD4              ; 19         a = FtpSettingsViewDX;
 9539 2FD4 3A A1 32     	ld a, (ftpsettingsviewdx)
 9540 2FD7              ; 20         d = a;
 9541 2FD7 57           	ld d, a
 9542 2FD8              ; 21         a = FtpSettingsViewDY;
 9543 2FD8 3A A2 32     	ld a, (ftpsettingsviewdy)
 9544 2FDB              ; 22         e = a;
 9545 2FDB 5F           	ld e, a
 9546 2FDC              ; 23         a = FtpSettingsViewColor;
 9547 2FDC 3A A3 32     	ld a, (ftpsettingsviewcolor)
 9548 2FDF              ; 24         c = a;
 9549 2FDF 4F           	ld c, a
 9550 2FE0              ; 25         a = vboxCLW;
 9551 2FE0 3E 40        	ld a, 64
 9552 2FE2              ; 26         a |= vboxFRM;
 9553 2FE2 F6 20        	or 32
 9554 2FE4              ; 27         a |= vboxSDW;
 9555 2FE4 F6 10        	or 16
 9556 2FE6              ; 28         a |= vboxSAV;
 9557 2FE6 F6 08        	or 8
 9558 2FE8              ; 29         a |= vboxUMP;
 9559 2FE8 F6 04        	or 4
 9560 2FEA              ; 30         vboxOpenHLDECA();
 9561 2FEA CD 86 4D     	call vboxopenhldeca
 9562 2FED D1           	pop de
 9563 2FEE E1           	pop hl
 9564 2FEF C1           	pop bc
 9565 2FF0              ; 31     }
 9566 2FF0              ; 32     a = 0;
 9567 2FF0 3E 00        	ld a, 0
 9568 2FF2              ; 33     FtpSettingsViewSelectPos = a;
 9569 2FF2 32 A5 32     	ld (ftpsettingsviewselectpos), a
 9570 2FF5              ; 34     FtpSettingsViewShowTitle();
 9571 2FF5 CD 06 30     	call ftpsettingsviewshowtitle
 9572 2FF8              ; 35     FtpSettingsViewShowValue();
 9573 2FF8 CD BF 30     	call ftpsettingsviewshowvalue
 9574 2FFB              ; 36     FtpSettingsViewSelectLineA(a = 1);
 9575 2FFB 3E 01        	ld a, 1
 9576 2FFD C3 C4 31     	jp ftpsettingsviewselectlinea
 9577 3000              ; 37 }
 9578 3000              ; 38
 9579 3000              ; 39 void FtpSettingsViewClose() {
 9580 3000              ftpsettingsviewclose:
 9581 3000              ; 40     vboxClose();
 9582 3000 CD 9F 4E     	call vboxclose
 9583 3003              ; 41     CurrentViewReturn();
 9584 3003 C3 4F 1F     	jp currentviewreturn
 9585 3006              ; 42 }
 9586 3006              ; 43
 9587 3006              ; 44 void FtpSettingsViewShowTitle() {
 9588 3006              ftpsettingsviewshowtitle:
 9589 3006              ; 45     push_pop(hl, bc, de) {
 9590 3006 E5           	push hl
 9591 3007 C5           	push bc
 9592 3008 D5           	push de
 9593 3009              ; 46         // Title
 9594 3009              ; 47         a = FtpSettingsViewX;
 9595 3009 3A 9F 32     	ld a, (ftpsettingsviewx)
 9596 300C              ; 48         a += 7;
 9597 300C C6 07        	add 7
 9598 300E              ; 49         myCharPosX = a;
 9599 300E 32 E3 1D     	ld (mycharposx), a
 9600 3011              ; 50         a = FtpSettingsViewY;
 9601 3011 3A A0 32     	ld a, (ftpsettingsviewy)
 9602 3014              ; 51         a += 1; //2;
 9603 3014 C6 01        	add 1
 9604 3016              ; 52         myCharPosY = a;
 9605 3016 32 E4 1D     	ld (mycharposy), a
 9606 3019              ; 53         printMyHLStr(hl = FtpSettingsViewTitle);
 9607 3019 21 A6 32     	ld hl, ftpsettingsviewtitle
 9608 301C CD ED 1B     	call printmyhlstr
 9609 301F              ; 54         // LINE!!!
 9610 301F              ; 55         a = FtpSettingsViewX;
 9611 301F 3A 9F 32     	ld a, (ftpsettingsviewx)
 9612 3022              ; 56         a += 1;
 9613 3022 C6 01        	add 1
 9614 3024              ; 57         myCharPosX = a;
 9615 3024 32 E3 1D     	ld (mycharposx), a
 9616 3027              ; 58         a = FtpSettingsViewY;
 9617 3027 3A A0 32     	ld a, (ftpsettingsviewy)
 9618 302A              ; 59         a += 2;
 9619 302A C6 02        	add 2
 9620 302C              ; 60         myCharPosY = a;
 9621 302C 32 E4 1D     	ld (mycharposy), a
 9622 302F              ; 61         a = FtpSettingsViewDX;
 9623 302F 3A A1 32     	ld a, (ftpsettingsviewdx)
 9624 3032              ; 62         a -= 2;
 9625 3032 D6 02        	sub 2
 9626 3034              ; 63         b = a;
 9627 3034 47           	ld b, a
 9628 3035              ; 64         do {
 9629 3035              __l_656:
 9630 3035              ; 65             printMyCharA(a = 0x5F);
 9631 3035 3E 5F        	ld a, 95
 9632 3037 CD 4E 1C     	call printmychara
 9633 303A              ; 66             b--;
 9634 303A 05           	dec b
 9635 303B              __l_657:
 9636 303B              ; 67         } while ((a = b) > 0);
 9637 303B 78           	ld a, b
 9638 303C B7           	or a
 9639 303D C2 35 30     	jp nz, __l_656
 9640 3040              ; 68         // IP
 9641 3040              ; 69         a = FtpSettingsViewX;
 9642 3040 3A 9F 32     	ld a, (ftpsettingsviewx)
 9643 3043              ; 70         a += 2;
 9644 3043 C6 02        	add 2
 9645 3045              ; 71         b = a; // X
 9646 3045 47           	ld b, a
 9647 3046              ; 72         myCharPosX = a;
 9648 3046 32 E3 1D     	ld (mycharposx), a
 9649 3049              ; 73         a = FtpSettingsViewY;
 9650 3049 3A A0 32     	ld a, (ftpsettingsviewy)
 9651 304C              ; 74         a += 4;
 9652 304C C6 04        	add 4
 9653 304E              ; 75         c = a; // Y
 9654 304E 4F           	ld c, a
 9655 304F              ; 76         myCharPosY = a;
 9656 304F 32 E4 1D     	ld (mycharposy), a
 9657 3052              ; 77         printMyHLStr(hl = FtpSettingsViewTitleIP);
 9658 3052 21 B3 32     	ld hl, ftpsettingsviewtitleip
 9659 3055 CD ED 1B     	call printmyhlstr
 9660 3058              ; 78         // PORT
 9661 3058              ; 79         a = b;
 9662 3058 78           	ld a, b
 9663 3059              ; 80         myCharPosX = a;
 9664 3059 32 E3 1D     	ld (mycharposx), a
 9665 305C              ; 81         a = c;
 9666 305C 79           	ld a, c
 9667 305D              ; 82         a += 1;
 9668 305D C6 01        	add 1
 9669 305F              ; 83         myCharPosY = a;
 9670 305F 32 E4 1D     	ld (mycharposy), a
 9671 3062              ; 84         printMyHLStr(hl = FtpSettingsViewTitlePort);
 9672 3062 21 B9 32     	ld hl, ftpsettingsviewtitleport
 9673 3065 CD ED 1B     	call printmyhlstr
 9674 3068              ; 85         // USER
 9675 3068              ; 86         a = b;
 9676 3068 78           	ld a, b
 9677 3069              ; 87         myCharPosX = a;
 9678 3069 32 E3 1D     	ld (mycharposx), a
 9679 306C              ; 88         a = c;
 9680 306C 79           	ld a, c
 9681 306D              ; 89         a += 2;
 9682 306D C6 02        	add 2
 9683 306F              ; 90         myCharPosY = a;
 9684 306F 32 E4 1D     	ld (mycharposy), a
 9685 3072              ; 91         printMyHLStr(hl = FtpSettingsViewTitleUser);
 9686 3072 21 C5 32     	ld hl, ftpsettingsviewtitleuser
 9687 3075 CD ED 1B     	call printmyhlstr
 9688 3078              ; 92         // PASS
 9689 3078              ; 93         a = b;
 9690 3078 78           	ld a, b
 9691 3079              ; 94         myCharPosX = a;
 9692 3079 32 E3 1D     	ld (mycharposx), a
 9693 307C              ; 95         a = c;
 9694 307C 79           	ld a, c
 9695 307D              ; 96         a += 3;
 9696 307D C6 03        	add 3
 9697 307F              ; 97         myCharPosY = a;
 9698 307F 32 E4 1D     	ld (mycharposy), a
 9699 3082              ; 98         printMyHLStr(hl = WiFiSettingsViewTitlePass);
 9700 3082 21 47 1B     	ld hl, wifisettingsviewtitlepass
 9701 3085 CD ED 1B     	call printmyhlstr
 9702 3088              ; 99         // HOME dir
 9703 3088              ; 100         a = b;
 9704 3088 78           	ld a, b
 9705 3089              ; 101         myCharPosX = a;
 9706 3089 32 E3 1D     	ld (mycharposx), a
 9707 308C              ; 102         a = c;
 9708 308C 79           	ld a, c
 9709 308D              ; 103         a += 4;
 9710 308D C6 04        	add 4
 9711 308F              ; 104         myCharPosY = a;
 9712 308F 32 E4 1D     	ld (mycharposy), a
 9713 3092              ; 105         printMyHLStr(hl = FtpSettingsViewTitleHomeDir);
 9714 3092 21 BF 32     	ld hl, ftpsettingsviewtitlehomedir
 9715 3095 CD ED 1B     	call printmyhlstr
 9716 3098              ; 106         // Button
 9717 3098              ; 107         if ((a = FtpStateViewStatus) == 0) {
 9718 3098 3A B0 2F     	ld a, (ftpstateviewstatus)
 9719 309B B7           	or a
 9720 309C C2 A5 30     	jp nz, __l_659
 9721 309F              ; 108             bc = WiFiSettingsViewButtonTitle;
 9722 309F 01 53 1B     	ld bc, wifisettingsviewbuttontitle
 9723 30A2 C3 A8 30     	jp __l_660
 9724 30A5              __l_659:
 9725 30A5              ; 109         } else {
 9726 30A5              ; 110             bc = StringLocaleOK;
 9727 30A5 01 92 1F     	ld bc, stringlocaleok
 9728 30A8              __l_660:
 9729 30A8              ; 111         }
 9730 30A8              ; 112
 9731 30A8              ; 113         d = 13;
 9732 30A8 16 0D        	ld d, 13
 9733 30AA              ; 114         e = 3;
 9734 30AA 1E 03        	ld e, 3
 9735 30AC              ; 115         a = FtpSettingsViewX;
 9736 30AC 3A 9F 32     	ld a, (ftpsettingsviewx)
 9737 30AF              ; 116         a += 7;
 9738 30AF C6 07        	add 7
 9739 30B1              ; 117         h = a;
 9740 30B1 67           	ld h, a
 9741 30B2              ; 118         a = FtpSettingsViewY;
 9742 30B2 3A A0 32     	ld a, (ftpsettingsviewy)
 9743 30B5              ; 119         a += 10;
 9744 30B5 C6 0A        	add 10
 9745 30B7              ; 120         l = a;
 9746 30B7 6F           	ld l, a
 9747 30B8              ; 121         ButtonShadowViewShow();
 9748 30B8 CD 97 22     	call buttonshadowviewshow
 9749 30BB D1           	pop de
 9750 30BC C1           	pop bc
 9751 30BD E1           	pop hl
 9752 30BE C9           	ret
 9753 30BF              ; 122     }
 9754 30BF              ; 123 }
 9755 30BF              ; 124
 9756 30BF              ; 125 void FtpSettingsViewShowValue() {
 9757 30BF              ftpsettingsviewshowvalue:
 9758 30BF              ; 126     push_pop(hl, bc) {
 9759 30BF E5           	push hl
 9760 30C0 C5           	push bc
 9761 30C1              ; 127         // IP
 9762 30C1              ; 128         a = FtpSettingsViewX;
 9763 30C1 3A 9F 32     	ld a, (ftpsettingsviewx)
 9764 30C4              ; 129         a += 8;
 9765 30C4 C6 08        	add 8
 9766 30C6              ; 130         b = a; // X
 9767 30C6 47           	ld b, a
 9768 30C7              ; 131         myCharPosX = a;
 9769 30C7 32 E3 1D     	ld (mycharposx), a
 9770 30CA              ; 132         a = FtpSettingsViewY;
 9771 30CA 3A A0 32     	ld a, (ftpsettingsviewy)
 9772 30CD              ; 133         a += 4;
 9773 30CD C6 04        	add 4
 9774 30CF              ; 134         c = a; // Y
 9775 30CF 4F           	ld c, a
 9776 30D0              ; 135         myCharPosY = a;
 9777 30D0 32 E4 1D     	ld (mycharposy), a
 9778 30D3              ; 136         a = 18;
 9779 30D3 3E 12        	ld a, 18
 9780 30D5              ; 137         printMyHLStrLenA(hl = FtpStateViewIpValue);
 9781 30D5 21 A0 2F     	ld hl, ftpstateviewipvalue
 9782 30D8 CD FC 1B     	call printmyhlstrlena
 9783 30DB              ; 138         // PORT
 9784 30DB              ; 139         a = b;
 9785 30DB 78           	ld a, b
 9786 30DC              ; 140         myCharPosX = a;
 9787 30DC 32 E3 1D     	ld (mycharposx), a
 9788 30DF              ; 141         a = c;
 9789 30DF 79           	ld a, c
 9790 30E0              ; 142         a += 1;
 9791 30E0 C6 01        	add 1
 9792 30E2              ; 143         myCharPosY = a;
 9793 30E2 32 E4 1D     	ld (mycharposy), a
 9794 30E5              ; 144         a = 18;
 9795 30E5 3E 12        	ld a, 18
 9796 30E7              ; 145         printMyHLStrLenA(hl = FtpSettingsViewValuePort);
 9797 30E7 21 CB 32     	ld hl, ftpsettingsviewvalueport
 9798 30EA CD FC 1B     	call printmyhlstrlena
 9799 30ED              ; 146         // USER
 9800 30ED              ; 147         a = b;
 9801 30ED 78           	ld a, b
 9802 30EE              ; 148         myCharPosX = a;
 9803 30EE 32 E3 1D     	ld (mycharposx), a
 9804 30F1              ; 149         a = c;
 9805 30F1 79           	ld a, c
 9806 30F2              ; 150         a += 2;
 9807 30F2 C6 02        	add 2
 9808 30F4              ; 151         myCharPosY = a;
 9809 30F4 32 E4 1D     	ld (mycharposy), a
 9810 30F7              ; 152         a = 18;
 9811 30F7 3E 12        	ld a, 18
 9812 30F9              ; 153         printMyHLStrLenA(hl = FtpSettingsViewValueUser);
 9813 30F9 21 DB 32     	ld hl, ftpsettingsviewvalueuser
 9814 30FC CD FC 1B     	call printmyhlstrlena
 9815 30FF              ; 154         // PASS
 9816 30FF              ; 155         a = b;
 9817 30FF 78           	ld a, b
 9818 3100              ; 156         myCharPosX = a;
 9819 3100 32 E3 1D     	ld (mycharposx), a
 9820 3103              ; 157         a = c;
 9821 3103 79           	ld a, c
 9822 3104              ; 158         a += 3;
 9823 3104 C6 03        	add 3
 9824 3106              ; 159         myCharPosY = a;
 9825 3106 32 E4 1D     	ld (mycharposy), a
 9826 3109              ; 160         a = 18;
 9827 3109 3E 12        	ld a, 18
 9828 310B              ; 161         printMyHLPassLenA(hl = FtpSettingsViewValuePass);
 9829 310B 21 EB 32     	ld hl, ftpsettingsviewvaluepass
 9830 310E CD 24 1C     	call printmyhlpasslena
 9831 3111              ; 162         // HOME DIR
 9832 3111              ; 163         a = b;
 9833 3111 78           	ld a, b
 9834 3112              ; 164         myCharPosX = a;
 9835 3112 32 E3 1D     	ld (mycharposx), a
 9836 3115              ; 165         a = c;
 9837 3115 79           	ld a, c
 9838 3116              ; 166         a += 4;
 9839 3116 C6 04        	add 4
 9840 3118              ; 167         myCharPosY = a;
 9841 3118 32 E4 1D     	ld (mycharposy), a
 9842 311B              ; 168         a = 18;
 9843 311B 3E 12        	ld a, 18
 9844 311D              ; 169         printMyHLStrLenA(hl = FtpSettingsViewValueHomeDir);
 9845 311D 21 FB 32     	ld hl, ftpsettingsviewvaluehomedir
 9846 3120 CD FC 1B     	call printmyhlstrlena
 9847 3123 C1           	pop bc
 9848 3124 E1           	pop hl
 9849 3125 C9           	ret
 9850 3126              ; 170     }
 9851 3126              ; 171 }
 9852 3126              ; 172
 9853 3126              ; 173 /// вых [BC] -
 9854 3126              ; 174 void FtpSettingsViewByPosValue() {
 9855 3126              ftpsettingsviewbyposvalue:
 9856 3126              ; 175     if ((a = FtpSettingsViewSelectPos) == 1) {
 9857 3126 3A A5 32     	ld a, (ftpsettingsviewselectpos)
 9858 3129 FE 01        	cp 1
 9859 312B C2 34 31     	jp nz, __l_661
 9860 312E              ; 176         bc = FtpStateViewIpValue;
 9861 312E 01 A0 2F     	ld bc, ftpstateviewipvalue
 9862 3131 C3 6F 31     	jp __l_662
 9863 3134              __l_661:
 9864 3134              ; 177     } else if ((a = FtpSettingsViewSelectPos) == 2) {
 9865 3134 3A A5 32     	ld a, (ftpsettingsviewselectpos)
 9866 3137 FE 02        	cp 2
 9867 3139 C2 42 31     	jp nz, __l_663
 9868 313C              ; 178         bc = FtpSettingsViewValuePort;
 9869 313C 01 CB 32     	ld bc, ftpsettingsviewvalueport
 9870 313F C3 6F 31     	jp __l_664
 9871 3142              __l_663:
 9872 3142              ; 179     } else if ((a = FtpSettingsViewSelectPos) == 3) {
 9873 3142 3A A5 32     	ld a, (ftpsettingsviewselectpos)
 9874 3145 FE 03        	cp 3
 9875 3147 C2 50 31     	jp nz, __l_665
 9876 314A              ; 180         bc = FtpSettingsViewValueUser;
 9877 314A 01 DB 32     	ld bc, ftpsettingsviewvalueuser
 9878 314D C3 6F 31     	jp __l_666
 9879 3150              __l_665:
 9880 3150              ; 181     } else if ((a = FtpSettingsViewSelectPos) == 4) {
 9881 3150 3A A5 32     	ld a, (ftpsettingsviewselectpos)
 9882 3153 FE 04        	cp 4
 9883 3155 C2 5E 31     	jp nz, __l_667
 9884 3158              ; 182         bc = FtpSettingsViewValuePass;
 9885 3158 01 EB 32     	ld bc, ftpsettingsviewvaluepass
 9886 315B C3 6F 31     	jp __l_668
 9887 315E              __l_667:
 9888 315E              ; 183     } else if ((a = FtpSettingsViewSelectPos) == 5) {
 9889 315E 3A A5 32     	ld a, (ftpsettingsviewselectpos)
 9890 3161 FE 05        	cp 5
 9891 3163 C2 6C 31     	jp nz, __l_669
 9892 3166              ; 184         bc = FtpSettingsViewValueHomeDir;
 9893 3166 01 FB 32     	ld bc, ftpsettingsviewvaluehomedir
 9894 3169 C3 6F 31     	jp __l_670
 9895 316C              __l_669:
 9896 316C              ; 185     } else {
 9897 316C              ; 186         bc = 0;
 9898 316C 01 00 00     	ld bc, 0
 9899 316F              __l_670:
 9900 316F              __l_668:
 9901 316F              __l_666:
 9902 316F              __l_664:
 9903 316F              __l_662:
 9904 316F C9           	ret
 9905 3170              ; 187     }
 9906 3170              ; 188 }
 9907 3170              ; 189
 9908 3170              ; 190 /// вых [HL] -
 9909 3170              ; 191 /// вых [DE]-
 9910 3170              ; 192 void FtpSettingsViewByPosBoxValue() {
 9911 3170              ftpsettingsviewbyposboxvalue:
 9912 3170              ; 193     push_pop(bc) {
 9913 3170 C5           	push bc
 9914 3171              ; 194         // HL
 9915 3171              ; 195         a = FtpSettingsViewSelectPos;
 9916 3171 3A A5 32     	ld a, (ftpsettingsviewselectpos)
 9917 3174              ; 196         b = a;
 9918 3174 47           	ld b, a
 9919 3175              ; 197         a = FtpSettingsViewY;
 9920 3175 3A A0 32     	ld a, (ftpsettingsviewy)
 9921 3178              ; 198         a += 3;
 9922 3178 C6 03        	add 3
 9923 317A              ; 199         a += b;
 9924 317A 80           	add b
 9925 317B              ; 200         l = a;
 9926 317B 6F           	ld l, a
 9927 317C              ; 201         a = FtpSettingsViewX;
 9928 317C 3A 9F 32     	ld a, (ftpsettingsviewx)
 9929 317F              ; 202         a += 7;
 9930 317F C6 07        	add 7
 9931 3181              ; 203         h = a;
 9932 3181 67           	ld h, a
 9933 3182              ; 204         // DE
 9934 3182              ; 205         a = FtpSettingsViewDX;
 9935 3182 3A A1 32     	ld a, (ftpsettingsviewdx)
 9936 3185              ; 206         a -= 8;
 9937 3185 D6 08        	sub 8
 9938 3187              ; 207         d = a;
 9939 3187 57           	ld d, a
 9940 3188              ; 208         a = 1;
 9941 3188 3E 01        	ld a, 1
 9942 318A              ; 209         e = a;
 9943 318A 5F           	ld e, a
 9944 318B C1           	pop bc
 9945 318C C9           	ret
 9946 318D              ; 210     }
 9947 318D              ; 211 }
 9948 318D              ; 212
 9949 318D              ; 213 /// Обновление позиции
 9950 318D              ; 214 /// вх[A]
 9951 318D              ; 215 /// 0 - без изменений
 9952 318D              ; 216 /// 1 - вверх
 9953 318D              ; 217 /// 0xFF - вниз
 9954 318D              ; 218 void FtpSettingsViewPosUpdateA() {
 9955 318D              ftpsettingsviewposupdatea:
 9956 318D              ; 219     push_pop(bc) {
 9957 318D C5           	push bc
 9958 318E              ; 220         b = a;
 9959 318E 47           	ld b, a
 9960 318F              ; 221         if (a == 0) {
 9961 318F B7           	or a
 9962 3190 C2 9B 31     	jp nz, __l_671
 9963 3193              ; 222             FtpSettingsViewSelectLineA(a = 1);
 9964 3193 3E 01        	ld a, 1
 9965 3195 CD C4 31     	call ftpsettingsviewselectlinea
 9966 3198 C3 C2 31     	jp __l_672
 9967 319B              __l_671:
 9968 319B              ; 223         } else {
 9969 319B              ; 224             a = 6;
 9970 319B 3E 06        	ld a, 6
 9971 319D              ; 225             c = a;
 9972 319D 4F           	ld c, a
 9973 319E              ; 226             FtpSettingsViewSelectLineA(a = 0);
 9974 319E 3E 00        	ld a, 0
 9975 31A0 CD C4 31     	call ftpsettingsviewselectlinea
 9976 31A3              ; 227             a = FtpSettingsViewSelectPos;
 9977 31A3 3A A5 32     	ld a, (ftpsettingsviewselectpos)
 9978 31A6              ; 228             a += b;
 9979 31A6 80           	add b
 9980 31A7              ; 229             b = a;
 9981 31A7 47           	ld b, a
 9982 31A8              ; 230             //-- FIX
 9983 31A8              ; 231             if ((a = b) == 0xFF) {
 9984 31A8 78           	ld a, b
 9985 31A9 FE FF        	cp 255
 9986 31AB C2 B3 31     	jp nz, __l_673
 9987 31AE              ; 232                 a = c;
 9988 31AE 79           	ld a, c
 9989 31AF              ; 233                 a--;
 9990 31AF 3D           	dec a
 9991 31B0 C3 BA 31     	jp __l_674
 9992 31B3              __l_673:
 9993 31B3              ; 234             } else if ((a = b) == c) {
 9994 31B3 78           	ld a, b
 9995 31B4 B9           	cp c
 9996 31B5 C2 BA 31     	jp nz, __l_675
 9997 31B8              ; 235                 a = 0;
 9998 31B8 3E 00        	ld a, 0
 9999 31BA              __l_675:
10000 31BA              __l_674:
10001 31BA              ; 236             }
10002 31BA              ; 237             //--
10003 31BA              ; 238             FtpSettingsViewSelectPos = a;
10004 31BA 32 A5 32     	ld (ftpsettingsviewselectpos), a
10005 31BD              ; 239             FtpSettingsViewSelectLineA(a = 1);
10006 31BD 3E 01        	ld a, 1
10007 31BF CD C4 31     	call ftpsettingsviewselectlinea
10008 31C2              __l_672:
10009 31C2 C1           	pop bc
10010 31C3 C9           	ret
10011 31C4              ; 240         }
10012 31C4              ; 241     }
10013 31C4              ; 242 }
10014 31C4              ; 243
10015 31C4              ; 244 /// Рисование линии прямым или инверсным цветом
10016 31C4              ; 245 /// 0 - прямой
10017 31C4              ; 246 /// 1 - инверсный
10018 31C4              ; 247 void FtpSettingsViewSelectLineA() {
10019 31C4              ftpsettingsviewselectlinea:
10020 31C4              ; 248     push_pop(bc, hl) {
10021 31C4 C5           	push bc
10022 31C5 E5           	push hl
10023 31C6              ; 249         c = a;
10024 31C6 4F           	ld c, a
10025 31C7              ; 250         // 0 - Button
10026 31C7              ; 251         if ((a = FtpSettingsViewSelectPos) == 0) {
10027 31C7 3A A5 32     	ld a, (ftpsettingsviewselectpos)
10028 31CA B7           	or a
10029 31CB C2 D5 31     	jp nz, __l_677
10030 31CE              ; 252             ButtonShadowViewSelectA(a = c);
10031 31CE 79           	ld a, c
10032 31CF CD C0 22     	call buttonshadowviewselecta
10033 31D2 C3 EC 31     	jp __l_678
10034 31D5              __l_677:
10035 31D5              ; 253         } else {
10036 31D5              ; 254             FtpSettingsViewByPosBoxValue();
10037 31D5 CD 70 31     	call ftpsettingsviewbyposboxvalue
10038 31D8              ; 255             // C
10039 31D8              ; 256             if ((a = c) == 0) {
10040 31D8 79           	ld a, c
10041 31D9 B7           	or a
10042 31DA C2 E3 31     	jp nz, __l_679
10043 31DD              ; 257                 a = FtpSettingsViewColor;
10044 31DD 3A A3 32     	ld a, (ftpsettingsviewcolor)
10045 31E0 C3 E6 31     	jp __l_680
10046 31E3              __l_679:
10047 31E3              ; 258             } else {
10048 31E3              ; 259                 a = FtpSettingsViewInvColor;
10049 31E3 3A A4 32     	ld a, (ftpsettingsviewinvcolor)
10050 31E6              __l_680:
10051 31E6              ; 260             }
10052 31E6              ; 261             c = a;
10053 31E6 4F           	ld c, a
10054 31E7              ; 262             // A
10055 31E7              ; 263             a = vboxUMP;
10056 31E7 3E 04        	ld a, 4
10057 31E9              ; 264             vboxOpenHLDECA();
10058 31E9 CD 86 4D     	call vboxopenhldeca
10059 31EC              __l_678:
10060 31EC E1           	pop hl
10061 31ED C1           	pop bc
10062 31EE C9           	ret
10063 31EF              ; 265         }
10064 31EF              ; 266     }
10065 31EF              ; 267 }
10066 31EF              ; 268
10067 31EF              ; 269 void FtpSettingsViewKeyA() {
10068 31EF              ftpsettingsviewkeya:
10069 31EF              ; 270     push_pop(hl) {
10070 31EF E5           	push hl
10071 31F0              ; 271         l = a;
10072 31F0 6F           	ld l, a
10073 31F1              ; 272         if ((a = c) == 0) {
10074 31F1 79           	ld a, c
10075 31F2 B7           	or a
10076 31F3 C2 9D 32     	jp nz, __l_681
10077 31F6              ; 273             if ((a = CurrentViewId) == FtpSettingsViewId) {
10078 31F6 3A 8F 1F     	ld a, (currentviewid)
10079 31F9 FE 08        	cp 8
10080 31FB C2 9D 32     	jp nz, __l_683
10081 31FE              ; 274                 if ((a = l) == 0x1B) { //ESC выход
10082 31FE 7D           	ld a, l
10083 31FF FE 1B        	cp 27
10084 3201 C2 0A 32     	jp nz, __l_685
10085 3204              ; 275                     FtpSettingsViewClose();
10086 3204 CD 00 30     	call ftpsettingsviewclose
10087 3207 C3 9D 32     	jp __l_686
10088 320A              __l_685:
10089 320A              ; 276                 } else if ((a = l) == 0x0D) { // Выбор
10090 320A 7D           	ld a, l
10091 320B FE 0D        	cp 13
10092 320D C2 84 32     	jp nz, __l_687
10093 3210              ; 277                     if ((a = FtpSettingsViewSelectPos) == 0) { // OK
10094 3210 3A A5 32     	ld a, (ftpsettingsviewselectpos)
10095 3213 B7           	or a
10096 3214 C2 2A 32     	jp nz, __l_689
10097 3217              ; 278                         WiFiSettingsViewClose();
10098 3217 CD 13 1A     	call wifisettingsviewclose
10099 321A              ; 279                         if ((a = FtpStateViewStatus) == 0) {
10100 321A 3A B0 2F     	ld a, (ftpstateviewstatus)
10101 321D B7           	or a
10102 321E C2 27 32     	jp nz, __l_691
10103 3221              ; 280                             NetFtpConnect();
10104 3221 CD 11 14     	call netftpconnect
10105 3224              ; 281                             ThreadsTickNow();
10106 3224 CD B3 25     	call threadsticknow
10107 3227              __l_691:
10108 3227 C3 81 32     	jp __l_690
10109 322A              __l_689:
10110 322A              ; 282                         }
10111 322A              ; 283                     } else { // Переход в редактирование
10112 322A              ; 284                         FtpSettingsViewByPosBoxValue();
10113 322A CD 70 31     	call ftpsettingsviewbyposboxvalue
10114 322D              ; 285                         FtpSettingsViewByPosValue();
10115 322D CD 26 31     	call ftpsettingsviewbyposvalue
10116 3230              ; 286                         EditFieldViewShow();
10117 3230 CD 37 23     	call editfieldviewshow
10118 3233              ; 287                         if (a == 1) { // что то изменилось
10119 3233 FE 01        	cp 1
10120 3235 C2 81 32     	jp nz, __l_693
10121 3238              ; 288                             if ((a = FtpSettingsViewSelectPos) == 5) {
10122 3238 3A A5 32     	ld a, (ftpsettingsviewselectpos)
10123 323B FE 05        	cp 5
10124 323D C2 46 32     	jp nz, __l_695
10125 3240              ; 289                                 ThreadsNetFtpHomeDirUpdate();
10126 3240 CD B9 26     	call threadsnetftphomedirupdate
10127 3243 C3 7E 32     	jp __l_696
10128 3246              __l_695:
10129 3246              ; 290                             } else if ((a = FtpSettingsViewSelectPos) == 3) {
10130 3246 3A A5 32     	ld a, (ftpsettingsviewselectpos)
10131 3249 FE 03        	cp 3
10132 324B C2 54 32     	jp nz, __l_697
10133 324E              ; 291                                 ThreadsNetFtpUserUpdate();
10134 324E CD BF 26     	call threadsnetftpuserupdate
10135 3251 C3 7E 32     	jp __l_698
10136 3254              __l_697:
10137 3254              ; 292                             } else if ((a = FtpSettingsViewSelectPos) == 4) {
10138 3254 3A A5 32     	ld a, (ftpsettingsviewselectpos)
10139 3257 FE 04        	cp 4
10140 3259 C2 62 32     	jp nz, __l_699
10141 325C              ; 293                                 ThreadsNetFtpPasswordUpdate();
10142 325C CD C5 26     	call threadsnetftppasswordupdate
10143 325F C3 7E 32     	jp __l_700
10144 3262              __l_699:
10145 3262              ; 294                             } else if ((a = FtpSettingsViewSelectPos) == 1) { // IP
10146 3262 3A A5 32     	ld a, (ftpsettingsviewselectpos)
10147 3265 FE 01        	cp 1
10148 3267 C2 73 32     	jp nz, __l_701
10149 326A              ; 295                                 ThreadsNetFtpServerUrlUpdate();
10150 326A CD CB 26     	call threadsnetftpserverurlupdate
10151 326D              ; 296                                 FtpStateViewShowValue();
10152 326D CD 2F 2F     	call ftpstateviewshowvalue
10153 3270 C3 7E 32     	jp __l_702
10154 3273              __l_701:
10155 3273              ; 297                             } else if ((a = FtpSettingsViewSelectPos) == 2) { // PORT
10156 3273 3A A5 32     	ld a, (ftpsettingsviewselectpos)
10157 3276 FE 02        	cp 2
10158 3278 C2 7E 32     	jp nz, __l_703
10159 327B              ; 298                                 ThreadsNetFtpPortUpdate();
10160 327B CD D1 26     	call threadsnetftpportupdate
10161 327E              __l_703:
10162 327E              __l_702:
10163 327E              __l_700:
10164 327E              __l_698:
10165 327E              __l_696:
10166 327E              ; 299                             }
10167 327E              ; 300                             FtpSettingsViewShowValue();
10168 327E CD BF 30     	call ftpsettingsviewshowvalue
10169 3281              __l_693:
10170 3281              __l_690:
10171 3281 C3 9D 32     	jp __l_688
10172 3284              __l_687:
10173 3284              ; 301                         }
10174 3284              ; 302                     }
10175 3284              ; 303                 } else if ((a = l) == 0x1A) { //down
10176 3284 7D           	ld a, l
10177 3285 FE 1A        	cp 26
10178 3287 C2 92 32     	jp nz, __l_705
10179 328A              ; 304                     FtpSettingsViewPosUpdateA(a = 0x01);
10180 328A 3E 01        	ld a, 1
10181 328C CD 8D 31     	call ftpsettingsviewposupdatea
10182 328F C3 9D 32     	jp __l_706
10183 3292              __l_705:
10184 3292              ; 305                 } else if ((a = l) == 0x19) { //up
10185 3292 7D           	ld a, l
10186 3293 FE 19        	cp 25
10187 3295 C2 9D 32     	jp nz, __l_707
10188 3298              ; 306                     FtpSettingsViewPosUpdateA(a = 0xFF);
10189 3298 3E FF        	ld a, 255
10190 329A CD 8D 31     	call ftpsettingsviewposupdatea
10191 329D              __l_707:
10192 329D              __l_706:
10193 329D              __l_688:
10194 329D              __l_686:
10195 329D              __l_683:
10196 329D              __l_681:
10197 329D E1           	pop hl
10198 329E C9           	ret
10199 329F              ; 307                 }
10200 329F              ; 308             }
10201 329F              ; 309         }
10202 329F              ; 310     }
10203 329F              ; 311 }
10204 329F              ; 312
10205 329F              ; 313 uint8_t FtpSettingsViewX = 11;
10206 329F              ftpsettingsviewx:
10207 329F 0B           	db 11
10208 32A0              ; 314 uint8_t FtpSettingsViewY = 9;
10209 32A0              ftpsettingsviewy:
10210 32A0 09           	db 9
10211 32A1              ; 315 uint8_t FtpSettingsViewDX = 27;
10212 32A1              ftpsettingsviewdx:
10213 32A1 1B           	db 27
10214 32A2              ; 316 uint8_t FtpSettingsViewDY = 15;
10215 32A2              ftpsettingsviewdy:
10216 32A2 0F           	db 15
10217 32A3              ; 317 uint8_t FtpSettingsViewColor = 0x70;
10218 32A3              ftpsettingsviewcolor:
10219 32A3 70           	db 112
10220 32A4              ; 318 uint8_t FtpSettingsViewInvColor = 0x07;
10221 32A4              ftpsettingsviewinvcolor:
10222 32A4 07           	db 7
10223 32A5              ; 320 uint8_t FtpSettingsViewSelectPos = 1; //0
10224 32A5              ftpsettingsviewselectpos:
10225 32A5 01           	db 1
10226 32A6              ; 322 uint8_t FtpSettingsViewTitle[] = "FTP settings";
10227 32A6              ftpsettingsviewtitle:
10228 32A6 46           	db 70
10229 32A7 54           	db 84
10230 32A8 50           	db 80
10231 32A9 20           	db 32
10232 32AA 73           	db 115
10233 32AB 65           	db 101
10234 32AC 74           	db 116
10235 32AD 74           	db 116
10236 32AE 69           	db 105
10237 32AF 6E           	db 110
10238 32B0 67           	db 103
10239 32B1 73           	db 115
10240 32B2 00           	ds 1
10241 32B3              ; 323 uint8_t FtpSettingsViewTitleIP[] =      "  IP:";
10242 32B3              ftpsettingsviewtitleip:
10243 32B3 20           	db 32
10244 32B4 20           	db 32
10245 32B5 49           	db 73
10246 32B6 50           	db 80
10247 32B7 3A           	db 58
10248 32B8 00           	ds 1
10249 32B9              ; 324 uint8_t FtpSettingsViewTitlePort[] =    "Port:";
10250 32B9              ftpsettingsviewtitleport:
10251 32B9 50           	db 80
10252 32BA 6F           	db 111
10253 32BB 72           	db 114
10254 32BC 74           	db 116
10255 32BD 3A           	db 58
10256 32BE 00           	ds 1
10257 32BF              ; 325 uint8_t FtpSettingsViewTitleHomeDir[] = "Home:";
10258 32BF              ftpsettingsviewtitlehomedir:
10259 32BF 48           	db 72
10260 32C0 6F           	db 111
10261 32C1 6D           	db 109
10262 32C2 65           	db 101
10263 32C3 3A           	db 58
10264 32C4 00           	ds 1
10265 32C5              ; 326 uint8_t FtpSettingsViewTitleUser[] = "User:";
10266 32C5              ftpsettingsviewtitleuser:
10267 32C5 55           	db 85
10268 32C6 73           	db 115
10269 32C7 65           	db 101
10270 32C8 72           	db 114
10271 32C9 3A           	db 58
10272 32CA 00           	ds 1
10273 32CB              ; 328 uint8_t FtpSettingsViewValuePort[16] = "21";
10274 32CB              ftpsettingsviewvalueport:
10275 32CB 32           	db 50
10276 32CC 31           	db 49
10277 32CD 00 00 00...  	ds 14
10278 32DB              ; 329 uint8_t FtpSettingsViewValueUser[16] = "-";
10279 32DB              ftpsettingsviewvalueuser:
10280 32DB 2D           	db 45
10281 32DC 00 00 00...  	ds 15
10282 32EB              ; 330 uint8_t FtpSettingsViewValuePass[16] = "-";
10283 32EB              ftpsettingsviewvaluepass:
10284 32EB 2D           	db 45
10285 32EC 00 00 00...  	ds 15
10286 32FB              ; 331 uint8_t FtpSettingsViewValueHomeDir[16] = "/";
10287 32FB              ftpsettingsviewvaluehomedir:
10288 32FB 2F           	db 47
10289 32FC 00 00 00...  	ds 15
10290 330B              ; 11 void FtpViewShow() {
10291 330B              ftpviewshow:
10292 330B              ; 12     push_pop(bc, hl, de) {
10293 330B C5           	push bc
10294 330C E5           	push hl
10295 330D D5           	push de
10296 330E              ; 13         a = FtpViewX;
10297 330E 3A 35 37     	ld a, (ftpviewx)
10298 3311              ; 14         h = a;
10299 3311 67           	ld h, a
10300 3312              ; 15         a = FtpViewY;
10301 3312 3A 36 37     	ld a, (ftpviewy)
10302 3315              ; 16         l = a;
10303 3315 6F           	ld l, a
10304 3316              ; 17         a = FtpViewDX;
10305 3316 3A 37 37     	ld a, (ftpviewdx)
10306 3319              ; 18         d = a;
10307 3319 57           	ld d, a
10308 331A              ; 19         a = FtpViewDY;
10309 331A 3A 38 37     	ld a, (ftpviewdy)
10310 331D              ; 20         e = a;
10311 331D 5F           	ld e, a
10312 331E              ; 21         a = FtpViewColor;
10313 331E 3A 39 37     	ld a, (ftpviewcolor)
10314 3321              ; 22         vboxOpenHLDE();
10315 3321 CD 55 4E     	call vboxopenhlde
10316 3324              ; 23         vboxBorderHLDE();
10317 3324 CD C1 4D     	call vboxborderhlde
10318 3327              ; 24         FtpViewShowTitle();
10319 3327 CD 31 33     	call ftpviewshowtitle
10320 332A              ; 25
10321 332A              ; 26         #ifdef _IS_SIMULATOR
10322 332A              ; 27             FtpViewShowFileList();
10323 332A              ; 28             FtpViewShowPath();
10324 332A              ; 29             a = 0;
10325 332A              ; 30             FtpViewFileCurrentPos = a;
10326 332A              ; 31             FtpViewShowSelectLineA(a = 1);
10327 332A              ; 32         #else
10328 332A              ; 33             FtpViewNetLoadAndUpdate();
10329 332A CD A0 36     	call ftpviewnetloadandupdate
10330 332D D1           	pop de
10331 332E E1           	pop hl
10332 332F C1           	pop bc
10333 3330 C9           	ret
10334 3331              ; 34         #endif
10335 3331              ; 35     }
10336 3331              ; 36 }
10337 3331              ; 37
10338 3331              ; 38 void FtpViewShowTitle() {
10339 3331              ftpviewshowtitle:
10340 3331              ; 39     a = FtpViewX;
10341 3331 3A 35 37     	ld a, (ftpviewx)
10342 3334              ; 40     a++;
10343 3334 3C           	inc a
10344 3335              ; 41     myCharPosX = a;
10345 3335 32 E3 1D     	ld (mycharposx), a
10346 3338              ; 42     a = FtpViewY;
10347 3338 3A 36 37     	ld a, (ftpviewy)
10348 333B              ; 43     myCharPosY = a;
10349 333B 32 E4 1D     	ld (mycharposy), a
10350 333E              ; 44     printMyHLStr(hl = FtpViewTitle);
10351 333E 21 3B 37     	ld hl, ftpviewtitle
10352 3341 C3 ED 1B     	jp printmyhlstr
10353 3344              ; 45 }
10354 3344              ; 46
10355 3344              ; 47 void FtpViewShowFileList() {
10356 3344              ftpviewshowfilelist:
10357 3344              ; 48     //-- нельзя обновлять, если есть хоть какое то открытое окно
10358 3344              ; 49     CurrentViewDiskOrFtpViewByIdA(a = CurrentViewId);
10359 3344 3A 8F 1F     	ld a, (currentviewid)
10360 3347 CD 55 1F     	call currentviewdiskorftpviewbyida
10361 334A              ; 50     if (a == 0) {
10362 334A B7           	or a
10363 334B C2 4F 33     	jp nz, __l_709
10364 334E              ; 51         return;
10365 334E C9           	ret
10366 334F              __l_709:
10367 334F              ; 52     }
10368 334F              ; 53     //--
10369 334F              ; 54     push_pop(bc, de, hl) {
10370 334F C5           	push bc
10371 3350 D5           	push de
10372 3351 E5           	push hl
10373 3352              ; 55         b = 0;
10374 3352 06 00        	ld b, 0
10375 3354              ; 56         a = FtpViewFilesListCount;
10376 3354 3A 52 37     	ld a, (ftpviewfileslistcount)
10377 3357              ; 57         hl = FtpViewFilesList;
10378 3357 21 53 37     	ld hl, ftpviewfileslist
10379 335A              ; 58         c = a;
10380 335A 4F           	ld c, a
10381 335B              ; 59         do {
10382 335B              __l_711:
10383 335B              ; 60             a = FtpViewY;
10384 335B 3A 36 37     	ld a, (ftpviewy)
10385 335E              ; 61             a += 2;
10386 335E C6 02        	add 2
10387 3360              ; 62             a += b;
10388 3360 80           	add b
10389 3361              ; 63             myCharPosY = a;
10390 3361 32 E4 1D     	ld (mycharposy), a
10391 3364              ; 64             FtpViewShowFileHL();
10392 3364 CD B7 33     	call ftpviewshowfilehl
10393 3367              ; 65             // HL + 16 next file
10394 3367              ; 66             a ^= a;
10395 3367 AF           	xor a
10396 3368              ; 67             a = 16;
10397 3368 3E 10        	ld a, 16
10398 336A              ; 68             a += l;
10399 336A 85           	add l
10400 336B              ; 69             l = a;
10401 336B 6F           	ld l, a
10402 336C              ; 70             if (flag_c) {
10403 336C D2 70 33     	jp nc, __l_714
10404 336F              ; 71                 h++;
10405 336F 24           	inc h
10406 3370              __l_714:
10407 3370              ; 72             }
10408 3370              ; 73             b++;
10409 3370 04           	inc b
10410 3371              __l_712:
10411 3371              ; 74         } while ((a = b) < c);
10412 3371 78           	ld a, b
10413 3372 B9           	cp c
10414 3373 DA 5B 33     	jp c, __l_711
10415 3376              ; 75         // Заполнить пустыми строками
10416 3376              ; 76         a = FtpViewX;
10417 3376 3A 35 37     	ld a, (ftpviewx)
10418 3379              ; 77         a += 1;
10419 3379 C6 01        	add 1
10420 337B              ; 78         d = a; // X
10421 337B 57           	ld d, a
10422 337C              ; 79         a = FtpViewY;
10423 337C 3A 36 37     	ld a, (ftpviewy)
10424 337F              ; 80         a += 2;
10425 337F C6 02        	add 2
10426 3381              ; 81         e = a; // Y
10427 3381 5F           	ld e, a
10428 3382              ; 82         //--
10429 3382              ; 83         a = FtpViewFilesListCount;
10430 3382 3A 52 37     	ld a, (ftpviewfileslistcount)
10431 3385              ; 84         b = a;
10432 3385 47           	ld b, a
10433 3386              ; 85         // PosY
10434 3386              ; 86         a = e;
10435 3386 7B           	ld a, e
10436 3387              ; 87         a += b;
10437 3387 80           	add b
10438 3388              ; 88         e = a;
10439 3388 5F           	ld e, a
10440 3389              ; 89         //
10441 3389              ; 90         a = FtpViewDY;
10442 3389 3A 38 37     	ld a, (ftpviewdy)
10443 338C              ; 91         a -= 4;
10444 338C D6 04        	sub 4
10445 338E              ; 92         a -= b;
10446 338E 90           	sub b
10447 338F              ; 93         b = a;
10448 338F 47           	ld b, a
10449 3390              ; 94         c = 0;
10450 3390 0E 00        	ld c, 0
10451 3392              ; 95         do {
10452 3392              __l_716:
10453 3392              ; 96             a = d;
10454 3392 7A           	ld a, d
10455 3393              ; 97             myCharPosX = a;
10456 3393 32 E3 1D     	ld (mycharposx), a
10457 3396              ; 98             a = e;
10458 3396 7B           	ld a, e
10459 3397              ; 99             a += c;
10460 3397 81           	add c
10461 3398              ; 100             myCharPosY = a;
10462 3398 32 E4 1D     	ld (mycharposy), a
10463 339B              ; 101             //
10464 339B              ; 102             a = FtpViewDX;
10465 339B 3A 37 37     	ld a, (ftpviewdx)
10466 339E              ; 103             a -= 3;
10467 339E D6 03        	sub 3
10468 33A0              ; 104             h = a;
10469 33A0 67           	ld h, a
10470 33A1              ; 105             do {
10471 33A1              __l_719:
10472 33A1              ; 106                 printMyCharA(a = ' ');
10473 33A1 3E 20        	ld a, 32
10474 33A3 CD 4E 1C     	call printmychara
10475 33A6              ; 107                 h--;
10476 33A6 25           	dec h
10477 33A7              __l_720:
10478 33A7              ; 108             } while ((a = h) > 0);
10479 33A7 7C           	ld a, h
10480 33A8 B7           	or a
10481 33A9 C2 A1 33     	jp nz, __l_719
10482 33AC              ; 109             b--;
10483 33AC 05           	dec b
10484 33AD              ; 110             c++;
10485 33AD 0C           	inc c
10486 33AE              __l_717:
10487 33AE              ; 111         } while ((a = b) > 0);
10488 33AE 78           	ld a, b
10489 33AF B7           	or a
10490 33B0 C2 92 33     	jp nz, __l_716
10491 33B3 E1           	pop hl
10492 33B4 D1           	pop de
10493 33B5 C1           	pop bc
10494 33B6 C9           	ret
10495 33B7              ; 112     }
10496 33B7              ; 113 }
10497 33B7              ; 114
10498 33B7              ; 115 void FtpViewShowFileHL() {
10499 33B7              ftpviewshowfilehl:
10500 33B7              ; 116     push_pop(bc, hl) {
10501 33B7 C5           	push bc
10502 33B8 E5           	push hl
10503 33B9              ; 117         if ((a = b) == 0) {
10504 33B9 78           	ld a, b
10505 33BA B7           	or a
10506 33BB C2 C4 33     	jp nz, __l_722
10507 33BE              ; 118             FtpViewShowFileName();
10508 33BE CD F1 33     	call ftpviewshowfilename
10509 33C1 C3 CD 33     	jp __l_723
10510 33C4              __l_722:
10511 33C4              ; 119         } else {
10512 33C4              ; 120             FtpViewShowFileName();
10513 33C4 CD F1 33     	call ftpviewshowfilename
10514 33C7              ; 121             FtpViewShowFileSize();
10515 33C7 CD 07 34     	call ftpviewshowfilesize
10516 33CA              ; 122             FtpViewShowFileDate();
10517 33CA CD 97 34     	call ftpviewshowfiledate
10518 33CD              __l_723:
10519 33CD E1           	pop hl
10520 33CE C1           	pop bc
10521 33CF C9           	ret
10522 33D0              ; 123         }
10523 33D0              ; 124     }
10524 33D0              ; 125 }
10525 33D0              ; 126
10526 33D0              ; 127 // A = 1 - Dir
10527 33D0              ; 128 void FtpViewShowIsDirA() {
10528 33D0              ftpviewshowisdira:
10529 33D0              ; 129     push_pop(bc) {
10530 33D0 C5           	push bc
10531 33D1              ; 130         a &= 0x01;
10532 33D1 E6 01        	and 1
10533 33D3              ; 131         b = a;
10534 33D3 47           	ld b, a
10535 33D4              ; 132         a = FtpViewX;
10536 33D4 3A 35 37     	ld a, (ftpviewx)
10537 33D7              ; 133         a += 1;
10538 33D7 C6 01        	add 1
10539 33D9              ; 134         myCharPosX = a;
10540 33D9 32 E3 1D     	ld (mycharposx), a
10541 33DC              ; 135         if ((a = b) == 1) {
10542 33DC 78           	ld a, b
10543 33DD FE 01        	cp 1
10544 33DF C2 EA 33     	jp nz, __l_724
10545 33E2              ; 136             printMyCharA(a = 0x1F); //0x10
10546 33E2 3E 1F        	ld a, 31
10547 33E4 CD 4E 1C     	call printmychara
10548 33E7 C3 EF 33     	jp __l_725
10549 33EA              __l_724:
10550 33EA              ; 137         } else {
10551 33EA              ; 138             printMyCharA(a = ' ');
10552 33EA 3E 20        	ld a, 32
10553 33EC CD 4E 1C     	call printmychara
10554 33EF              __l_725:
10555 33EF C1           	pop bc
10556 33F0 C9           	ret
10557 33F1              ; 139         }
10558 33F1              ; 140     }
10559 33F1              ; 141 }
10560 33F1              ; 142
10561 33F1              ; 143 void FtpViewShowFileName() {
10562 33F1              ftpviewshowfilename:
10563 33F1              ; 144     // X pos
10564 33F1              ; 145     a = FtpViewX;
10565 33F1 3A 35 37     	ld a, (ftpviewx)
10566 33F4              ; 146     a += 2;
10567 33F4 C6 02        	add 2
10568 33F6              ; 147     myCharPosX = a;
10569 33F6 32 E3 1D     	ld (mycharposx), a
10570 33F9              ; 148     //
10571 33F9              ; 149     b = 8;
10572 33F9 06 08        	ld b, 8
10573 33FB              ; 150     do {
10574 33FB              __l_726:
10575 33FB              ; 151         printMyCharA(a = *hl);
10576 33FB 7E           	ld a, (hl)
10577 33FC CD 4E 1C     	call printmychara
10578 33FF              ; 152         hl++;
10579 33FF 23           	inc hl
10580 3400              ; 153         b--;
10581 3400 05           	dec b
10582 3401              __l_727:
10583 3401              ; 154     } while ((a = b) > 0);
10584 3401 78           	ld a, b
10585 3402 B7           	or a
10586 3403 C2 FB 33     	jp nz, __l_726
10587 3406 C9           	ret
10588 3407              ; 155 }
10589 3407              ; 156
10590 3407              ; 157 void FtpViewShowFileSize() {
10591 3407              ftpviewshowfilesize:
10592 3407              ; 158     push_pop(bc, de) {
10593 3407 C5           	push bc
10594 3408 D5           	push de
10595 3409              ; 159         // X pos
10596 3409              ; 160         a = FtpViewX;
10597 3409 3A 35 37     	ld a, (ftpviewx)
10598 340C              ; 161         a += 11;
10599 340C C6 0B        	add 11
10600 340E              ; 162         myCharPosX = a;
10601 340E 32 E3 1D     	ld (mycharposx), a
10602 3411              ; 163         //
10603 3411              ; 164         a = *hl;
10604 3411 7E           	ld a, (hl)
10605 3412              ; 165         d = a;
10606 3412 57           	ld d, a
10607 3413              ; 166         hl++;
10608 3413 23           	inc hl
10609 3414              ; 167         a = *hl;
10610 3414 7E           	ld a, (hl)
10611 3415              ; 168         e = a;
10612 3415 5F           	ld e, a
10613 3416              ; 169         hl++;
10614 3416 23           	inc hl
10615 3417              ; 170         a = *hl;
10616 3417 7E           	ld a, (hl)
10617 3418              ; 171         hl++;
10618 3418 23           	inc hl
10619 3419              ; 172         a &= 0x01;
10620 3419 E6 01        	and 1
10621 341B              ; 173         if (a == 0x00) {
10622 341B B7           	or a
10623 341C C2 58 34     	jp nz, __l_729
10624 341F              ; 174             push_pop(hl) {
10625 341F E5           	push hl
10626 3420              ; 175                 h = 0; // файл для Орион
10627 3420 26 00        	ld h, 0
10628 3422              ; 176                 if ((a = d) == 0xFF) {
10629 3422 7A           	ld a, d
10630 3423 FE FF        	cp 255
10631 3425 C2 30 34     	jp nz, __l_731
10632 3428              ; 177                     if ((a = e) == 0xFF) {
10633 3428 7B           	ld a, e
10634 3429 FE FF        	cp 255
10635 342B C2 30 34     	jp nz, __l_733
10636 342E              ; 178                         h = 1; // Файл слишком большой для Орион
10637 342E 26 01        	ld h, 1
10638 3430              __l_733:
10639 3430              __l_731:
10640 3430              ; 179                     }
10641 3430              ; 180                 }
10642 3430              ; 181                 if ((a = h) == 0) { // Показываем размер
10643 3430 7C           	ld a, h
10644 3431 B7           	or a
10645 3432 C2 3B 34     	jp nz, __l_735
10646 3435              ; 182                     FtpViewShow4CharSizeDE();
10647 3435 CD 74 34     	call ftpviewshow4charsizede
10648 3438 C3 4F 34     	jp __l_736
10649 343B              __l_735:
10650 343B              ; 183                 } else { // Файл слишком большой
10651 343B              ; 184                     printMyCharA(a = ' ');
10652 343B 3E 20        	ld a, 32
10653 343D CD 4E 1C     	call printmychara
10654 3440              ; 185                     printMyCharA(a = 'B');
10655 3440 3E 42        	ld a, 66
10656 3442 CD 4E 1C     	call printmychara
10657 3445              ; 186                     printMyCharA(a = 'I');
10658 3445 3E 49        	ld a, 73
10659 3447 CD 4E 1C     	call printmychara
10660 344A              ; 187                     printMyCharA(a = 'G');
10661 344A 3E 47        	ld a, 71
10662 344C CD 4E 1C     	call printmychara
10663 344F              __l_736:
10664 344F E1           	pop hl
10665 3450              ; 188                 }
10666 3450              ; 189             }
10667 3450              ; 190             FtpViewShowIsDirA(a = 0);
10668 3450 3E 00        	ld a, 0
10669 3452 CD D0 33     	call ftpviewshowisdira
10670 3455 C3 71 34     	jp __l_730
10671 3458              __l_729:
10672 3458              ; 191         } else {
10673 3458              ; 192             printMyCharA(a = ' ');
10674 3458 3E 20        	ld a, 32
10675 345A CD 4E 1C     	call printmychara
10676 345D              ; 193             printMyCharA(a = ' ');
10677 345D 3E 20        	ld a, 32
10678 345F CD 4E 1C     	call printmychara
10679 3462              ; 194             printMyCharA(a = ' ');
10680 3462 3E 20        	ld a, 32
10681 3464 CD 4E 1C     	call printmychara
10682 3467              ; 195             printMyCharA(a = ' ');
10683 3467 3E 20        	ld a, 32
10684 3469 CD 4E 1C     	call printmychara
10685 346C              ; 196             FtpViewShowIsDirA(a = 1);
10686 346C 3E 01        	ld a, 1
10687 346E CD D0 33     	call ftpviewshowisdira
10688 3471              __l_730:
10689 3471 D1           	pop de
10690 3472 C1           	pop bc
10691 3473 C9           	ret
10692 3474              ; 197         }
10693 3474              ; 198     }
10694 3474              ; 199 }
10695 3474              ; 200
10696 3474              ; 201 void FtpViewShow4CharSizeDE() {
10697 3474              ftpviewshow4charsizede:
10698 3474              ; 202     if ((a = d) < 4) { // < 1024 в байтах //flag_c
10699 3474 7A           	ld a, d
10700 3475 FE 04        	cp 4
10701 3477 D2 84 34     	jp nc, __l_737
10702 347A              ; 203         push_pop(hl) {
10703 347A E5           	push hl
10704 347B              ; 204             h = d;
10705 347B 62           	ld h, d
10706 347C              ; 205             l = e;
10707 347C 6B           	ld l, e
10708 347D              ; 206             printMyAsDec4095HL();
10709 347D CD 29 1D     	call printmyasdec4095hl
10710 3480 E1           	pop hl
10711 3481 C3 96 34     	jp __l_738
10712 3484              __l_737:
10713 3484              ; 207         }
10714 3484              ; 208     } else { // В Кб
10715 3484              ; 209         a = d;
10716 3484 7A           	ld a, d
10717 3485              ; 210         a &= 0xFC;
10718 3485 E6 FC        	and 252
10719 3487              ; 211         cyclic_rotate_right(a, 2);
10720 3487 0F           	rrca
10721 3488 0F           	rrca
10722 3489              ; 212         printMyAsDec99A();
10723 3489 CD B9 1C     	call printmyasdec99a
10724 348C              ; 213         printMyCharA(a = 'K');
10725 348C 3E 4B        	ld a, 75
10726 348E CD 4E 1C     	call printmychara
10727 3491              ; 214         printMyCharA(a = 'b');
10728 3491 3E 62        	ld a, 98
10729 3493 CD 4E 1C     	call printmychara
10730 3496              __l_738:
10731 3496 C9           	ret
10732 3497              ; 215     }
10733 3497              ; 216 }
10734 3497              ; 217
10735 3497              ; 218 void FtpViewShowFileDate() {
10736 3497              ftpviewshowfiledate:
10737 3497              ; 219     push_pop(bc, de) {
10738 3497 C5           	push bc
10739 3498 D5           	push de
10740 3499              ; 220         // X pos
10741 3499              ; 221         a = FtpViewX;
10742 3499 3A 35 37     	ld a, (ftpviewx)
10743 349C              ; 222         a += 16;
10744 349C C6 10        	add 16
10745 349E              ; 223         myCharPosX = a;
10746 349E 32 E3 1D     	ld (mycharposx), a
10747 34A1              ; 224         //-- GGGG
10748 34A1              ; 225         d = *hl;
10749 34A1 56           	ld d, (hl)
10750 34A2              ; 226         hl++;
10751 34A2 23           	inc hl
10752 34A3              ; 227         e = *hl;
10753 34A3 5E           	ld e, (hl)
10754 34A4              ; 228         hl++;
10755 34A4 23           	inc hl
10756 34A5              ; 229         push_pop(hl) {
10757 34A5 E5           	push hl
10758 34A6              ; 230             h = d;
10759 34A6 62           	ld h, d
10760 34A7              ; 231             l = e;
10761 34A7 6B           	ld l, e
10762 34A8              ; 232             printMyAsDec4095HL();
10763 34A8 CD 29 1D     	call printmyasdec4095hl
10764 34AB E1           	pop hl
10765 34AC              ; 233         }
10766 34AC              ; 234         //--
10767 34AC              ; 235         printMyCharA(a = '-');
10768 34AC 3E 2D        	ld a, 45
10769 34AE CD 4E 1C     	call printmychara
10770 34B1              ; 236         //--
10771 34B1              ; 237         printMyAs00Dec99A(a = *hl);
10772 34B1 7E           	ld a, (hl)
10773 34B2 CD F1 1C     	call printmyas00dec99a
10774 34B5              ; 238         hl++;
10775 34B5 23           	inc hl
10776 34B6              ; 239         //--
10777 34B6              ; 240         printMyCharA(a = '-');
10778 34B6 3E 2D        	ld a, 45
10779 34B8 CD 4E 1C     	call printmychara
10780 34BB              ; 241         //--
10781 34BB              ; 242         printMyAs00Dec99A(a = *hl);
10782 34BB 7E           	ld a, (hl)
10783 34BC CD F1 1C     	call printmyas00dec99a
10784 34BF              ; 243         hl++;
10785 34BF 23           	inc hl
10786 34C0 D1           	pop de
10787 34C1 C1           	pop bc
10788 34C2 C9           	ret
10789 34C3              ; 244     }
10790 34C3              ; 245 }
10791 34C3              ; 246
10792 34C3              ; 247 void FtpViewShowPath() {
10793 34C3              ftpviewshowpath:
10794 34C3              ; 248     push_pop(bc, de, hl) {
10795 34C3 C5           	push bc
10796 34C4 D5           	push de
10797 34C5 E5           	push hl
10798 34C6              ; 249         a = FtpViewX;
10799 34C6 3A 35 37     	ld a, (ftpviewx)
10800 34C9              ; 250         b = a;
10801 34C9 47           	ld b, a
10802 34CA              ; 251         a = FtpViewDX;
10803 34CA 3A 37 37     	ld a, (ftpviewdx)
10804 34CD              ; 252         a += b;
10805 34CD 80           	add b
10806 34CE              ; 253         a -= 19;
10807 34CE D6 13        	sub 19
10808 34D0              ; 254         myCharPosX = a;
10809 34D0 32 E3 1D     	ld (mycharposx), a
10810 34D3              ; 255         a = FtpViewY;
10811 34D3 3A 36 37     	ld a, (ftpviewy)
10812 34D6              ; 256         myCharPosY = a;
10813 34D6 32 E4 1D     	ld (mycharposy), a
10814 34D9              ; 257         de = FtpViewPath;
10815 34D9 11 41 37     	ld de, ftpviewpath
10816 34DC              ; 258         printMyCharA(a = 0xB5);
10817 34DC 3E B5        	ld a, 181
10818 34DE CD 4E 1C     	call printmychara
10819 34E1              ; 259         b = 16;
10820 34E1 06 10        	ld b, 16
10821 34E3              ; 260         c = 0;
10822 34E3 0E 00        	ld c, 0
10823 34E5              ; 261         do {
10824 34E5              __l_739:
10825 34E5              ; 262             a = *de;
10826 34E5 1A           	ld a, (de)
10827 34E6              ; 263             de++;
10828 34E6 13           	inc de
10829 34E7              ; 264             if (a == 0) {
10830 34E7 B7           	or a
10831 34E8 C2 ED 34     	jp nz, __l_742
10832 34EB              ; 265                 c = 1;
10833 34EB 0E 01        	ld c, 1
10834 34ED              __l_742:
10835 34ED              ; 266             }
10836 34ED              ; 267             h = a;
10837 34ED 67           	ld h, a
10838 34EE              ; 268             if ((a = c) == 0) {
10839 34EE 79           	ld a, c
10840 34EF B7           	or a
10841 34F0 C2 FA 34     	jp nz, __l_744
10842 34F3              ; 269                 printMyCharA(a = h);
10843 34F3 7C           	ld a, h
10844 34F4 CD 4E 1C     	call printmychara
10845 34F7 C3 FF 34     	jp __l_745
10846 34FA              __l_744:
10847 34FA              ; 270             } else {
10848 34FA              ; 271                 printMyCharA(a = ' ');
10849 34FA 3E 20        	ld a, 32
10850 34FC CD 4E 1C     	call printmychara
10851 34FF              __l_745:
10852 34FF              ; 272             }
10853 34FF              ; 273             b--;
10854 34FF 05           	dec b
10855 3500              __l_740:
10856 3500              ; 274         } while ((a = b) > 0);
10857 3500 78           	ld a, b
10858 3501 B7           	or a
10859 3502 C2 E5 34     	jp nz, __l_739
10860 3505              ; 275         printMyCharA(a = 0xC6);
10861 3505 3E C6        	ld a, 198
10862 3507 CD 4E 1C     	call printmychara
10863 350A E1           	pop hl
10864 350B D1           	pop de
10865 350C C1           	pop bc
10866 350D C9           	ret
10867 350E              ; 276     }
10868 350E              ; 277 }
10869 350E              ; 278
10870 350E              ; 279 /// Обновление позиции
10871 350E              ; 280 /// вх[A]
10872 350E              ; 281 /// 0 - без изменений
10873 350E              ; 282 /// 1 - вверх
10874 350E              ; 283 /// 0xFF - вниз
10875 350E              ; 284 void FtpViewFileCurrentPosUpdateA() {
10876 350E              ftpviewfilecurrentposupdatea:
10877 350E              ; 285     push_pop(bc) {
10878 350E C5           	push bc
10879 350F              ; 286         b = a;
10880 350F 47           	ld b, a
10881 3510              ; 287         if (a == 0) {
10882 3510 B7           	or a
10883 3511 C2 1C 35     	jp nz, __l_746
10884 3514              ; 288             FtpViewShowSelectLineA(a = 1);
10885 3514 3E 01        	ld a, 1
10886 3516 CD 43 35     	call ftpviewshowselectlinea
10887 3519 C3 41 35     	jp __l_747
10888 351C              __l_746:
10889 351C              ; 289         } else {
10890 351C              ; 290             a = FtpViewFilesListCount;
10891 351C 3A 52 37     	ld a, (ftpviewfileslistcount)
10892 351F              ; 291             c = a;
10893 351F 4F           	ld c, a
10894 3520              ; 292             FtpViewShowSelectLineA(a = 0);
10895 3520 3E 00        	ld a, 0
10896 3522 CD 43 35     	call ftpviewshowselectlinea
10897 3525              ; 293             a = FtpViewFileCurrentPos;
10898 3525 3A 51 37     	ld a, (ftpviewfilecurrentpos)
10899 3528              ; 294             a += b;
10900 3528 80           	add b
10901 3529              ; 295             //
10902 3529              ; 296             if (a == 0xFF) {
10903 3529 FE FF        	cp 255
10904 352B C2 33 35     	jp nz, __l_748
10905 352E              ; 297                 a = c;
10906 352E 79           	ld a, c
10907 352F              ; 298                 a--;
10908 352F 3D           	dec a
10909 3530 C3 39 35     	jp __l_749
10910 3533              __l_748:
10911 3533              ; 299             } else if (a == c) {
10912 3533 B9           	cp c
10913 3534 C2 39 35     	jp nz, __l_750
10914 3537              ; 300                 a = 0;
10915 3537 3E 00        	ld a, 0
10916 3539              __l_750:
10917 3539              __l_749:
10918 3539              ; 301             }
10919 3539              ; 302             FtpViewFileCurrentPos = a;
10920 3539 32 51 37     	ld (ftpviewfilecurrentpos), a
10921 353C              ; 303             FtpViewShowSelectLineA(a = 1);
10922 353C 3E 01        	ld a, 1
10923 353E CD 43 35     	call ftpviewshowselectlinea
10924 3541              __l_747:
10925 3541 C1           	pop bc
10926 3542 C9           	ret
10927 3543              ; 304         }
10928 3543              ; 305     }
10929 3543              ; 306 }
10930 3543              ; 307
10931 3543              ; 308 /// Рисование линии прямым или инверсным цветом
10932 3543              ; 309 /// 0 - прямой
10933 3543              ; 310 /// 1 - инверсный
10934 3543              ; 311 void FtpViewShowSelectLineA() {
10935 3543              ftpviewshowselectlinea:
10936 3543              ; 312     push_pop(bc) {
10937 3543 C5           	push bc
10938 3544              ; 313         c = a;
10939 3544 4F           	ld c, a
10940 3545              ; 314         // HL
10941 3545              ; 315         a = FtpViewFileCurrentPos;
10942 3545 3A 51 37     	ld a, (ftpviewfilecurrentpos)
10943 3548              ; 316         b = a;
10944 3548 47           	ld b, a
10945 3549              ; 317         a = FtpViewY;
10946 3549 3A 36 37     	ld a, (ftpviewy)
10947 354C              ; 318         a += 2;
10948 354C C6 02        	add 2
10949 354E              ; 319         a += b;
10950 354E 80           	add b
10951 354F              ; 320         l = a;
10952 354F 6F           	ld l, a
10953 3550              ; 321         a = FtpViewX;
10954 3550 3A 35 37     	ld a, (ftpviewx)
10955 3553              ; 322         a += 1;
10956 3553 C6 01        	add 1
10957 3555              ; 323         h = a;
10958 3555 67           	ld h, a
10959 3556              ; 324         // DE
10960 3556              ; 325         a = FtpViewDX;
10961 3556 3A 37 37     	ld a, (ftpviewdx)
10962 3559              ; 326         a -= 2;
10963 3559 D6 02        	sub 2
10964 355B              ; 327         d = a;
10965 355B 57           	ld d, a
10966 355C              ; 328         a = 1;
10967 355C 3E 01        	ld a, 1
10968 355E              ; 329         e = a;
10969 355E 5F           	ld e, a
10970 355F              ; 330         // C
10971 355F              ; 331         if ((a = c) == 0) {
10972 355F 79           	ld a, c
10973 3560 B7           	or a
10974 3561 C2 6A 35     	jp nz, __l_752
10975 3564              ; 332             a = FtpViewColor;
10976 3564 3A 39 37     	ld a, (ftpviewcolor)
10977 3567 C3 6D 35     	jp __l_753
10978 356A              __l_752:
10979 356A              ; 333         } else {
10980 356A              ; 334             a = FtpViewInvColor;
10981 356A 3A 3A 37     	ld a, (ftpviewinvcolor)
10982 356D              __l_753:
10983 356D              ; 335         }
10984 356D              ; 336         c = a;
10985 356D 4F           	ld c, a
10986 356E              ; 337         // A
10987 356E              ; 338         a = vboxUMP;
10988 356E 3E 04        	ld a, 4
10989 3570              ; 339         vboxOpenHLDECA();
10990 3570 CD 86 4D     	call vboxopenhldeca
10991 3573 C1           	pop bc
10992 3574 C9           	ret
10993 3575              ; 340     }
10994 3575              ; 341 }
10995 3575              ; 342
10996 3575              ; 343 void FtpViewKeyA() {
10997 3575              ftpviewkeya:
10998 3575              ; 344     push_pop(hl) {
10999 3575 E5           	push hl
11000 3576              ; 345         l = a;
11001 3576 6F           	ld l, a
11002 3577              ; 346         if ((a = CurrentViewId) == FtpViewId) {
11003 3577 3A 8F 1F     	ld a, (currentviewid)
11004 357A FE 02        	cp 2
11005 357C C2 41 36     	jp nz, __l_754
11006 357F              ; 347             if ((a = l) == 0x09) { //0x09 TAB
11007 357F 7D           	ld a, l
11008 3580 FE 09        	cp 9
11009 3582 C2 8D 35     	jp nz, __l_756
11010 3585              ; 348                 CurrentViewChangeIdA(a = DiskViewId);
11011 3585 3E 01        	ld a, 1
11012 3587 CD 63 1E     	call currentviewchangeida
11013 358A C3 41 36     	jp __l_757
11014 358D              __l_756:
11015 358D              ; 349             } else if ((a = l) == 0x18) { //0x18 Вправо
11016 358D 7D           	ld a, l
11017 358E FE 18        	cp 24
11018 3590 C2 9B 35     	jp nz, __l_758
11019 3593              ; 350                 CurrentViewChangeIdA(a = DiskViewId);
11020 3593 3E 01        	ld a, 1
11021 3595 CD 63 1E     	call currentviewchangeida
11022 3598 C3 41 36     	jp __l_759
11023 359B              __l_758:
11024 359B              ; 351             } else {
11025 359B              ; 352                 if ((a = l) == 0x1A) { //down
11026 359B 7D           	ld a, l
11027 359C FE 1A        	cp 26
11028 359E C2 A9 35     	jp nz, __l_760
11029 35A1              ; 353                     FtpViewFileCurrentPosUpdateA(a = 0x01);
11030 35A1 3E 01        	ld a, 1
11031 35A3 CD 0E 35     	call ftpviewfilecurrentposupdatea
11032 35A6 C3 41 36     	jp __l_761
11033 35A9              __l_760:
11034 35A9              ; 354                 } else if ((a = l) == 0x19) { //up
11035 35A9 7D           	ld a, l
11036 35AA FE 19        	cp 25
11037 35AC C2 B7 35     	jp nz, __l_762
11038 35AF              ; 355                     FtpViewFileCurrentPosUpdateA(a = 0xFF);
11039 35AF 3E FF        	ld a, 255
11040 35B1 CD 0E 35     	call ftpviewfilecurrentposupdatea
11041 35B4 C3 41 36     	jp __l_763
11042 35B7              __l_762:
11043 35B7              ; 356                 } else if ((a = l) == 0x0D) { //Enter
11044 35B7 7D           	ld a, l
11045 35B8 FE 0D        	cp 13
11046 35BA C2 EC 35     	jp nz, __l_764
11047 35BD              ; 357                     if ((a = FtpViewFileCurrentPos) == 0) { // Dir UP
11048 35BD 3A 51 37     	ld a, (ftpviewfilecurrentpos)
11049 35C0 B7           	or a
11050 35C1 C2 CD 35     	jp nz, __l_766
11051 35C4              ; 358                         NetFtpChangeDirUp();
11052 35C4 CD 1B 14     	call netftpchangedirup
11053 35C7              ; 359                         FtpViewNetLoadAndUpdate();
11054 35C7 CD A0 36     	call ftpviewnetloadandupdate
11055 35CA C3 E9 35     	jp __l_767
11056 35CD              __l_766:
11057 35CD              ; 360                     } else {
11058 35CD              ; 361                         FtpViewCurrentPosIsDir();
11059 35CD CD CF 36     	call ftpviewcurrentposisdir
11060 35D0              ; 362                         if (a == 1) { // Enter Dir
11061 35D0 FE 01        	cp 1
11062 35D2 C2 E6 35     	jp nz, __l_768
11063 35D5              ; 363                             FtpViewShowSelectLineA(a = 0); // TODO надо убрать...
11064 35D5 3E 00        	ld a, 0
11065 35D7 CD 43 35     	call ftpviewshowselectlinea
11066 35DA              ; 364                             NetFtpChangeDirIndexA(a = FtpViewFileCurrentPos);
11067 35DA 3A 51 37     	ld a, (ftpviewfilecurrentpos)
11068 35DD CD 25 14     	call netftpchangedirindexa
11069 35E0              ; 365                             FtpViewNetLoadAndUpdate();
11070 35E0 CD A0 36     	call ftpviewnetloadandupdate
11071 35E3 C3 E9 35     	jp __l_769
11072 35E6              __l_768:
11073 35E6              ; 366                         } else { // Load file
11074 35E6              ; 367                             FtpViewAccessDiskSpace();
11075 35E6 CD 43 36     	call ftpviewaccessdiskspace
11076 35E9              __l_769:
11077 35E9              __l_767:
11078 35E9 C3 41 36     	jp __l_765
11079 35EC              __l_764:
11080 35EC              ; 368                         }
11081 35EC              ; 369                     }
11082 35EC              ; 370                 } else if ((a = l) == 'R') { // Обновление папки
11083 35EC 7D           	ld a, l
11084 35ED FE 52        	cp 82
11085 35EF C2 F8 35     	jp nz, __l_770
11086 35F2              ; 371                     FtpViewNetLoadAndUpdate();
11087 35F2 CD A0 36     	call ftpviewnetloadandupdate
11088 35F5 C3 41 36     	jp __l_771
11089 35F8              __l_770:
11090 35F8              ; 372                 } else if ((a = l) == 'C') { // загрузка файла
11091 35F8 7D           	ld a, l
11092 35F9 FE 43        	cp 67
11093 35FB C2 0B 36     	jp nz, __l_772
11094 35FE              ; 373                     FtpViewCurrentPosIsDir();
11095 35FE CD CF 36     	call ftpviewcurrentposisdir
11096 3601              ; 374                     if (a == 0) { // Проверим что это файл
11097 3601 B7           	or a
11098 3602 C2 08 36     	jp nz, __l_774
11099 3605              ; 375                         FtpViewAccessDiskSpace();
11100 3605 CD 43 36     	call ftpviewaccessdiskspace
11101 3608              __l_774:
11102 3608 C3 41 36     	jp __l_773
11103 360B              __l_772:
11104 360B              ; 376                     }
11105 360B              ; 377                 } else if ((a = l) == 'H') { // Перейти в домашную папку
11106 360B 7D           	ld a, l
11107 360C FE 48        	cp 72
11108 360E C2 17 36     	jp nz, __l_776
11109 3611              ; 378                     ThreadsNetFtpGoToHomeDir();
11110 3611 CD D7 26     	call threadsnetftpgotohomedir
11111 3614 C3 41 36     	jp __l_777
11112 3617              __l_776:
11113 3617              ; 379                 } else if ((a = l) == 'E') { // Удалить файл
11114 3617 7D           	ld a, l
11115 3618 FE 45        	cp 69
11116 361A C2 38 36     	jp nz, __l_778
11117 361D              ; 380                     if ((a = FtpViewFileCurrentPos) > 0) {
11118 361D 3A 51 37     	ld a, (ftpviewfilecurrentpos)
11119 3620 B7           	or a
11120 3621 CA 35 36     	jp z, __l_780
11121 3624              ; 381                         AllertYesNoViewShowHL(hl = StringLocaleEraseFile);
11122 3624 21 9C 1F     	ld hl, stringlocaleerasefile
11123 3627 CD 0C 3E     	call allertyesnoviewshowhl
11124 362A              ; 382                         if (a == 1) {
11125 362A FE 01        	cp 1
11126 362C C2 35 36     	jp nz, __l_782
11127 362F              ; 383                             ThreadsNetFtpDeleteFileA(a = FtpViewFileCurrentPos);
11128 362F 3A 51 37     	ld a, (ftpviewfilecurrentpos)
11129 3632 CD F7 26     	call threadsnetftpdeletefilea
11130 3635              __l_782:
11131 3635              __l_780:
11132 3635 C3 41 36     	jp __l_779
11133 3638              __l_778:
11134 3638              ; 384                         }
11135 3638              ; 385                     }
11136 3638              ; 386                 } else if ((a = l) == 'D') { // Создание новой папки
11137 3638 7D           	ld a, l
11138 3639 FE 44        	cp 68
11139 363B C2 41 36     	jp nz, __l_784
11140 363E              ; 387                     FtpMakeDirectoryShow();
11141 363E CD C5 40     	call ftpmakedirectoryshow
11142 3641              __l_784:
11143 3641              __l_779:
11144 3641              __l_777:
11145 3641              __l_773:
11146 3641              __l_771:
11147 3641              __l_765:
11148 3641              __l_763:
11149 3641              __l_761:
11150 3641              __l_759:
11151 3641              __l_757:
11152 3641              __l_754:
11153 3641 E1           	pop hl
11154 3642 C9           	ret
11155 3643              ; 388                 }
11156 3643              ; 389             }
11157 3643              ; 390         }
11158 3643              ; 391     }
11159 3643              ; 392 }
11160 3643              ; 393
11161 3643              ; 394 void FtpViewAccessDiskSpace() {
11162 3643              ftpviewaccessdiskspace:
11163 3643              ; 395     push_pop(de, hl) {
11164 3643 D5           	push de
11165 3644 E5           	push hl
11166 3645              ; 396 //        a = 0;
11167 3645              ; 397 //        myCharPosX = a;
11168 3645              ; 398 //        a = 0;
11169 3645              ; 399 //        myCharPosY = a;
11170 3645              ; 400         // Находим указатель на файл
11171 3645              ; 401         d = 0;
11172 3645 16 00        	ld d, 0
11173 3647              ; 402         a ^= a;
11174 3647 AF           	xor a
11175 3648              ; 403         a = FtpViewFileCurrentPos;
11176 3648 3A 51 37     	ld a, (ftpviewfilecurrentpos)
11177 364B              ; 404         carry_rotate_left(a, 4);
11178 364B 17           	rla
11179 364C 17           	rla
11180 364D 17           	rla
11181 364E 17           	rla
11182 364F              ; 405         e = a;
11183 364F 5F           	ld e, a
11184 3650              ; 406         if (flag_c) {
11185 3650 D2 55 36     	jp nc, __l_786
11186 3653              ; 407             d = 1;
11187 3653 16 01        	ld d, 1
11188 3655              __l_786:
11189 3655              ; 408         }
11190 3655              ; 409         hl = FtpViewFilesList;
11191 3655 21 53 37     	ld hl, ftpviewfileslist
11192 3658              ; 410         hl += de;
11193 3658 19           	add hl, de
11194 3659              ; 411         // Сдвигаем к размеру файла и читаем размер
11195 3659              ; 412         de = 8;
11196 3659 11 08 00     	ld de, 8
11197 365C              ; 413         hl += de;
11198 365C 19           	add hl, de
11199 365D              ; 414         //
11200 365D              ; 415         a = *hl;
11201 365D 7E           	ld a, (hl)
11202 365E              ; 416         d = a;
11203 365E 57           	ld d, a
11204 365F              ; 417         hl++;
11205 365F 23           	inc hl
11206 3660              ; 418         a = *hl;
11207 3660 7E           	ld a, (hl)
11208 3661              ; 419         e = a;
11209 3661 5F           	ld e, a
11210 3662              ; 420         //
11211 3662              ; 421 //        printMyHexA(a = d);
11212 3662              ; 422 //        printMyHexA(a = e);
11213 3662              ; 423         //
11214 3662              ; 424         DiskViewIsDiskSpaceDE();
11215 3662 CD BA 2B     	call diskviewisdiskspacede
11216 3665              ; 425         if (a == 1) {
11217 3665 FE 01        	cp 1
11218 3667 C2 70 36     	jp nz, __l_788
11219 366A              ; 426             FtpViewLoadFile();
11220 366A CD 79 36     	call ftpviewloadfile
11221 366D C3 76 36     	jp __l_789
11222 3670              __l_788:
11223 3670              ; 427         } else {
11224 3670              ; 428             AllertOkViewShowHL(hl = StringLocaleDiskFull);
11225 3670 21 0A 20     	ld hl, stringlocalediskfull
11226 3673 CD 06 40     	call allertokviewshowhl
11227 3676              __l_789:
11228 3676 E1           	pop hl
11229 3677 D1           	pop de
11230 3678 C9           	ret
11231 3679              ; 429         }
11232 3679              ; 430     }
11233 3679              ; 431 }
11234 3679              ; 432
11235 3679              ; 433 void FtpViewLoadFile() {
11236 3679              ftpviewloadfile:
11237 3679              ; 434     StringLocaleCreateLoadTitleA();
11238 3679 CD 49 21     	call stringlocalecreateloadtitlea
11239 367C              ; 435     //--
11240 367C              ; 436 //    a ^= a;
11241 367C              ; 437 //    d = 0;
11242 367C              ; 438 //    a = FtpViewFileCurrentPos;
11243 367C              ; 439 //    carry_rotate_left(a, 4);
11244 367C              ; 440 //    e = a;
11245 367C              ; 441 //    if (flag_c) {
11246 367C              ; 442 //        d++;
11247 367C              ; 443 //    }
11248 367C              ; 444 //    hl = FtpViewFilesList;
11249 367C              ; 445 //    hl += de;
11250 367C              ; 446     //--
11251 367C              ; 447     LoadViewShowHL(hl = LoadViewLoadTitle);
11252 367C 21 A5 39     	ld hl, loadviewloadtitle
11253 367F CD C3 38     	call loadviewshowhl
11254 3682              ; 448     #ifdef _IS_SIMULATOR
11255 3682              ; 449         push_pop(bc) {
11256 3682              ; 450             b = 0;
11257 3682              ; 451             do {
11258 3682              ; 452                 LoadViewShowProgressA(a = b);
11259 3682              ; 453                 c = 1;
11260 3682              ; 454                 do {
11261 3682              ; 455                     delay50ms();
11262 3682              ; 456                     c--;
11263 3682              ; 457                 } while ((a = c) > 0);
11264 3682              ; 458                 b++;
11265 3682              ; 459             } while ((a = b) < 40);
11266 3682              ; 460             LoadViewClose();
11267 3682              ; 461             DiskViewUpdateDateAndUI();
11268 3682              ; 462         }
11269 3682              ; 463     #else
11270 3682              ; 464         FtpViewNeedLoad();
11271 3682 CD 8B 36     	call ftpviewneedload
11272 3685              ; 465         LoadViewClose();
11273 3685 CD F8 38     	call loadviewclose
11274 3688              ; 466         DiskViewUpdateDateAndUI();
11275 3688 C3 55 2C     	jp diskviewupdatedateandui
11276 368B              ; 467     #endif
11277 368B              ; 468 }
11278 368B              ; 469
11279 368B              ; 470 void FtpViewNeedLoad() {
11280 368B              ftpviewneedload:
11281 368B              ; 471     NetFtpLoadFileA(a = FtpViewFileCurrentPos);
11282 368B 3A 51 37     	ld a, (ftpviewfilecurrentpos)
11283 368E CD 6B 14     	call netftploadfilea
11284 3691              ; 472
11285 3691              ; 473     // Считываем текущий диск и устанавливаем его
11286 3691              ; 474     a = DiskViewDiskNum;
11287 3691 3A 2A 2D     	ld a, (diskviewdisknum)
11288 3694              ; 475     ordos_wnd();
11289 3694 CD D6 BF     	call ordos_wnd
11290 3697              ; 476
11291 3697              ; 477     // Получаем адрес куда надо начинать писать данные
11292 3697              ; 478     ordos_mxdsk();
11293 3697 CD B8 BF     	call ordos_mxdsk
11294 369A              ; 479     DiskViewStartNewFile = hl;
11295 369A 22 33 2D     	ld (diskviewstartnewfile), hl
11296 369D              ; 480
11297 369D              ; 481     // Вызываем закачку
11298 369D              ; 482     NetFtpLoadFileNext();
11299 369D C3 79 14     	jp netftploadfilenext
11300 36A0              ; 483 }
11301 36A0              ; 484
11302 36A0              ; 485 void FtpViewNetLoadAndUpdate() {
11303 36A0              ftpviewnetloadandupdate:
11304 36A0              ; 486     FtpViewShowSelectLineA(a = 0);
11305 36A0 3E 00        	ld a, 0
11306 36A2 CD 43 35     	call ftpviewshowselectlinea
11307 36A5              ; 487     NetFtpGetCurrentPath();
11308 36A5 CD FE 13     	call netftpgetcurrentpath
11309 36A8              ; 488     if ((a = FtpStateViewStatus) == 1) {
11310 36A8 3A B0 2F     	ld a, (ftpstateviewstatus)
11311 36AB FE 01        	cp 1
11312 36AD C2 B6 36     	jp nz, __l_790
11313 36B0              ; 489         NetFtpUpdateList();
11314 36B0 CD 33 14     	call netftpupdatelist
11315 36B3              ; 490         NetFtpListFiles();
11316 36B3 CD 43 14     	call netftplistfiles
11317 36B6              __l_790:
11318 36B6              ; 491     }
11319 36B6              ; 492     a = 0;
11320 36B6 3E 00        	ld a, 0
11321 36B8              ; 493     FtpViewFileCurrentPos = a;
11322 36B8 32 51 37     	ld (ftpviewfilecurrentpos), a
11323 36BB              ; 494     FtpViewShowFileList();
11324 36BB CD 44 33     	call ftpviewshowfilelist
11325 36BE              ; 495     FtpViewShowPath();
11326 36BE CD C3 34     	call ftpviewshowpath
11327 36C1              ; 496     // Показываем курсор, если выбран FTP
11328 36C1              ; 497     if ((a = CurrentViewId) == FtpViewId) {
11329 36C1 3A 8F 1F     	ld a, (currentviewid)
11330 36C4 FE 02        	cp 2
11331 36C6 C2 CE 36     	jp nz, __l_792
11332 36C9              ; 498         FtpViewShowSelectLineA(a = 1);
11333 36C9 3E 01        	ld a, 1
11334 36CB CD 43 35     	call ftpviewshowselectlinea
11335 36CE              __l_792:
11336 36CE C9           	ret
11337 36CF              ; 499     }
11338 36CF              ; 500 }
11339 36CF              ; 501
11340 36CF              ; 502 void FtpViewCurrentPosIsDir() {
11341 36CF              ftpviewcurrentposisdir:
11342 36CF              ; 503     push_pop(hl, bc) {
11343 36CF E5           	push hl
11344 36D0 C5           	push bc
11345 36D1              ; 504         hl = FtpViewFilesList;
11346 36D1 21 53 37     	ld hl, ftpviewfileslist
11347 36D4              ; 505         //--
11348 36D4              ; 506         a ^= a;
11349 36D4 AF           	xor a
11350 36D5              ; 507         a = FtpViewFileCurrentPos;
11351 36D5 3A 51 37     	ld a, (ftpviewfilecurrentpos)
11352 36D8              ; 508         a &= 0x3F;
11353 36D8 E6 3F        	and 63
11354 36DA              ; 509         b = 0;
11355 36DA 06 00        	ld b, 0
11356 36DC              ; 510         carry_rotate_left(a, 4);
11357 36DC 17           	rla
11358 36DD 17           	rla
11359 36DE 17           	rla
11360 36DF 17           	rla
11361 36E0              ; 511         if (flag_c) { // Если переполняние младшего разряда, инкремент старшего
11362 36E0 D2 E4 36     	jp nc, __l_794
11363 36E3              ; 512             b++;
11364 36E3 04           	inc b
11365 36E4              __l_794:
11366 36E4              ; 513         }
11367 36E4              ; 514         c = a;
11368 36E4 4F           	ld c, a
11369 36E5              ; 515         //-- Смещаем на позицию файла
11370 36E5              ; 516         hl += bc;
11371 36E5 09           	add hl, bc
11372 36E6              ; 517         //-- Смещаем на признак директории
11373 36E6              ; 518         bc = 10;
11374 36E6 01 0A 00     	ld bc, 10
11375 36E9              ; 519         hl += bc;
11376 36E9 09           	add hl, bc
11377 36EA              ; 520         //--
11378 36EA              ; 521         a = *hl;
11379 36EA 7E           	ld a, (hl)
11380 36EB              ; 522         a &= 0x01;
11381 36EB E6 01        	and 1
11382 36ED C1           	pop bc
11383 36EE E1           	pop hl
11384 36EF C9           	ret
11385 36F0              ; 523     }
11386 36F0              ; 524 }
11387 36F0              ; 525
11388 36F0              ; 526 void FtpViewEmptyList() {
11389 36F0              ftpviewemptylist:
11390 36F0              ; 527     push_pop(hl) {
11391 36F0 E5           	push hl
11392 36F1              ; 528         a = 1;
11393 36F1 3E 01        	ld a, 1
11394 36F3              ; 529         FtpViewFilesListCount = a;
11395 36F3 32 52 37     	ld (ftpviewfileslistcount), a
11396 36F6              ; 530         a = 0;
11397 36F6 3E 00        	ld a, 0
11398 36F8              ; 531         FtpViewFileCurrentPos = a;
11399 36F8 32 51 37     	ld (ftpviewfilecurrentpos), a
11400 36FB              ; 532         hl = FtpViewFilesList;
11401 36FB 21 53 37     	ld hl, ftpviewfileslist
11402 36FE              ; 533         //--
11403 36FE              ; 534         *hl = '.';
11404 36FE 36 2E        	ld (hl), 46
11405 3700              ; 535         hl++;
11406 3700 23           	inc hl
11407 3701              ; 536         *hl = '.';
11408 3701 36 2E        	ld (hl), 46
11409 3703              ; 537         hl++;
11410 3703 23           	inc hl
11411 3704              ; 538         //--
11412 3704              ; 539         *hl = ' ';
11413 3704 36 20        	ld (hl), 32
11414 3706              ; 540         hl++;
11415 3706 23           	inc hl
11416 3707              ; 541         *hl = ' ';
11417 3707 36 20        	ld (hl), 32
11418 3709              ; 542         hl++;
11419 3709 23           	inc hl
11420 370A              ; 543         *hl = ' ';
11421 370A 36 20        	ld (hl), 32
11422 370C              ; 544         hl++;
11423 370C 23           	inc hl
11424 370D              ; 545         *hl = ' ';
11425 370D 36 20        	ld (hl), 32
11426 370F              ; 546         hl++;
11427 370F 23           	inc hl
11428 3710              ; 547         *hl = ' ';
11429 3710 36 20        	ld (hl), 32
11430 3712              ; 548         hl++;
11431 3712 23           	inc hl
11432 3713              ; 549         *hl = ' ';
11433 3713 36 20        	ld (hl), 32
11434 3715              ; 550         hl++;
11435 3715 23           	inc hl
11436 3716 E1           	pop hl
11437 3717              ; 551     }
11438 3717              ; 552     //--
11439 3717              ; 553     FtpViewListUpdateUI();
11440 3717              ; 554 }
11441 3717              ; 555
11442 3717              ; 556 void FtpViewListUpdateUI() {
11443 3717              ftpviewlistupdateui:
11444 3717              ; 557     FtpViewShowSelectLineA(a = 0);
11445 3717 3E 00        	ld a, 0
11446 3719 CD 43 35     	call ftpviewshowselectlinea
11447 371C              ; 558     a = 0;
11448 371C 3E 00        	ld a, 0
11449 371E              ; 559     FtpViewFileCurrentPos = a;
11450 371E 32 51 37     	ld (ftpviewfilecurrentpos), a
11451 3721              ; 560     FtpViewShowPath();
11452 3721 CD C3 34     	call ftpviewshowpath
11453 3724              ; 561     FtpViewShowFileList();
11454 3724 CD 44 33     	call ftpviewshowfilelist
11455 3727              ; 562     if ((a = CurrentViewId) == FtpViewId) {
11456 3727 3A 8F 1F     	ld a, (currentviewid)
11457 372A FE 02        	cp 2
11458 372C C2 34 37     	jp nz, __l_796
11459 372F              ; 563         FtpViewShowSelectLineA(a = 1);
11460 372F 3E 01        	ld a, 1
11461 3731 CD 43 35     	call ftpviewshowselectlinea
11462 3734              __l_796:
11463 3734 C9           	ret
11464 3735              ; 564     }
11465 3735              ; 565 }
11466 3735              ; 566
11467 3735              ; 567 uint8_t FtpViewX = 0;
11468 3735              ftpviewx:
11469 3735 00           	db 0
11470 3736              ; 568 uint8_t FtpViewY = 4;
11471 3736              ftpviewy:
11472 3736 04           	db 4
11473 3737              ; 569 uint8_t FtpViewDX = 28;
11474 3737              ftpviewdx:
11475 3737 1C           	db 28
11476 3738              ; 570 uint8_t FtpViewDY = 25;
11477 3738              ftpviewdy:
11478 3738 19           	db 25
11479 3739              ; 571 uint8_t FtpViewColor = 0x1F;
11480 3739              ftpviewcolor:
11481 3739 1F           	db 31
11482 373A              ; 572 uint8_t FtpViewInvColor = 0xF1;
11483 373A              ftpviewinvcolor:
11484 373A F1           	db 241
11485 373B              ; 574 uint8_t FtpViewTitle[] = {0xB5, 'F', 'T', 'P', 0xC6, '\0'}; //"\x12" + "FTP";
11486 373B              ftpviewtitle:
11487 373B B5           	db 181
11488 373C 46           	db 70
11489 373D 54           	db 84
11490 373E 50           	db 80
11491 373F C6           	db 198
11492 3740 00           	db 0
11493 3741              ; 575 uint8_t FtpViewPath[16] = "/";
11494 3741              ftpviewpath:
11495 3741 2F           	db 47
11496 3742 00 00 00...  	ds 15
11497 3751              ; 577 uint8_t FtpViewFileCurrentPos = 0;
11498 3751              ftpviewfilecurrentpos:
11499 3751 00           	db 0
11500 3752              ; 591 uint8_t FtpViewFilesListCount = 1;
11501 3752              ftpviewfileslistcount:
11502 3752 01           	db 1
11503 3753              ; 592 uint8_t FtpViewFilesList[16 * 23] = {
11504 3753              ftpviewfileslist:
11505 3753 2E           	db 46
11506 3754 2E           	db 46
11507 3755 20           	db 32
11508 3756 20           	db 32
11509 3757 20           	db 32
11510 3758 20           	db 32
11511 3759 20           	db 32
11512 375A 20           	db 32
11513 375B 20           	db 32
11514 375C 20           	db 32
11515 375D 20           	db 32
11516 375E 20           	db 32
11517 375F 20           	db 32
11518 3760 20           	db 32
11519 3761 20           	db 32
11520 3762 20           	db 32
11521 3763 00 00 00...  	ds 352
11522 38C3              ; 11 void LoadViewShowHL() {
11523 38C3              loadviewshowhl:
11524 38C3              ; 12     CurrentViewChangeAndPushIdA(a = LoadViewId);
11525 38C3 3E 04        	ld a, 4
11526 38C5 CD 58 1E     	call currentviewchangeandpushida
11527 38C8              ; 13     push_pop(bc, hl, de) {
11528 38C8 C5           	push bc
11529 38C9 E5           	push hl
11530 38CA D5           	push de
11531 38CB              ; 14         a = LoadViewX;
11532 38CB 3A 9F 39     	ld a, (loadviewx)
11533 38CE              ; 15         h = a;
11534 38CE 67           	ld h, a
11535 38CF              ; 16         a = LoadViewY;
11536 38CF 3A A0 39     	ld a, (loadviewy)
11537 38D2              ; 17         l = a;
11538 38D2 6F           	ld l, a
11539 38D3              ; 18         a = LoadViewDX;
11540 38D3 3A A1 39     	ld a, (loadviewdx)
11541 38D6              ; 19         d = a;
11542 38D6 57           	ld d, a
11543 38D7              ; 20         a = LoadViewDY;
11544 38D7 3A A2 39     	ld a, (loadviewdy)
11545 38DA              ; 21         e = a;
11546 38DA 5F           	ld e, a
11547 38DB              ; 22         a = LoadViewColor;
11548 38DB 3A A3 39     	ld a, (loadviewcolor)
11549 38DE              ; 23         c = a;
11550 38DE 4F           	ld c, a
11551 38DF              ; 24         a = vboxCLW;
11552 38DF 3E 40        	ld a, 64
11553 38E1              ; 25         a |= vboxFRM;
11554 38E1 F6 20        	or 32
11555 38E3              ; 26         a |= vboxSDW;
11556 38E3 F6 10        	or 16
11557 38E5              ; 27         a |= vboxSAV;
11558 38E5 F6 08        	or 8
11559 38E7              ; 28         a |= vboxUMP;
11560 38E7 F6 04        	or 4
11561 38E9              ; 29         vboxOpenHLDECA();
11562 38E9 CD 86 4D     	call vboxopenhldeca
11563 38EC D1           	pop de
11564 38ED E1           	pop hl
11565 38EE C1           	pop bc
11566 38EF              ; 30     }
11567 38EF              ; 31     LoadViewShowTitleHL();
11568 38EF CD FE 38     	call loadviewshowtitlehl
11569 38F2              ; 32     LoadViewShowInfoString();
11570 38F2 CD 32 39     	call loadviewshowinfostring
11571 38F5              ; 33     LoadViewShowInfoSubString();
11572 38F5 C3 4B 39     	jp loadviewshowinfosubstring
11573 38F8              ; 34 }
11574 38F8              ; 35
11575 38F8              ; 36 void LoadViewClose() {
11576 38F8              loadviewclose:
11577 38F8              ; 37     vboxClose();
11578 38F8 CD 9F 4E     	call vboxclose
11579 38FB              ; 38     CurrentViewReturn();
11580 38FB C3 4F 1F     	jp currentviewreturn
11581 38FE              ; 39 }
11582 38FE              ; 40
11583 38FE              ; 41 void LoadViewShowTitleHL() {
11584 38FE              loadviewshowtitlehl:
11585 38FE              ; 42     push_pop(bc) {
11586 38FE C5           	push bc
11587 38FF              ; 43         push_pop(hl) {
11588 38FF E5           	push hl
11589 3900              ; 44             b = 0;
11590 3900 06 00        	ld b, 0
11591 3902              ; 45             do {
11592 3902              __l_798:
11593 3902              ; 46                 a = *hl;
11594 3902 7E           	ld a, (hl)
11595 3903              ; 47                 c = a;
11596 3903 4F           	ld c, a
11597 3904              ; 48                 hl++;
11598 3904 23           	inc hl
11599 3905              ; 49                 b++;
11600 3905 04           	inc b
11601 3906              ; 50                 if ((a = LoadViewDX) < b) {
11602 3906 3A A1 39     	ld a, (loadviewdx)
11603 3909 B8           	cp b
11604 390A D2 10 39     	jp nc, __l_801
11605 390D              ; 51                     a = 0;
11606 390D 3E 00        	ld a, 0
11607 390F              ; 52                     c = a;
11608 390F 4F           	ld c, a
11609 3910              __l_801:
11610 3910              __l_799:
11611 3910              ; 53                 }
11612 3910              ; 54             } while ((a = c) > 0);
11613 3910 79           	ld a, c
11614 3911 B7           	or a
11615 3912 C2 02 39     	jp nz, __l_798
11616 3915 E1           	pop hl
11617 3916              ; 55         }
11618 3916              ; 56         a = LoadViewDX;
11619 3916 3A A1 39     	ld a, (loadviewdx)
11620 3919              ; 57         a -= b;
11621 3919 90           	sub b
11622 391A              ; 58         a &= 0xFE;
11623 391A E6 FE        	and 254
11624 391C              ; 59         cyclic_rotate_right(a, 1);
11625 391C 0F           	rrca
11626 391D              ; 60         c = a;
11627 391D 4F           	ld c, a
11628 391E              ; 61         // X
11629 391E              ; 62         a = LoadViewX;
11630 391E 3A 9F 39     	ld a, (loadviewx)
11631 3921              ; 63         a += c;
11632 3921 81           	add c
11633 3922              ; 64         myCharPosX = a;
11634 3922 32 E3 1D     	ld (mycharposx), a
11635 3925              ; 65         // Y
11636 3925              ; 66         a = LoadViewY;
11637 3925 3A A0 39     	ld a, (loadviewy)
11638 3928              ; 67         a += 1;
11639 3928 C6 01        	add 1
11640 392A              ; 68         myCharPosY = a;
11641 392A 32 E4 1D     	ld (mycharposy), a
11642 392D              ; 69         //
11643 392D              ; 70         printMyHLStr();
11644 392D CD ED 1B     	call printmyhlstr
11645 3930 C1           	pop bc
11646 3931 C9           	ret
11647 3932              ; 71     }
11648 3932              ; 72 }
11649 3932              ; 73
11650 3932              ; 74 void LoadViewShowInfoString() {
11651 3932              loadviewshowinfostring:
11652 3932              ; 75     push_pop(hl) {
11653 3932 E5           	push hl
11654 3933              ; 76         // X
11655 3933              ; 77         a = LoadViewX;
11656 3933 3A 9F 39     	ld a, (loadviewx)
11657 3936              ; 78         a += 1;
11658 3936 C6 01        	add 1
11659 3938              ; 79         myCharPosX = a;
11660 3938 32 E3 1D     	ld (mycharposx), a
11661 393B              ; 80         // Y
11662 393B              ; 81         a = LoadViewY;
11663 393B 3A A0 39     	ld a, (loadviewy)
11664 393E              ; 82         a += 3;
11665 393E C6 03        	add 3
11666 3940              ; 83         myCharPosY = a;
11667 3940 32 E4 1D     	ld (mycharposy), a
11668 3943              ; 84         //
11669 3943              ; 85         printMyHLStr(hl = LoadViewInfoString);
11670 3943 21 BC 39     	ld hl, loadviewinfostring
11671 3946 CD ED 1B     	call printmyhlstr
11672 3949 E1           	pop hl
11673 394A C9           	ret
11674 394B              ; 86     }
11675 394B              ; 87 }
11676 394B              ; 88
11677 394B              ; 89 void LoadViewShowInfoSubString() {
11678 394B              loadviewshowinfosubstring:
11679 394B              ; 90     push_pop(hl) {
11680 394B E5           	push hl
11681 394C              ; 91         // X
11682 394C              ; 92         a = LoadViewX;
11683 394C 3A 9F 39     	ld a, (loadviewx)
11684 394F              ; 93         a += 1;
11685 394F C6 01        	add 1
11686 3951              ; 94         myCharPosX = a;
11687 3951 32 E3 1D     	ld (mycharposx), a
11688 3954              ; 95         // Y
11689 3954              ; 96         a = LoadViewY;
11690 3954 3A A0 39     	ld a, (loadviewy)
11691 3957              ; 97         a += 7;
11692 3957 C6 07        	add 7
11693 3959              ; 98         myCharPosY = a;
11694 3959 32 E4 1D     	ld (mycharposy), a
11695 395C              ; 99         //
11696 395C              ; 100         printMyHLStr(hl = LoadViewInfoSubString);
11697 395C 21 E5 39     	ld hl, loadviewinfosubstring
11698 395F CD ED 1B     	call printmyhlstr
11699 3962 E1           	pop hl
11700 3963 C9           	ret
11701 3964              ; 101     }
11702 3964              ; 102 }
11703 3964              ; 103
11704 3964              ; 104 uint8_t LoadViewShowProgressOld = 0xFF;
11705 3964              loadviewshowprogressold:
11706 3964 FF           	db 255
11707 3965              ; 105 void LoadViewShowProgressA() {
11708 3965              loadviewshowprogressa:
11709 3965              ; 106     push_pop(bc) {
11710 3965 C5           	push bc
11711 3966              ; 107         c = a; //Save
11712 3966 4F           	ld c, a
11713 3967              ; 108         if ((a = LoadViewShowProgressOld) != c) {
11714 3967 3A 64 39     	ld a, (loadviewshowprogressold)
11715 396A B9           	cp c
11716 396B CA 9D 39     	jp z, __l_803
11717 396E              ; 109             a = c;
11718 396E 79           	ld a, c
11719 396F              ; 110             LoadViewShowProgressOld = a;
11720 396F 32 64 39     	ld (loadviewshowprogressold), a
11721 3972              ; 111             // X
11722 3972              ; 112             a = LoadViewX;
11723 3972 3A 9F 39     	ld a, (loadviewx)
11724 3975              ; 113             a += 1;
11725 3975 C6 01        	add 1
11726 3977              ; 114             myCharPosX = a;
11727 3977 32 E3 1D     	ld (mycharposx), a
11728 397A              ; 115             // Y
11729 397A              ; 116             a = LoadViewY;
11730 397A 3A A0 39     	ld a, (loadviewy)
11731 397D              ; 117             a += 5; //2;
11732 397D C6 05        	add 5
11733 397F              ; 118             myCharPosY = a;
11734 397F 32 E4 1D     	ld (mycharposy), a
11735 3982              ; 119             b = 0;
11736 3982 06 00        	ld b, 0
11737 3984              ; 120             do {
11738 3984              __l_805:
11739 3984              ; 121                 if ((a = b) < c) {
11740 3984 78           	ld a, b
11741 3985 B9           	cp c
11742 3986 D2 91 39     	jp nc, __l_808
11743 3989              ; 122                     printMyCharA(a = 0xDB);
11744 3989 3E DB        	ld a, 219
11745 398B CD 4E 1C     	call printmychara
11746 398E C3 96 39     	jp __l_809
11747 3991              __l_808:
11748 3991              ; 123                 } else {
11749 3991              ; 124                     printMyCharA(a = 0xB0); //0xB0 0xB1 0xB2
11750 3991 3E B0        	ld a, 176
11751 3993 CD 4E 1C     	call printmychara
11752 3996              __l_809:
11753 3996              ; 125                 }
11754 3996              ; 126                 b++;
11755 3996 04           	inc b
11756 3997              __l_806:
11757 3997              ; 127             } while ((a = b) < 40);
11758 3997 78           	ld a, b
11759 3998 FE 28        	cp 40
11760 399A DA 84 39     	jp c, __l_805
11761 399D              __l_803:
11762 399D C1           	pop bc
11763 399E C9           	ret
11764 399F              ; 128         }
11765 399F              ; 129     }
11766 399F              ; 130 }
11767 399F              ; 131
11768 399F              ; 132 uint8_t LoadViewX = 3;
11769 399F              loadviewx:
11770 399F 03           	db 3
11771 39A0              ; 133 uint8_t LoadViewY = 11; //14;
11772 39A0              loadviewy:
11773 39A0 0B           	db 11
11774 39A1              ; 134 uint8_t LoadViewDX = 42;
11775 39A1              loadviewdx:
11776 39A1 2A           	db 42
11777 39A2              ; 135 uint8_t LoadViewDY = 9; //4;
11778 39A2              loadviewdy:
11779 39A2 09           	db 9
11780 39A3              ; 136 uint8_t LoadViewColor = 0x70; // 0x1F;
11781 39A3              loadviewcolor:
11782 39A3 70           	db 112
11783 39A4              ; 138 uint8_t LoadViewProgress = 0;
11784 39A4              loadviewprogress:
11785 39A4 00           	db 0
11786 39A5              ; 140 uint8_t LoadViewLoadTitle[] = "Load...";
11787 39A5              loadviewloadtitle:
11788 39A5 4C           	db 76
11789 39A6 6F           	db 111
11790 39A7 61           	db 97
11791 39A8 64           	db 100
11792 39A9 2E           	db 46
11793 39AA 2E           	db 46
11794 39AB 2E           	db 46
11795 39AC 00           	ds 1
11796 39AD              ; 141 uint8_t LoadViewUploadTitle[] = "Upload...";
11797 39AD              loadviewuploadtitle:
11798 39AD 55           	db 85
11799 39AE 70           	db 112
11800 39AF 6C           	db 108
11801 39B0 6F           	db 111
11802 39B1 61           	db 97
11803 39B2 64           	db 100
11804 39B3 2E           	db 46
11805 39B4 2E           	db 46
11806 39B5 2E           	db 46
11807 39B6 00           	ds 1
11808 39B7              ; 143 uint8_t LoadViewFTPPrefix[] = "ftp:";
11809 39B7              loadviewftpprefix:
11810 39B7 66           	db 102
11811 39B8 74           	db 116
11812 39B9 70           	db 112
11813 39BA 3A           	db 58
11814 39BB 00           	ds 1
11815 39BC              ; 144 uint8_t LoadViewInfoString[41] = "";
11816 39BC              loadviewinfostring:
11817 39BC 00 00 00...  	ds 41
11818 39E5              ; 145 uint8_t LoadViewInfoSubString[41] = "";
11819 39E5              loadviewinfosubstring:
11820 39E5 00 00 00...  	ds 41
11821 3A0E              ; 147 uint8_t LoadViewStrFrom[] = "From:";
11822 3A0E              loadviewstrfrom:
11823 3A0E 46           	db 70
11824 3A0F 72           	db 114
11825 3A10 6F           	db 111
11826 3A11 6D           	db 109
11827 3A12 3A           	db 58
11828 3A13 00           	ds 1
11829 3A14              ; 148 uint8_t LoadViewStrTo[] = "To:";
11830 3A14              loadviewstrto:
11831 3A14 54           	db 84
11832 3A15 6F           	db 111
11833 3A16 3A           	db 58
11834 3A17 00           	ds 1
11835 3A18              ; 149 uint8_t LoadViewStrName[] = "Name:";
11836 3A18              loadviewstrname:
11837 3A18 4E           	db 78
11838 3A19 61           	db 97
11839 3A1A 6D           	db 109
11840 3A1B 65           	db 101
11841 3A1C 3A           	db 58
11842 3A1D 00           	ds 1
11843 3A1E              ; 150 uint8_t LoadViewStrSize[] = "Size:";
11844 3A1E              loadviewstrsize:
11845 3A1E 53           	db 83
11846 3A1F 69           	db 105
11847 3A20 7A           	db 122
11848 3A21 65           	db 101
11849 3A22 3A           	db 58
11850 3A23 00           	ds 1
11851 3A24              ; 11 void WiFiNetworksViewShow() {
11852 3A24              wifinetworksviewshow:
11853 3A24              ; 12     CurrentViewChangeAndPushIdA(a = WiFiNetworksViewId);
11854 3A24 3E 07        	ld a, 7
11855 3A26 CD 58 1E     	call currentviewchangeandpushida
11856 3A29              ; 13     push_pop(bc, hl, de) {
11857 3A29 C5           	push bc
11858 3A2A E5           	push hl
11859 3A2B D5           	push de
11860 3A2C              ; 14         a = WiFiNetworksViewX;
11861 3A2C 3A 45 3C     	ld a, (wifinetworksviewx)
11862 3A2F              ; 15         h = a;
11863 3A2F 67           	ld h, a
11864 3A30              ; 16         a = WiFiNetworksViewY;
11865 3A30 3A 46 3C     	ld a, (wifinetworksviewy)
11866 3A33              ; 17         l = a;
11867 3A33 6F           	ld l, a
11868 3A34              ; 18         a = WiFiNetworksViewDX;
11869 3A34 3A 47 3C     	ld a, (wifinetworksviewdx)
11870 3A37              ; 19         d = a;
11871 3A37 57           	ld d, a
11872 3A38              ; 20         a = WiFiNetworksViewDY;
11873 3A38 3A 48 3C     	ld a, (wifinetworksviewdy)
11874 3A3B              ; 21         e = a;
11875 3A3B 5F           	ld e, a
11876 3A3C              ; 22         a = WiFiNetworksViewColor;
11877 3A3C 3A 49 3C     	ld a, (wifinetworksviewcolor)
11878 3A3F              ; 23         c = a;
11879 3A3F 4F           	ld c, a
11880 3A40              ; 24         a = vboxCLW;
11881 3A40 3E 40        	ld a, 64
11882 3A42              ; 25         a |= vboxFRM;
11883 3A42 F6 20        	or 32
11884 3A44              ; 26         a |= vboxSDW;
11885 3A44 F6 10        	or 16
11886 3A46              ; 27         a |= vboxSAV;
11887 3A46 F6 08        	or 8
11888 3A48              ; 28         a |= vboxUMP;
11889 3A48 F6 04        	or 4
11890 3A4A              ; 29         vboxOpenHLDECA();
11891 3A4A CD 86 4D     	call vboxopenhldeca
11892 3A4D D1           	pop de
11893 3A4E E1           	pop hl
11894 3A4F C1           	pop bc
11895 3A50              ; 30     }
11896 3A50              ; 31     WiFiNetworksViewShowTitle();
11897 3A50 CD 8F 3A     	call wifinetworksviewshowtitle
11898 3A53              ; 32     WiFiNetworksViewUpdateList();
11899 3A53              ; 33 }
11900 3A53              ; 34
11901 3A53              ; 35 void WiFiNetworksViewUpdateList() {
11902 3A53              wifinetworksviewupdatelist:
11903 3A53              ; 36     WiFiNetworksViewSelectLineA(a = 0);
11904 3A53 3E 00        	ld a, 0
11905 3A55 CD 10 3C     	call wifinetworksviewselectlinea
11906 3A58              ; 37     #ifdef _IS_SIMULATOR
11907 3A58              ; 38
11908 3A58              ; 39     #else
11909 3A58              ; 40         WiFiNetworksViewClearData();
11910 3A58 CD 55 3B     	call wifinetworksviewcleardata
11911 3A5B              ; 41         NetWiFiListUpdate();
11912 3A5B CD 87 13     	call netwifilistupdate
11913 3A5E              ; 42         NetWiFiGetList();
11914 3A5E CD 91 13     	call netwifigetlist
11915 3A61              ; 43         WiFiNetworksViewFixData();
11916 3A61 CD 71 3A     	call wifinetworksviewfixdata
11917 3A64              ; 44     #endif
11918 3A64              ; 45     WiFiNetworksViewShowList();
11919 3A64 CD 68 3B     	call wifinetworksviewshowlist
11920 3A67              ; 46     a = 0;
11921 3A67 3E 00        	ld a, 0
11922 3A69              ; 47     WiFiNetworksViewSelectPos = a;
11923 3A69 32 4B 3C     	ld (wifinetworksviewselectpos), a
11924 3A6C              ; 48     WiFiNetworksViewSelectLineA(a = 1);
11925 3A6C 3E 01        	ld a, 1
11926 3A6E C3 10 3C     	jp wifinetworksviewselectlinea
11927 3A71              ; 49 }
11928 3A71              ; 50
11929 3A71              ; 51 void WiFiNetworksViewFixData() {
11930 3A71              wifinetworksviewfixdata:
11931 3A71              ; 52     push_pop(hl, bc, de) {
11932 3A71 E5           	push hl
11933 3A72 C5           	push bc
11934 3A73 D5           	push de
11935 3A74              ; 53         hl = WiFiNetworksViewSSIDList;
11936 3A74 21 5C 3C     	ld hl, wifinetworksviewssidlist
11937 3A77              ; 54         de = 16;
11938 3A77 11 10 00     	ld de, 16
11939 3A7A              ; 55         b = 16;
11940 3A7A 06 10        	ld b, 16
11941 3A7C              ; 56         do {
11942 3A7C              __l_810:
11943 3A7C              ; 57             a = *hl;
11944 3A7C 7E           	ld a, (hl)
11945 3A7D              ; 58             if (a == 0) {
11946 3A7D B7           	or a
11947 3A7E C2 84 3A     	jp nz, __l_813
11948 3A81              ; 59                 a = '-';
11949 3A81 3E 2D        	ld a, 45
11950 3A83              ; 60                 *hl = a;
11951 3A83 77           	ld (hl), a
11952 3A84              __l_813:
11953 3A84              ; 61             }
11954 3A84              ; 62             hl += de;
11955 3A84 19           	add hl, de
11956 3A85              ; 63             b--;
11957 3A85 05           	dec b
11958 3A86              __l_811:
11959 3A86              ; 64         } while ((a = b) > 0);
11960 3A86 78           	ld a, b
11961 3A87 B7           	or a
11962 3A88 C2 7C 3A     	jp nz, __l_810
11963 3A8B D1           	pop de
11964 3A8C C1           	pop bc
11965 3A8D E1           	pop hl
11966 3A8E C9           	ret
11967 3A8F              ; 65     }
11968 3A8F              ; 66 }
11969 3A8F              ; 67
11970 3A8F              ; 68 void WiFiNetworksViewShowTitle() {
11971 3A8F              wifinetworksviewshowtitle:
11972 3A8F              ; 69     push_pop(hl, bc, de) {
11973 3A8F E5           	push hl
11974 3A90 C5           	push bc
11975 3A91 D5           	push de
11976 3A92              ; 70         // Title
11977 3A92              ; 71         a = WiFiNetworksViewX;
11978 3A92 3A 45 3C     	ld a, (wifinetworksviewx)
11979 3A95              ; 72         a += 3;
11980 3A95 C6 03        	add 3
11981 3A97              ; 73         myCharPosX = a;
11982 3A97 32 E3 1D     	ld (mycharposx), a
11983 3A9A              ; 74         a = WiFiNetworksViewY;
11984 3A9A 3A 46 3C     	ld a, (wifinetworksviewy)
11985 3A9D              ; 75         a += 1; //2;
11986 3A9D C6 01        	add 1
11987 3A9F              ; 76         myCharPosY = a;
11988 3A9F 32 E4 1D     	ld (mycharposy), a
11989 3AA2              ; 77         printMyHLStr(hl = WiFiNetworksViewTitle);
11990 3AA2 21 4C 3C     	ld hl, wifinetworksviewtitle
11991 3AA5 CD ED 1B     	call printmyhlstr
11992 3AA8              ; 78         // LINE!!!
11993 3AA8              ; 79         a = WiFiNetworksViewX;
11994 3AA8 3A 45 3C     	ld a, (wifinetworksviewx)
11995 3AAB              ; 80         a += 1;
11996 3AAB C6 01        	add 1
11997 3AAD              ; 81         myCharPosX = a;
11998 3AAD 32 E3 1D     	ld (mycharposx), a
11999 3AB0              ; 82         a = WiFiNetworksViewY;
12000 3AB0 3A 46 3C     	ld a, (wifinetworksviewy)
12001 3AB3              ; 83         a += 2;
12002 3AB3 C6 02        	add 2
12003 3AB5              ; 84         myCharPosY = a;
12004 3AB5 32 E4 1D     	ld (mycharposy), a
12005 3AB8              ; 85         a = WiFiNetworksViewDX;
12006 3AB8 3A 47 3C     	ld a, (wifinetworksviewdx)
12007 3ABB              ; 86         a -= 2;
12008 3ABB D6 02        	sub 2
12009 3ABD              ; 87         b = a;
12010 3ABD 47           	ld b, a
12011 3ABE              ; 88         do {
12012 3ABE              __l_815:
12013 3ABE              ; 89             printMyCharA(a = 0x5F);
12014 3ABE 3E 5F        	ld a, 95
12015 3AC0 CD 4E 1C     	call printmychara
12016 3AC3              ; 90             b--;
12017 3AC3 05           	dec b
12018 3AC4              __l_816:
12019 3AC4              ; 91         } while ((a = b) > 0);
12020 3AC4 78           	ld a, b
12021 3AC5 B7           	or a
12022 3AC6 C2 BE 3A     	jp nz, __l_815
12023 3AC9 D1           	pop de
12024 3ACA C1           	pop bc
12025 3ACB E1           	pop hl
12026 3ACC C9           	ret
12027 3ACD              ; 92     }
12028 3ACD              ; 93 }
12029 3ACD              ; 94
12030 3ACD              ; 95 void WiFiNetworksViewClose() {
12031 3ACD              wifinetworksviewclose:
12032 3ACD              ; 96     vboxClose();
12033 3ACD CD 9F 4E     	call vboxclose
12034 3AD0              ; 97     CurrentViewReturn();
12035 3AD0 C3 4F 1F     	jp currentviewreturn
12036 3AD3              ; 98 }
12037 3AD3              ; 99
12038 3AD3              ; 100 void WiFiNetworksViewKeyA() {
12039 3AD3              wifinetworksviewkeya:
12040 3AD3              ; 101     push_pop(hl) {
12041 3AD3 E5           	push hl
12042 3AD4              ; 102         l = a;
12043 3AD4 6F           	ld l, a
12044 3AD5              ; 103         if ((a = c) == 0) {
12045 3AD5 79           	ld a, c
12046 3AD6 B7           	or a
12047 3AD7 C2 1C 3B     	jp nz, __l_818
12048 3ADA              ; 104             if ((a = CurrentViewId) == WiFiNetworksViewId) {
12049 3ADA 3A 8F 1F     	ld a, (currentviewid)
12050 3ADD FE 07        	cp 7
12051 3ADF C2 1C 3B     	jp nz, __l_820
12052 3AE2              ; 105                 if ((a = l) == 0x1B) { //ESC выход
12053 3AE2 7D           	ld a, l
12054 3AE3 FE 1B        	cp 27
12055 3AE5 C2 EE 3A     	jp nz, __l_822
12056 3AE8              ; 106                     WiFiNetworksViewClose();
12057 3AE8 CD CD 3A     	call wifinetworksviewclose
12058 3AEB C3 1C 3B     	jp __l_823
12059 3AEE              __l_822:
12060 3AEE              ; 107                 } else if ((a = l) == 0x0D) { // Выбор
12061 3AEE 7D           	ld a, l
12062 3AEF FE 0D        	cp 13
12063 3AF1 C2 03 3B     	jp nz, __l_824
12064 3AF4              ; 108                     WiFiNetworksViewClose();
12065 3AF4 CD CD 3A     	call wifinetworksviewclose
12066 3AF7              ; 109                     //--
12067 3AF7              ; 110                     #ifdef _IS_SIMULATOR
12068 3AF7              ; 111                         WiFiNetworksViewCopySSIDForSimulator();
12069 3AF7              ; 112                         WifiStateViewShowValue();
12070 3AF7              ; 113                     #else
12071 3AF7              ; 114                         ThreadsNetSsidUpdateA(a = WiFiNetworksViewSelectPos);
12072 3AF7 3A 4B 3C     	ld a, (wifinetworksviewselectpos)
12073 3AFA CD 5B 26     	call threadsnetssidupdatea
12074 3AFD              ; 115                     #endif
12075 3AFD              ; 116                     WiFiSettingsViewShowValue();
12076 3AFD CD D0 19     	call wifisettingsviewshowvalue
12077 3B00 C3 1C 3B     	jp __l_825
12078 3B03              __l_824:
12079 3B03              ; 117                     //--
12080 3B03              ; 118                 } else if ((a = l) == 0x1A) { //down
12081 3B03 7D           	ld a, l
12082 3B04 FE 1A        	cp 26
12083 3B06 C2 11 3B     	jp nz, __l_826
12084 3B09              ; 119                     WiFiNetworksViewPosUpdateA(a = 0x01);
12085 3B09 3E 01        	ld a, 1
12086 3B0B CD CE 3B     	call wifinetworksviewposupdatea
12087 3B0E C3 1C 3B     	jp __l_827
12088 3B11              __l_826:
12089 3B11              ; 120                 } else if ((a = l) == 0x19) { //up
12090 3B11 7D           	ld a, l
12091 3B12 FE 19        	cp 25
12092 3B14 C2 1C 3B     	jp nz, __l_828
12093 3B17              ; 121                     WiFiNetworksViewPosUpdateA(a = 0xFF);
12094 3B17 3E FF        	ld a, 255
12095 3B19 CD CE 3B     	call wifinetworksviewposupdatea
12096 3B1C              __l_828:
12097 3B1C              __l_827:
12098 3B1C              __l_825:
12099 3B1C              __l_823:
12100 3B1C              __l_820:
12101 3B1C              __l_818:
12102 3B1C E1           	pop hl
12103 3B1D C9           	ret
12104 3B1E              ; 122                 }
12105 3B1E              ; 123             }
12106 3B1E              ; 124         }
12107 3B1E              ; 125     }
12108 3B1E              ; 126 }
12109 3B1E              ; 127
12110 3B1E              ; 128 void WiFiNetworksViewCopySSIDForSimulator() {
12111 3B1E              wifinetworksviewcopyssidforsimul:
12112 3B1E              ; 129     push_pop(hl, bc, de) {
12113 3B1E E5           	push hl
12114 3B1F C5           	push bc
12115 3B20 D5           	push de
12116 3B21              ; 130         hl = WiFiNetworksViewSSIDList;
12117 3B21 21 5C 3C     	ld hl, wifinetworksviewssidlist
12118 3B24              ; 131         a = WiFiNetworksViewSelectPos;
12119 3B24 3A 4B 3C     	ld a, (wifinetworksviewselectpos)
12120 3B27              ; 132         a &= 0x0F;
12121 3B27 E6 0F        	and 15
12122 3B29              ; 133         cyclic_rotate_left(a, 4);
12123 3B29 07           	rlca
12124 3B2A 07           	rlca
12125 3B2B 07           	rlca
12126 3B2C 07           	rlca
12127 3B2D              ; 134         e = a;
12128 3B2D 5F           	ld e, a
12129 3B2E              ; 135         d = 0;
12130 3B2E 16 00        	ld d, 0
12131 3B30              ; 136         hl += de;
12132 3B30 19           	add hl, de
12133 3B31              ; 137         de = WiFiSettingsViewSsidValue;
12134 3B31 11 5C 1B     	ld de, wifisettingsviewssidvalue
12135 3B34              ; 138         //-- Copy
12136 3B34              ; 139         b = 16;
12137 3B34 06 10        	ld b, 16
12138 3B36              ; 140         c = 0; // is 0 exist
12139 3B36 0E 00        	ld c, 0
12140 3B38              ; 141         do {
12141 3B38              __l_830:
12142 3B38              ; 142             a = *hl;
12143 3B38 7E           	ld a, (hl)
12144 3B39              ; 143             *de = a;
12145 3B39 12           	ld (de), a
12146 3B3A              ; 144             if (a == 0) {
12147 3B3A B7           	or a
12148 3B3B C2 40 3B     	jp nz, __l_833
12149 3B3E              ; 145                 c = 1;
12150 3B3E 0E 01        	ld c, 1
12151 3B40              __l_833:
12152 3B40              ; 146             }
12153 3B40              ; 147             hl++;
12154 3B40 23           	inc hl
12155 3B41              ; 148             de++;
12156 3B41 13           	inc de
12157 3B42              ; 149             b--;
12158 3B42 05           	dec b
12159 3B43              __l_831:
12160 3B43              ; 150         } while ((a = b) > 0);
12161 3B43 78           	ld a, b
12162 3B44 B7           	or a
12163 3B45 C2 38 3B     	jp nz, __l_830
12164 3B48              ; 151         //-- if stop byte (0)
12165 3B48              ; 152         if ((a = c) == 0) {
12166 3B48 79           	ld a, c
12167 3B49 B7           	or a
12168 3B4A C2 51 3B     	jp nz, __l_835
12169 3B4D              ; 153             de--;
12170 3B4D 1B           	dec de
12171 3B4E              ; 154             a = 0;
12172 3B4E 3E 00        	ld a, 0
12173 3B50              ; 155             *de = a;
12174 3B50 12           	ld (de), a
12175 3B51              __l_835:
12176 3B51 D1           	pop de
12177 3B52 C1           	pop bc
12178 3B53 E1           	pop hl
12179 3B54 C9           	ret
12180 3B55              ; 156         }
12181 3B55              ; 157     }
12182 3B55              ; 158 }
12183 3B55              ; 159
12184 3B55              ; 160 void WiFiNetworksViewClearData() {
12185 3B55              wifinetworksviewcleardata:
12186 3B55              ; 161     push_pop(hl, bc) {
12187 3B55 E5           	push hl
12188 3B56 C5           	push bc
12189 3B57              ; 162         hl = WiFiNetworksViewSSIDList;
12190 3B57 21 5C 3C     	ld hl, wifinetworksviewssidlist
12191 3B5A              ; 163         b = 0xFF;
12192 3B5A 06 FF        	ld b, 255
12193 3B5C              ; 164         do {
12194 3B5C              __l_837:
12195 3B5C              ; 165             *hl = 0;
12196 3B5C 36 00        	ld (hl), 0
12197 3B5E              ; 166             hl++;
12198 3B5E 23           	inc hl
12199 3B5F              ; 167             b--;
12200 3B5F 05           	dec b
12201 3B60              __l_838:
12202 3B60              ; 168         } while ((a = b) > 0);
12203 3B60 78           	ld a, b
12204 3B61 B7           	or a
12205 3B62 C2 5C 3B     	jp nz, __l_837
12206 3B65 C1           	pop bc
12207 3B66 E1           	pop hl
12208 3B67 C9           	ret
12209 3B68              ; 169     }
12210 3B68              ; 170 }
12211 3B68              ; 171
12212 3B68              ; 172 void WiFiNetworksViewShowList() {
12213 3B68              wifinetworksviewshowlist:
12214 3B68              ; 173     push_pop(hl, bc, de) {
12215 3B68 E5           	push hl
12216 3B69 C5           	push bc
12217 3B6A D5           	push de
12218 3B6B              ; 174         hl = WiFiNetworksViewSSIDList;
12219 3B6B 21 5C 3C     	ld hl, wifinetworksviewssidlist
12220 3B6E              ; 175         c = 0;
12221 3B6E 0E 00        	ld c, 0
12222 3B70              ; 176         //
12223 3B70              ; 177         a = WiFiNetworksViewX;
12224 3B70 3A 45 3C     	ld a, (wifinetworksviewx)
12225 3B73              ; 178         a += 2;
12226 3B73 C6 02        	add 2
12227 3B75              ; 179         d = a; // X
12228 3B75 57           	ld d, a
12229 3B76              ; 180         a = WiFiNetworksViewY;
12230 3B76 3A 46 3C     	ld a, (wifinetworksviewy)
12231 3B79              ; 181         a += 5;
12232 3B79 C6 05        	add 5
12233 3B7B              ; 182         e = a; // Y
12234 3B7B 5F           	ld e, a
12235 3B7C              ; 183         //
12236 3B7C              ; 184         do {
12237 3B7C              __l_840:
12238 3B7C              ; 185             //--
12239 3B7C              ; 186             a = e;
12240 3B7C 7B           	ld a, e
12241 3B7D              ; 187             a += c;
12242 3B7D 81           	add c
12243 3B7E              ; 188             myCharPosY = a;
12244 3B7E 32 E4 1D     	ld (mycharposy), a
12245 3B81              ; 189             a = d;
12246 3B81 7A           	ld a, d
12247 3B82              ; 190             myCharPosX = a;
12248 3B82 32 E3 1D     	ld (mycharposx), a
12249 3B85              ; 191             //--
12250 3B85              ; 192             b = 16;
12251 3B85 06 10        	ld b, 16
12252 3B87              ; 193             do {
12253 3B87              __l_843:
12254 3B87              ; 194                 printMyCharA(a = *hl);
12255 3B87 7E           	ld a, (hl)
12256 3B88 CD 4E 1C     	call printmychara
12257 3B8B              ; 195                 hl++;
12258 3B8B 23           	inc hl
12259 3B8C              ; 196                 b--;
12260 3B8C 05           	dec b
12261 3B8D              __l_844:
12262 3B8D              ; 197             } while ((a = b) > 0);
12263 3B8D 78           	ld a, b
12264 3B8E B7           	or a
12265 3B8F C2 87 3B     	jp nz, __l_843
12266 3B92              ; 198             c++;
12267 3B92 0C           	inc c
12268 3B93              __l_841:
12269 3B93              ; 199         } while ((a = WiFiNetworksViewSSIDCount) >= c);
12270 3B93 3A 5B 3C     	ld a, (wifinetworksviewssidcount)
12271 3B96 B9           	cp c
12272 3B97 D2 7C 3B     	jp nc, __l_840
12273 3B9A              ; 200         // Crean
12274 3B9A              ; 201         a = WiFiNetworksViewSSIDCount;
12275 3B9A 3A 5B 3C     	ld a, (wifinetworksviewssidcount)
12276 3B9D              ; 202         c = a;
12277 3B9D 4F           	ld c, a
12278 3B9E              ; 203         a = 16; // Максимальное число строк
12279 3B9E 3E 10        	ld a, 16
12280 3BA0              ; 204         a -= c;
12281 3BA0 91           	sub c
12282 3BA1              ; 205         if (a > 0) { // До добавляем пустые строки
12283 3BA1 B7           	or a
12284 3BA2 CA CA 3B     	jp z, __l_846
12285 3BA5              ; 206             b = a;
12286 3BA5 47           	ld b, a
12287 3BA6              ; 207             //--
12288 3BA6              ; 208             a = WiFiNetworksViewSSIDCount;
12289 3BA6 3A 5B 3C     	ld a, (wifinetworksviewssidcount)
12290 3BA9              ; 209             a += e;
12291 3BA9 83           	add e
12292 3BAA              ; 210             e = a;
12293 3BAA 5F           	ld e, a
12294 3BAB              ; 211             //--
12295 3BAB              ; 212             h = 0;
12296 3BAB 26 00        	ld h, 0
12297 3BAD              ; 213             do {
12298 3BAD              __l_848:
12299 3BAD              ; 214                 //--
12300 3BAD              ; 215                 a = e;
12301 3BAD 7B           	ld a, e
12302 3BAE              ; 216                 a += h;
12303 3BAE 84           	add h
12304 3BAF              ; 217                 myCharPosY = a;
12305 3BAF 32 E4 1D     	ld (mycharposy), a
12306 3BB2              ; 218                 a = d;
12307 3BB2 7A           	ld a, d
12308 3BB3              ; 219                 myCharPosX = a;
12309 3BB3 32 E3 1D     	ld (mycharposx), a
12310 3BB6              ; 220                 //--
12311 3BB6              ; 221                 c = 16;
12312 3BB6 0E 10        	ld c, 16
12313 3BB8              ; 222                 do {
12314 3BB8              __l_851:
12315 3BB8              ; 223                     printMyCharA(a = ' ');
12316 3BB8 3E 20        	ld a, 32
12317 3BBA CD 4E 1C     	call printmychara
12318 3BBD              ; 224                     c--;
12319 3BBD 0D           	dec c
12320 3BBE              __l_852:
12321 3BBE              ; 225                 } while ((a = c) > 0);
12322 3BBE 79           	ld a, c
12323 3BBF B7           	or a
12324 3BC0 C2 B8 3B     	jp nz, __l_851
12325 3BC3              ; 226                 b--;
12326 3BC3 05           	dec b
12327 3BC4              ; 227                 h++;
12328 3BC4 24           	inc h
12329 3BC5              __l_849:
12330 3BC5              ; 228             } while ((a = b) > 0);
12331 3BC5 78           	ld a, b
12332 3BC6 B7           	or a
12333 3BC7 C2 AD 3B     	jp nz, __l_848
12334 3BCA              __l_846:
12335 3BCA D1           	pop de
12336 3BCB C1           	pop bc
12337 3BCC E1           	pop hl
12338 3BCD C9           	ret
12339 3BCE              ; 229         }
12340 3BCE              ; 230     }
12341 3BCE              ; 231 }
12342 3BCE              ; 232
12343 3BCE              ; 233 /// Обновление позиции
12344 3BCE              ; 234 /// вх[A]
12345 3BCE              ; 235 /// 0 - без изменений
12346 3BCE              ; 236 /// 1 - вверх
12347 3BCE              ; 237 /// 0xFF - вниз
12348 3BCE              ; 238 void WiFiNetworksViewPosUpdateA() {
12349 3BCE              wifinetworksviewposupdatea:
12350 3BCE              ; 239     push_pop(bc) {
12351 3BCE C5           	push bc
12352 3BCF              ; 240         b = a;
12353 3BCF 47           	ld b, a
12354 3BD0              ; 241         if (a == 0) {
12355 3BD0 B7           	or a
12356 3BD1 C2 DC 3B     	jp nz, __l_854
12357 3BD4              ; 242             WiFiNetworksViewSelectLineA(a = 1);
12358 3BD4 3E 01        	ld a, 1
12359 3BD6 CD 10 3C     	call wifinetworksviewselectlinea
12360 3BD9 C3 0E 3C     	jp __l_855
12361 3BDC              __l_854:
12362 3BDC              ; 243         } else {
12363 3BDC              ; 244             a = WiFiNetworksViewSSIDCount;
12364 3BDC 3A 5B 3C     	ld a, (wifinetworksviewssidcount)
12365 3BDF              ; 245             c = a;
12366 3BDF 4F           	ld c, a
12367 3BE0              ; 246             WiFiNetworksViewSelectLineA(a = 0);
12368 3BE0 3E 00        	ld a, 0
12369 3BE2 CD 10 3C     	call wifinetworksviewselectlinea
12370 3BE5              ; 247             if ((a = c) == 0) { // нет ни одной записи
12371 3BE5 79           	ld a, c
12372 3BE6 B7           	or a
12373 3BE7 C2 F2 3B     	jp nz, __l_856
12374 3BEA              ; 248                 a = 0;
12375 3BEA 3E 00        	ld a, 0
12376 3BEC              ; 249                 WiFiNetworksViewSelectPos = a;
12377 3BEC 32 4B 3C     	ld (wifinetworksviewselectpos), a
12378 3BEF C3 09 3C     	jp __l_857
12379 3BF2              __l_856:
12380 3BF2              ; 250             } else { // если есть хоть одна запись
12381 3BF2              ; 251                 a = WiFiNetworksViewSelectPos;
12382 3BF2 3A 4B 3C     	ld a, (wifinetworksviewselectpos)
12383 3BF5              ; 252                 a += b;
12384 3BF5 80           	add b
12385 3BF6              ; 253                 //-- FIX
12386 3BF6              ; 254                 if (a == 0xFF) {
12387 3BF6 FE FF        	cp 255
12388 3BF8 C2 00 3C     	jp nz, __l_858
12389 3BFB              ; 255                     a = c;
12390 3BFB 79           	ld a, c
12391 3BFC              ; 256                     a--;
12392 3BFC 3D           	dec a
12393 3BFD C3 06 3C     	jp __l_859
12394 3C00              __l_858:
12395 3C00              ; 257                 } else if (a == c) {
12396 3C00 B9           	cp c
12397 3C01 C2 06 3C     	jp nz, __l_860
12398 3C04              ; 258                     a = 0;
12399 3C04 3E 00        	ld a, 0
12400 3C06              __l_860:
12401 3C06              __l_859:
12402 3C06              ; 259                 }
12403 3C06              ; 260                 //--
12404 3C06              ; 261                 WiFiNetworksViewSelectPos = a;
12405 3C06 32 4B 3C     	ld (wifinetworksviewselectpos), a
12406 3C09              __l_857:
12407 3C09              ; 262             }
12408 3C09              ; 263             WiFiNetworksViewSelectLineA(a = 1);
12409 3C09 3E 01        	ld a, 1
12410 3C0B CD 10 3C     	call wifinetworksviewselectlinea
12411 3C0E              __l_855:
12412 3C0E C1           	pop bc
12413 3C0F C9           	ret
12414 3C10              ; 264         }
12415 3C10              ; 265     }
12416 3C10              ; 266 }
12417 3C10              ; 267
12418 3C10              ; 268 /// Рисование линии прямым или инверсным цветом
12419 3C10              ; 269 /// 0 - прямой
12420 3C10              ; 270 /// 1 - инверсный
12421 3C10              ; 271 void WiFiNetworksViewSelectLineA() {
12422 3C10              wifinetworksviewselectlinea:
12423 3C10              ; 272     push_pop(bc, hl, de) {
12424 3C10 C5           	push bc
12425 3C11 E5           	push hl
12426 3C12 D5           	push de
12427 3C13              ; 273         c = a;
12428 3C13 4F           	ld c, a
12429 3C14              ; 274         //--
12430 3C14              ; 275         a = WiFiNetworksViewSelectPos;
12431 3C14 3A 4B 3C     	ld a, (wifinetworksviewselectpos)
12432 3C17              ; 276         b = a;
12433 3C17 47           	ld b, a
12434 3C18              ; 277         //--
12435 3C18              ; 278         a = WiFiNetworksViewX;
12436 3C18 3A 45 3C     	ld a, (wifinetworksviewx)
12437 3C1B              ; 279         a += 1;
12438 3C1B C6 01        	add 1
12439 3C1D              ; 280         h = a; // X
12440 3C1D 67           	ld h, a
12441 3C1E              ; 281         a = WiFiNetworksViewY;
12442 3C1E 3A 46 3C     	ld a, (wifinetworksviewy)
12443 3C21              ; 282         a += 5;
12444 3C21 C6 05        	add 5
12445 3C23              ; 283         a += b;
12446 3C23 80           	add b
12447 3C24              ; 284         l = a; // Y
12448 3C24 6F           	ld l, a
12449 3C25              ; 285         //--
12450 3C25              ; 286         a = WiFiNetworksViewDX;
12451 3C25 3A 47 3C     	ld a, (wifinetworksviewdx)
12452 3C28              ; 287         a -= 2;
12453 3C28 D6 02        	sub 2
12454 3C2A              ; 288         d = a;
12455 3C2A 57           	ld d, a
12456 3C2B              ; 289         e = 1;
12457 3C2B 1E 01        	ld e, 1
12458 3C2D              ; 290         //--
12459 3C2D              ; 291         if ((a = c) == 0) {
12460 3C2D 79           	ld a, c
12461 3C2E B7           	or a
12462 3C2F C2 38 3C     	jp nz, __l_862
12463 3C32              ; 292             a = WiFiNetworksViewColor;
12464 3C32 3A 49 3C     	ld a, (wifinetworksviewcolor)
12465 3C35 C3 3B 3C     	jp __l_863
12466 3C38              __l_862:
12467 3C38              ; 293         } else {
12468 3C38              ; 294             a = WiFiNetworksViewInvColor;
12469 3C38 3A 4A 3C     	ld a, (wifinetworksviewinvcolor)
12470 3C3B              __l_863:
12471 3C3B              ; 295         }
12472 3C3B              ; 296         c = a;
12473 3C3B 4F           	ld c, a
12474 3C3C              ; 297         //--
12475 3C3C              ; 298         a = vboxUMP;
12476 3C3C 3E 04        	ld a, 4
12477 3C3E              ; 299         vboxOpenHLDECA();
12478 3C3E CD 86 4D     	call vboxopenhldeca
12479 3C41 D1           	pop de
12480 3C42 E1           	pop hl
12481 3C43 C1           	pop bc
12482 3C44 C9           	ret
12483 3C45              ; 300     }
12484 3C45              ; 301 }
12485 3C45              ; 302
12486 3C45              ; 303 uint8_t WiFiNetworksViewX = 14; //21;
12487 3C45              wifinetworksviewx:
12488 3C45 0E           	db 14
12489 3C46              ; 304 uint8_t WiFiNetworksViewY = 3;
12490 3C46              wifinetworksviewy:
12491 3C46 03           	db 3
12492 3C47              ; 305 uint8_t WiFiNetworksViewDX = 20;
12493 3C47              wifinetworksviewdx:
12494 3C47 14           	db 20
12495 3C48              ; 306 uint8_t WiFiNetworksViewDY = 23;
12496 3C48              wifinetworksviewdy:
12497 3C48 17           	db 23
12498 3C49              ; 307 uint8_t WiFiNetworksViewColor = 0x70;
12499 3C49              wifinetworksviewcolor:
12500 3C49 70           	db 112
12501 3C4A              ; 308 uint8_t WiFiNetworksViewInvColor = 0x07;
12502 3C4A              wifinetworksviewinvcolor:
12503 3C4A 07           	db 7
12504 3C4B              ; 310 uint8_t WiFiNetworksViewSelectPos = 0;
12505 3C4B              wifinetworksviewselectpos:
12506 3C4B 00           	db 0
12507 3C4C              ; 312 uint8_t WiFiNetworksViewTitle[] = "Wi-Fi Networks";
12508 3C4C              wifinetworksviewtitle:
12509 3C4C 57           	db 87
12510 3C4D 69           	db 105
12511 3C4E 2D           	db 45
12512 3C4F 46           	db 70
12513 3C50 69           	db 105
12514 3C51 20           	db 32
12515 3C52 4E           	db 78
12516 3C53 65           	db 101
12517 3C54 74           	db 116
12518 3C55 77           	db 119
12519 3C56 6F           	db 111
12520 3C57 72           	db 114
12521 3C58 6B           	db 107
12522 3C59 73           	db 115
12523 3C5A 00           	ds 1
12524 3C5B              ; 335 uint8_t WiFiNetworksViewSSIDCount = 0;
12525 3C5B              wifinetworksviewssidcount:
12526 3C5B 00           	db 0
12527 3C5C              ; 336 uint8_t WiFiNetworksViewSSIDList[16*16] = {
12528 3C5C              wifinetworksviewssidlist:
12529 3C5C 00           	db 0
12530 3C5D 00           	db 0
12531 3C5E 00           	db 0
12532 3C5F 00           	db 0
12533 3C60 00           	db 0
12534 3C61 00           	db 0
12535 3C62 00           	db 0
12536 3C63 00           	db 0
12537 3C64 00           	db 0
12538 3C65 00           	db 0
12539 3C66 00           	db 0
12540 3C67 00           	db 0
12541 3C68 00           	db 0
12542 3C69 00           	db 0
12543 3C6A 00           	db 0
12544 3C6B 00           	db 0
12545 3C6C 00           	db 0
12546 3C6D 00           	db 0
12547 3C6E 00           	db 0
12548 3C6F 00           	db 0
12549 3C70 00           	db 0
12550 3C71 00           	db 0
12551 3C72 00           	db 0
12552 3C73 00           	db 0
12553 3C74 00           	db 0
12554 3C75 00           	db 0
12555 3C76 00           	db 0
12556 3C77 00           	db 0
12557 3C78 00           	db 0
12558 3C79 00           	db 0
12559 3C7A 00           	db 0
12560 3C7B 00           	db 0
12561 3C7C 00           	db 0
12562 3C7D 00           	db 0
12563 3C7E 00           	db 0
12564 3C7F 00           	db 0
12565 3C80 00           	db 0
12566 3C81 00           	db 0
12567 3C82 00           	db 0
12568 3C83 00           	db 0
12569 3C84 00           	db 0
12570 3C85 00           	db 0
12571 3C86 00           	db 0
12572 3C87 00           	db 0
12573 3C88 00           	db 0
12574 3C89 00           	db 0
12575 3C8A 00           	db 0
12576 3C8B 00           	db 0
12577 3C8C 00           	db 0
12578 3C8D 00           	db 0
12579 3C8E 00           	db 0
12580 3C8F 00           	db 0
12581 3C90 00           	db 0
12582 3C91 00           	db 0
12583 3C92 00           	db 0
12584 3C93 00           	db 0
12585 3C94 00           	db 0
12586 3C95 00           	db 0
12587 3C96 00           	db 0
12588 3C97 00           	db 0
12589 3C98 00           	db 0
12590 3C99 00           	db 0
12591 3C9A 00           	db 0
12592 3C9B 00           	db 0
12593 3C9C 00           	db 0
12594 3C9D 00           	db 0
12595 3C9E 00           	db 0
12596 3C9F 00           	db 0
12597 3CA0 00           	db 0
12598 3CA1 00           	db 0
12599 3CA2 00           	db 0
12600 3CA3 00           	db 0
12601 3CA4 00           	db 0
12602 3CA5 00           	db 0
12603 3CA6 00           	db 0
12604 3CA7 00           	db 0
12605 3CA8 00           	db 0
12606 3CA9 00           	db 0
12607 3CAA 00           	db 0
12608 3CAB 00           	db 0
12609 3CAC 00           	db 0
12610 3CAD 00           	db 0
12611 3CAE 00           	db 0
12612 3CAF 00           	db 0
12613 3CB0 00           	db 0
12614 3CB1 00           	db 0
12615 3CB2 00           	db 0
12616 3CB3 00           	db 0
12617 3CB4 00           	db 0
12618 3CB5 00           	db 0
12619 3CB6 00           	db 0
12620 3CB7 00           	db 0
12621 3CB8 00           	db 0
12622 3CB9 00           	db 0
12623 3CBA 00           	db 0
12624 3CBB 00           	db 0
12625 3CBC 00           	db 0
12626 3CBD 00           	db 0
12627 3CBE 00           	db 0
12628 3CBF 00           	db 0
12629 3CC0 00           	db 0
12630 3CC1 00           	db 0
12631 3CC2 00           	db 0
12632 3CC3 00           	db 0
12633 3CC4 00           	db 0
12634 3CC5 00           	db 0
12635 3CC6 00           	db 0
12636 3CC7 00           	db 0
12637 3CC8 00           	db 0
12638 3CC9 00           	db 0
12639 3CCA 00           	db 0
12640 3CCB 00           	db 0
12641 3CCC 00           	db 0
12642 3CCD 00           	db 0
12643 3CCE 00           	db 0
12644 3CCF 00           	db 0
12645 3CD0 00           	db 0
12646 3CD1 00           	db 0
12647 3CD2 00           	db 0
12648 3CD3 00           	db 0
12649 3CD4 00           	db 0
12650 3CD5 00           	db 0
12651 3CD6 00           	db 0
12652 3CD7 00           	db 0
12653 3CD8 00           	db 0
12654 3CD9 00           	db 0
12655 3CDA 00           	db 0
12656 3CDB 00           	db 0
12657 3CDC 00           	db 0
12658 3CDD 00           	db 0
12659 3CDE 00           	db 0
12660 3CDF 00           	db 0
12661 3CE0 00           	db 0
12662 3CE1 00           	db 0
12663 3CE2 00           	db 0
12664 3CE3 00           	db 0
12665 3CE4 00           	db 0
12666 3CE5 00           	db 0
12667 3CE6 00           	db 0
12668 3CE7 00           	db 0
12669 3CE8 00           	db 0
12670 3CE9 00           	db 0
12671 3CEA 00           	db 0
12672 3CEB 00           	db 0
12673 3CEC 00           	db 0
12674 3CED 00           	db 0
12675 3CEE 00           	db 0
12676 3CEF 00           	db 0
12677 3CF0 00           	db 0
12678 3CF1 00           	db 0
12679 3CF2 00           	db 0
12680 3CF3 00           	db 0
12681 3CF4 00           	db 0
12682 3CF5 00           	db 0
12683 3CF6 00           	db 0
12684 3CF7 00           	db 0
12685 3CF8 00           	db 0
12686 3CF9 00           	db 0
12687 3CFA 00           	db 0
12688 3CFB 00           	db 0
12689 3CFC 00           	db 0
12690 3CFD 00           	db 0
12691 3CFE 00           	db 0
12692 3CFF 00           	db 0
12693 3D00 00           	db 0
12694 3D01 00           	db 0
12695 3D02 00           	db 0
12696 3D03 00           	db 0
12697 3D04 00           	db 0
12698 3D05 00           	db 0
12699 3D06 00           	db 0
12700 3D07 00           	db 0
12701 3D08 00           	db 0
12702 3D09 00           	db 0
12703 3D0A 00           	db 0
12704 3D0B 00           	db 0
12705 3D0C 00           	db 0
12706 3D0D 00           	db 0
12707 3D0E 00           	db 0
12708 3D0F 00           	db 0
12709 3D10 00           	db 0
12710 3D11 00           	db 0
12711 3D12 00           	db 0
12712 3D13 00           	db 0
12713 3D14 00           	db 0
12714 3D15 00           	db 0
12715 3D16 00           	db 0
12716 3D17 00           	db 0
12717 3D18 00           	db 0
12718 3D19 00           	db 0
12719 3D1A 00           	db 0
12720 3D1B 00           	db 0
12721 3D1C 00           	db 0
12722 3D1D 00           	db 0
12723 3D1E 00           	db 0
12724 3D1F 00           	db 0
12725 3D20 00           	db 0
12726 3D21 00           	db 0
12727 3D22 00           	db 0
12728 3D23 00           	db 0
12729 3D24 00           	db 0
12730 3D25 00           	db 0
12731 3D26 00           	db 0
12732 3D27 00           	db 0
12733 3D28 00           	db 0
12734 3D29 00           	db 0
12735 3D2A 00           	db 0
12736 3D2B 00           	db 0
12737 3D2C 00           	db 0
12738 3D2D 00           	db 0
12739 3D2E 00           	db 0
12740 3D2F 00           	db 0
12741 3D30 00           	db 0
12742 3D31 00           	db 0
12743 3D32 00           	db 0
12744 3D33 00           	db 0
12745 3D34 00           	db 0
12746 3D35 00           	db 0
12747 3D36 00           	db 0
12748 3D37 00           	db 0
12749 3D38 00           	db 0
12750 3D39 00           	db 0
12751 3D3A 00           	db 0
12752 3D3B 00           	db 0
12753 3D3C 00           	db 0
12754 3D3D 00           	db 0
12755 3D3E 00           	db 0
12756 3D3F 00           	db 0
12757 3D40 00           	db 0
12758 3D41 00           	db 0
12759 3D42 00           	db 0
12760 3D43 00           	db 0
12761 3D44 00           	db 0
12762 3D45 00           	db 0
12763 3D46 00           	db 0
12764 3D47 00           	db 0
12765 3D48 00           	db 0
12766 3D49 00           	db 0
12767 3D4A 00           	db 0
12768 3D4B 00           	db 0
12769 3D4C 00           	db 0
12770 3D4D 00           	db 0
12771 3D4E 00           	db 0
12772 3D4F 00           	db 0
12773 3D50 00           	db 0
12774 3D51 00           	db 0
12775 3D52 00           	db 0
12776 3D53 00           	db 0
12777 3D54 00           	db 0
12778 3D55 00           	db 0
12779 3D56 00           	db 0
12780 3D57 00           	db 0
12781 3D58 00           	db 0
12782 3D59 00           	db 0
12783 3D5A 00           	db 0
12784 3D5B 00           	db 0
12785 3D5C              ; 11 void DebugShowIn00HexA() {
12786 3D5C              debugshowin00hexa:
12787 3D5C              ; 12     push_pop(bc, de) {
12788 3D5C C5           	push bc
12789 3D5D D5           	push de
12790 3D5E              ; 13         b = a;
12791 3D5E 47           	ld b, a
12792 3D5F              ; 14         a = 0;
12793 3D5F 3E 00        	ld a, 0
12794 3D61              ; 15         myCharPosX = a;
12795 3D61 32 E3 1D     	ld (mycharposx), a
12796 3D64              ; 16         a = 0;
12797 3D64 3E 00        	ld a, 0
12798 3D66              ; 17         myCharPosY = a;
12799 3D66 32 E4 1D     	ld (mycharposy), a
12800 3D69              ; 18         printMyHexA(a = b);
12801 3D69 78           	ld a, b
12802 3D6A CD 9E 1B     	call printmyhexa
12803 3D6D D1           	pop de
12804 3D6E C1           	pop bc
12805 3D6F C9           	ret
12806 3D70              ; 19     }
12807 3D70              ; 20 }
12808 3D70              ; 21
12809 3D70              ; 22 void DebugFilesCreate() {
12810 3D70              debugfilescreate:
12811 3D70              ; 23     push_pop(bc, de, hl) {
12812 3D70 C5           	push bc
12813 3D71 D5           	push de
12814 3D72 E5           	push hl
12815 3D73              ; 24         d = 0;
12816 3D73 16 00        	ld d, 0
12817 3D75              ; 25         e = 1;
12818 3D75 1E 01        	ld e, 1
12819 3D77              ; 26         b = 38; //40; //44;
12820 3D77 06 26        	ld b, 38
12821 3D79              ; 27         do {
12822 3D79              __l_864:
12823 3D79              ; 28             hl = DebugFileCreateName;
12824 3D79 21 FC 3D     	ld hl, debugfilecreatename
12825 3D7C              ; 29             hl++;
12826 3D7C 23           	inc hl
12827 3D7D              ; 30             a = 0x30;
12828 3D7D 3E 30        	ld a, 48
12829 3D7F              ; 31             a += d;
12830 3D7F 82           	add d
12831 3D80              ; 32             *hl = a;
12832 3D80 77           	ld (hl), a
12833 3D81              ; 33             hl++;
12834 3D81 23           	inc hl
12835 3D82              ; 34             a = 0x30;
12836 3D82 3E 30        	ld a, 48
12837 3D84              ; 35             a += e;
12838 3D84 83           	add e
12839 3D85              ; 36             *hl = a;
12840 3D85 77           	ld (hl), a
12841 3D86              ; 37             DebugFileCreate();
12842 3D86 CD A0 3D     	call debugfilecreate
12843 3D89              ; 38             //-- Inc
12844 3D89              ; 39             e++;
12845 3D89 1C           	inc e
12846 3D8A              ; 40             if ((a = e) >= 10) {
12847 3D8A 7B           	ld a, e
12848 3D8B FE 0A        	cp 10
12849 3D8D DA 93 3D     	jp c, __l_867
12850 3D90              ; 41                 e = 0;
12851 3D90 1E 00        	ld e, 0
12852 3D92              ; 42                 d++;
12853 3D92 14           	inc d
12854 3D93              __l_867:
12855 3D93              ; 43             }
12856 3D93              ; 44             //--
12857 3D93              ; 45             b--;
12858 3D93 05           	dec b
12859 3D94              __l_865:
12860 3D94              ; 46         } while ((a = b) > 0);
12861 3D94 78           	ld a, b
12862 3D95 B7           	or a
12863 3D96 C2 79 3D     	jp nz, __l_864
12864 3D99              ; 47         //-- Reload disk
12865 3D99              ; 48         DiskViewReload();
12866 3D99 CD 45 2C     	call diskviewreload
12867 3D9C E1           	pop hl
12868 3D9D D1           	pop de
12869 3D9E C1           	pop bc
12870 3D9F C9           	ret
12871 3DA0              ; 49     }
12872 3DA0              ; 50 }
12873 3DA0              ; 51
12874 3DA0              ; 52 void DebugFileCreate() {
12875 3DA0              debugfilecreate:
12876 3DA0              ; 53     push_pop(bc, de, hl) {
12877 3DA0 C5           	push bc
12878 3DA1 D5           	push de
12879 3DA2 E5           	push hl
12880 3DA3              ; 54         //-- Set current drive
12881 3DA3              ; 55         a = DiskViewDiskNum;
12882 3DA3 3A 2A 2D     	ld a, (diskviewdisknum)
12883 3DA6              ; 56         ordos_wnd();
12884 3DA6 CD D6 BF     	call ordos_wnd
12885 3DA9              ; 57         //-- Get new point HL
12886 3DA9              ; 58         ordos_mxdsk();
12887 3DA9 CD B8 BF     	call ordos_mxdsk
12888 3DAC              ; 59         //-- write name
12889 3DAC              ; 60         de = DebugFileCreateName;
12890 3DAC 11 FC 3D     	ld de, debugfilecreatename
12891 3DAF              ; 61         b = 16;
12892 3DAF 06 10        	ld b, 16
12893 3DB1              ; 62         do {
12894 3DB1              __l_869:
12895 3DB1              ; 63             a = *de;
12896 3DB1 1A           	ld a, (de)
12897 3DB2              ; 64             ordos_wdisk();
12898 3DB2 CD DF BF     	call ordos_wdisk
12899 3DB5              ; 65             de++;
12900 3DB5 13           	inc de
12901 3DB6              ; 66             hl++;
12902 3DB6 23           	inc hl
12903 3DB7              ; 67             b--;
12904 3DB7 05           	dec b
12905 3DB8              __l_870:
12906 3DB8              ; 68         } while ((a = b) > 0);
12907 3DB8 78           	ld a, b
12908 3DB9 B7           	or a
12909 3DBA C2 B1 3D     	jp nz, __l_869
12910 3DBD              ; 69         //-- write data
12911 3DBD              ; 70         b = 17;
12912 3DBD 06 11        	ld b, 17
12913 3DBF              ; 71         do {
12914 3DBF              __l_872:
12915 3DBF              ; 72             a = 0xFF;
12916 3DBF 3E FF        	ld a, 255
12917 3DC1              ; 73             ordos_wdisk();
12918 3DC1 CD DF BF     	call ordos_wdisk
12919 3DC4              ; 74             hl++;
12920 3DC4 23           	inc hl
12921 3DC5              ; 75             b--;
12922 3DC5 05           	dec b
12923 3DC6              __l_873:
12924 3DC6              ; 76         } while ((a = b) > 0);
12925 3DC6 78           	ld a, b
12926 3DC7 B7           	or a
12927 3DC8 C2 BF 3D     	jp nz, __l_872
12928 3DCB E1           	pop hl
12929 3DCC D1           	pop de
12930 3DCD C1           	pop bc
12931 3DCE C9           	ret
12932 3DCF              ; 77     }
12933 3DCF              ; 78 }
12934 3DCF              ; 79
12935 3DCF              ; 80 /// Деление E на B
12936 3DCF              ; 81 /// вх[E, B] - E = делимое, B = делитель
12937 3DCF              ; 82 /// вых[E, D] - E = частное, D = остаток
12938 3DCF              ; 83 void EDivBToE() {
12939 3DCF              edivbtoe:
12940 3DCF              ; 84     push_pop(bc) {
12941 3DCF C5           	push bc
12942 3DD0              ; 85         d = 0; //Очищаем D (здесь будем накапливать остаток)
12943 3DD0 16 00        	ld d, 0
12944 3DD2              ; 86         c = 8; //Счетчик итераций: 8 бит
12945 3DD2 0E 08        	ld c, 8
12946 3DD4              ; 87         do {
12947 3DD4              __l_875:
12948 3DD4              ; 88             a = e; //Сдвигаем делимое влево через перенос (CF)
12949 3DD4 7B           	ld a, e
12950 3DD5              ; 89             carry_rotate_left(a, 1);
12951 3DD5 17           	rla
12952 3DD6              ; 90             e = a;
12953 3DD6 5F           	ld e, a
12954 3DD7              ; 91
12955 3DD7              ; 92             a = d; //Сдвигаем остаток влево с учетом выдвинутого бита
12956 3DD7 7A           	ld a, d
12957 3DD8              ; 93             carry_rotate_left(a, 1);
12958 3DD8 17           	rla
12959 3DD9              ; 94             d = a;
12960 3DD9 57           	ld d, a
12961 3DDA              ; 95
12962 3DDA              ; 96             a -= b; //Вычитаем делитель из старшей части (остатка)
12963 3DDA 90           	sub b
12964 3DDB              ; 97
12965 3DDB              ; 98             if (flag_nc) { //Если делитель больше, переходим к следующему шагу
12966 3DDB DA DF 3D     	jp c, __l_878
12967 3DDE              ; 99                 d = a; //Иначе сохраняем новый остаток
12968 3DDE 57           	ld d, a
12969 3DDF              __l_878:
12970 3DDF              ; 100             }
12971 3DDF              ; 101
12972 3DDF              ; 102             c--; //Уменьшаем счетчик цикла
12973 3DDF 0D           	dec c
12974 3DE0              __l_876:
12975 3DE0 C2 D4 3D     	jp nz, __l_875
12976 3DE3              ; 103         } while (flag_nz); //Повторяем 8 раз (JNZ)
12977 3DE3              ; 104
12978 3DE3              ; 105         // Корректируем частное (инвертируем остаток операции вычитания)
12979 3DE3              ; 106         a = e;
12980 3DE3 7B           	ld a, e
12981 3DE4              ; 107         invert(a);
12982 3DE4 2F           	cpl
12983 3DE5              ; 108         e = a;
12984 3DE5 5F           	ld e, a
12985 3DE6 C1           	pop bc
12986 3DE7              ; 109     }
12987 3DE7              ; 110     return;
12988 3DE7 C9           	ret
12989 3DE8              ; 111 }
12990 3DE8              ; 112
12991 3DE8              ; 113 /// Деление BC / DE
12992 3DE8              ; 114 /// вх[BC, DE] - BC - делимое, DE - делитель.
12993 3DE8              ; 115 /// вых[BC, DE] - BC - частное, DE - остаток.
12994 3DE8              ; 116 void HLDivDEToHL() {
12995 3DE8              hldivdetohl:
12996 3DE8              ; 117     push_pop(hl) {
12997 3DE8 E5           	push hl
12998 3DE9              ; 118         //NEGATE THE DIVISOR
12999 3DE9              ; 119         a = d;
13000 3DE9 7A           	ld a, d
13001 3DEA              ; 120         invert(a);
13002 3DEA 2F           	cpl
13003 3DEB              ; 121         d = a;
13004 3DEB 57           	ld d, a
13005 3DEC              ; 122         a = e;
13006 3DEC 7B           	ld a, e
13007 3DED              ; 123         invert(a);
13008 3DED 2F           	cpl
13009 3DEE              ; 124         e = a;
13010 3DEE 5F           	ld e, a
13011 3DEF E1           	pop hl
13012 3DF0 C9           	ret
13013 3DF1              ; 125
13014 3DF1              ; 126
13015 3DF1              ; 127 //        INX D ;FOR TWO'S COMPLEMENT
13016 3DF1              ; 128 //        LXI H, 0 ;INITIAL VALUE FOR REMAINDER
13017 3DF1              ; 129 //        MVI A, 17 ;INITIALIZE LOOP COUNTER
13018 3DF1              ; 130 //        DV0: PUSH H ;SAVE REMAINDER
13019 3DF1              ; 131 //        DAD D ;SUBTRACT DIVISOR (ADD NEGATIVE)
13020 3DF1              ; 132 //        JNC DV1 ;UNDER FLOW, RESTORE HL
13021 3DF1              ; 133 //        XTHL
13022 3DF1              ; 134 //        DV1: POP H
13023 3DF1              ; 135 //        PUSH PSW ;SAVE LOOP COUNTER (A)
13024 3DF1              ; 136 //        MOV A, C ;4 REGISTER LEFT SHIFT WITH CARRY CY->C->B->L->H
13025 3DF1              ; 137 //        RAL
13026 3DF1              ; 138 //        MOV C, A
13027 3DF1              ; 139 //        MOV A, B
13028 3DF1              ; 140 //        RAL
13029 3DF1              ; 141 //        MOV B, A
13030 3DF1              ; 142 //        MOV A, L
13031 3DF1              ; 143 //        RAL
13032 3DF1              ; 144 //        MOV L, A
13033 3DF1              ; 145 //        MOV A, H
13034 3DF1              ; 146 //        RAL
13035 3DF1              ; 147 //        MOV H, A
13036 3DF1              ; 148 //        POP PSW ;RESTORE LOOP COUNTER (A)
13037 3DF1              ; 149 //        DCR A ;DECREMENT IT
13038 3DF1              ; 150 //        JNZ DV0 ;KEEP LOOPING
13039 3DF1              ; 151 //        ;POST-DIVIDE CLEAN UP
13040 3DF1              ; 152 //        ;SHIFT REMAINDER RIGHT AND RETURN IN DE
13041 3DF1              ; 153 //        ORA A
13042 3DF1              ; 154 //        MOV A, H
13043 3DF1              ; 155 //        RAR
13044 3DF1              ; 156 //        MOV D, A
13045 3DF1              ; 157 //        MOV A, L
13046 3DF1              ; 158 //        RAR
13047 3DF1              ; 159 //        MOV E, A
13048 3DF1              ; 160     }
13049 3DF1              ; 161 }
13050 3DF1              ; 162
13051 3DF1              ; 163 /// Умножение HL на 10 (HL = HL * 10)
13052 3DF1              ; 164 void MulHLx10() {
13053 3DF1              mulhlx10:
13054 3DF1              ; 165     push_pop(de) { // Сохраняем DE
13055 3DF1 D5           	push de
13056 3DF2              ; 166         d = h; // DE = HL
13057 3DF2 54           	ld d, h
13058 3DF3              ; 167         e = l;
13059 3DF3 5D           	ld e, l
13060 3DF4              ; 168
13061 3DF4              ; 169         hl += hl; // HL = HL * 2
13062 3DF4 29           	add hl, hl
13063 3DF5              ; 170
13064 3DF5              ; 171         d = h; // DE = HL (HL * 2)
13065 3DF5 54           	ld d, h
13066 3DF6              ; 172         e = l;
13067 3DF6 5D           	ld e, l
13068 3DF7              ; 173
13069 3DF7              ; 174         hl += hl; // HL = HL * 4
13070 3DF7 29           	add hl, hl
13071 3DF8              ; 175         hl += hl; // HL = HL * 8
13072 3DF8 29           	add hl, hl
13073 3DF9              ; 176
13074 3DF9              ; 177         hl += de; // (HL * 8) + (HL * 2)
13075 3DF9 19           	add hl, de
13076 3DFA D1           	pop de
13077 3DFB C9           	ret
13078 3DFC              ; 178     }
13079 3DFC              ; 179 }
13080 3DFC              ; 180
13081 3DFC              ; 181 uint8_t DebugFileCreateName[] = {0x54, 0x30 , 0x30 , 0x24 , 0x20 , 0x20 , 0x20 , 0x20 , 0x00 , 0x10 , 0x10 , 0x00 , 0x00 , 0x00 , 0x00 , 0x00};
13082 3DFC              debugfilecreatename:
13083 3DFC 54           	db 84
13084 3DFD 30           	db 48
13085 3DFE 30           	db 48
13086 3DFF 24           	db 36
13087 3E00 20           	db 32
13088 3E01 20           	db 32
13089 3E02 20           	db 32
13090 3E03 20           	db 32
13091 3E04 00           	db 0
13092 3E05 10           	db 16
13093 3E06 10           	db 16
13094 3E07 00           	db 0
13095 3E08 00           	db 0
13096 3E09 00           	db 0
13097 3E0A 00           	db 0
13098 3E0B 00           	db 0
13099 3E0C              ; 11 void AllertYesNoViewShowHL() {
13100 3E0C              allertyesnoviewshowhl:
13101 3E0C              ; 12     AllertYesNoViewTitlePoint = hl;
13102 3E0C 22 64 3F     	ld (allertyesnoviewtitlepoint), hl
13103 3E0F              ; 13     CurrentViewChangeAndPushIdA(a = AllertYesNoViewId);
13104 3E0F 3E 09        	ld a, 9
13105 3E11 CD 58 1E     	call currentviewchangeandpushida
13106 3E14              ; 14     a = 0;
13107 3E14 3E 00        	ld a, 0
13108 3E16              ; 15     AllertYesNoViewReturnValue = a;
13109 3E16 32 63 3F     	ld (allertyesnoviewreturnvalue), a
13110 3E19              ; 16     a = 0;
13111 3E19 3E 00        	ld a, 0
13112 3E1B              ; 17     AllertYesNoViewPos = a;
13113 3E1B 32 62 3F     	ld (allertyesnoviewpos), a
13114 3E1E              ; 18     push_pop(bc, hl, de) {
13115 3E1E C5           	push bc
13116 3E1F E5           	push hl
13117 3E20 D5           	push de
13118 3E21              ; 19         a = AllertYesNoViewX;
13119 3E21 3A 5D 3F     	ld a, (allertyesnoviewx)
13120 3E24              ; 20         h = a;
13121 3E24 67           	ld h, a
13122 3E25              ; 21         a = AllertYesNoViewY;
13123 3E25 3A 5E 3F     	ld a, (allertyesnoviewy)
13124 3E28              ; 22         l = a;
13125 3E28 6F           	ld l, a
13126 3E29              ; 23         a = AllertYesNoViewDX;
13127 3E29 3A 5F 3F     	ld a, (allertyesnoviewdx)
13128 3E2C              ; 24         d = a;
13129 3E2C 57           	ld d, a
13130 3E2D              ; 25         a = AllertYesNoViewDY;
13131 3E2D 3A 60 3F     	ld a, (allertyesnoviewdy)
13132 3E30              ; 26         e = a;
13133 3E30 5F           	ld e, a
13134 3E31              ; 27         a = AllertYesNoViewColor;
13135 3E31 3A 61 3F     	ld a, (allertyesnoviewcolor)
13136 3E34              ; 28         c = a;
13137 3E34 4F           	ld c, a
13138 3E35              ; 29         a = vboxCLW;
13139 3E35 3E 40        	ld a, 64
13140 3E37              ; 30         a |= vboxFRM;
13141 3E37 F6 20        	or 32
13142 3E39              ; 31         a |= vboxSDW;
13143 3E39 F6 10        	or 16
13144 3E3B              ; 32         a |= vboxSAV;
13145 3E3B F6 08        	or 8
13146 3E3D              ; 33         a |= vboxUMP;
13147 3E3D F6 04        	or 4
13148 3E3F              ; 34         vboxOpenHLDECA();
13149 3E3F CD 86 4D     	call vboxopenhldeca
13150 3E42              ; 35
13151 3E42              ; 36         // NO Button
13152 3E42              ; 37         a = AllertYesNoViewX;
13153 3E42 3A 5D 3F     	ld a, (allertyesnoviewx)
13154 3E45              ; 38         a += 6; //!
13155 3E45 C6 06        	add 6
13156 3E47              ; 39         h = a;
13157 3E47 67           	ld h, a
13158 3E48              ; 40         a = AllertYesNoViewY;
13159 3E48 3A 5E 3F     	ld a, (allertyesnoviewy)
13160 3E4B              ; 41         a += 4;
13161 3E4B C6 04        	add 4
13162 3E4D              ; 42         l = a;
13163 3E4D 6F           	ld l, a
13164 3E4E              ; 43         d = 4;
13165 3E4E 16 04        	ld d, 4
13166 3E50              ; 44         e = 3;
13167 3E50 1E 03        	ld e, 3
13168 3E52              ; 45         ButtonShadowViewShow(bc = StringLocaleNo);
13169 3E52 01 99 1F     	ld bc, stringlocaleno
13170 3E55 CD 97 22     	call buttonshadowviewshow
13171 3E58              ; 46         // YES Button
13172 3E58              ; 47         a = AllertYesNoViewX;
13173 3E58 3A 5D 3F     	ld a, (allertyesnoviewx)
13174 3E5B              ; 48         a += 6 + 7; //!
13175 3E5B C6 0D        	add 13
13176 3E5D              ; 49         h = a;
13177 3E5D 67           	ld h, a
13178 3E5E              ; 50         a = AllertYesNoViewY;
13179 3E5E 3A 5E 3F     	ld a, (allertyesnoviewy)
13180 3E61              ; 51         a += 4;
13181 3E61 C6 04        	add 4
13182 3E63              ; 52         l = a;
13183 3E63 6F           	ld l, a
13184 3E64              ; 53         d = 5;
13185 3E64 16 05        	ld d, 5
13186 3E66              ; 54         e = 3;
13187 3E66 1E 03        	ld e, 3
13188 3E68              ; 55         ButtonShadowView2Show(bc = StringLocaleYes);
13189 3E68 01 95 1F     	ld bc, stringlocaleyes
13190 3E6B CD 66 3F     	call buttonshadowview2show
13191 3E6E D1           	pop de
13192 3E6F E1           	pop hl
13193 3E70 C1           	pop bc
13194 3E71              ; 56     }
13195 3E71              ; 57     AllertYesNoViewShowTitle();
13196 3E71 CD 1C 3F     	call allertyesnoviewshowtitle
13197 3E74              ; 58     AllertYesNoViewPosUpdate();
13198 3E74 CD F3 3E     	call allertyesnoviewposupdate
13199 3E77              ; 59     AllertYesNoViewLoopKey();
13200 3E77              ; 60 }
13201 3E77              ; 61
13202 3E77              ; 62 void AllertYesNoViewLoopKey() {
13203 3E77              allertyesnoviewloopkey:
13204 3E77              ; 63     push_pop(bc) {
13205 3E77 C5           	push bc
13206 3E78              ; 64         b = 0;
13207 3E78 06 00        	ld b, 0
13208 3E7A              ; 65         do {
13209 3E7A              __l_880:
13210 3E7A              ; 66             getKeyboardCharA();
13211 3E7A CD 03 F8     	call getkeyboardchara
13212 3E7D              ; 67             c = a;
13213 3E7D 4F           	ld c, a
13214 3E7E              ; 68             if ((a = c) == 0x1B) { //ESC выход
13215 3E7E 79           	ld a, c
13216 3E7F FE 1B        	cp 27
13217 3E81 C2 89 3E     	jp nz, __l_883
13218 3E84              ; 69                 b = 1;
13219 3E84 06 01        	ld b, 1
13220 3E86 C3 D5 3E     	jp __l_884
13221 3E89              __l_883:
13222 3E89              ; 70             } else if ((a = c) == 0x0D) { //Enter
13223 3E89 79           	ld a, c
13224 3E8A FE 0D        	cp 13
13225 3E8C C2 9A 3E     	jp nz, __l_885
13226 3E8F              ; 71                 a = AllertYesNoViewPos;
13227 3E8F 3A 62 3F     	ld a, (allertyesnoviewpos)
13228 3E92              ; 72                 AllertYesNoViewReturnValue = a;
13229 3E92 32 63 3F     	ld (allertyesnoviewreturnvalue), a
13230 3E95              ; 73                 b = 1;
13231 3E95 06 01        	ld b, 1
13232 3E97 C3 D5 3E     	jp __l_886
13233 3E9A              __l_885:
13234 3E9A              ; 74             } else if ((a = c) == 0x18) { // Вправо
13235 3E9A 79           	ld a, c
13236 3E9B FE 18        	cp 24
13237 3E9D C2 A9 3E     	jp nz, __l_887
13238 3EA0              ; 75                 AllertYesNoViewPosNext();
13239 3EA0 CD DE 3E     	call allertyesnoviewposnext
13240 3EA3              ; 76                 AllertYesNoViewPosUpdate();
13241 3EA3 CD F3 3E     	call allertyesnoviewposupdate
13242 3EA6 C3 D5 3E     	jp __l_888
13243 3EA9              __l_887:
13244 3EA9              ; 77             } else if ((a = c) == 0x08) { // Влево
13245 3EA9 79           	ld a, c
13246 3EAA FE 08        	cp 8
13247 3EAC C2 B8 3E     	jp nz, __l_889
13248 3EAF              ; 78                 AllertYesNoViewPosNext();
13249 3EAF CD DE 3E     	call allertyesnoviewposnext
13250 3EB2              ; 79                 AllertYesNoViewPosUpdate();
13251 3EB2 CD F3 3E     	call allertyesnoviewposupdate
13252 3EB5 C3 D5 3E     	jp __l_890
13253 3EB8              __l_889:
13254 3EB8              ; 80             } else if ((a = c) == 'Y') {
13255 3EB8 79           	ld a, c
13256 3EB9 FE 59        	cp 89
13257 3EBB C2 C8 3E     	jp nz, __l_891
13258 3EBE              ; 81                 a = 1;
13259 3EBE 3E 01        	ld a, 1
13260 3EC0              ; 82                 AllertYesNoViewReturnValue = a;
13261 3EC0 32 63 3F     	ld (allertyesnoviewreturnvalue), a
13262 3EC3              ; 83                 b = 1;
13263 3EC3 06 01        	ld b, 1
13264 3EC5 C3 D5 3E     	jp __l_892
13265 3EC8              __l_891:
13266 3EC8              ; 84             } else if ((a = c) == 'N') {
13267 3EC8 79           	ld a, c
13268 3EC9 FE 4E        	cp 78
13269 3ECB C2 D5 3E     	jp nz, __l_893
13270 3ECE              ; 85                 a = 0;
13271 3ECE 3E 00        	ld a, 0
13272 3ED0              ; 86                 AllertYesNoViewReturnValue = a;
13273 3ED0 32 63 3F     	ld (allertyesnoviewreturnvalue), a
13274 3ED3              ; 87                 b = 1;
13275 3ED3 06 01        	ld b, 1
13276 3ED5              __l_893:
13277 3ED5              __l_892:
13278 3ED5              __l_890:
13279 3ED5              __l_888:
13280 3ED5              __l_886:
13281 3ED5              __l_884:
13282 3ED5              __l_881:
13283 3ED5              ; 88             }
13284 3ED5              ; 89         } while ((a = b) == 0);
13285 3ED5 78           	ld a, b
13286 3ED6 B7           	or a
13287 3ED7 CA 7A 3E     	jp z, __l_880
13288 3EDA C1           	pop bc
13289 3EDB              ; 90     }
13290 3EDB              ; 91     AllertYesNoViewClose();
13291 3EDB C3 12 3F     	jp allertyesnoviewclose
13292 3EDE              ; 92 }
13293 3EDE              ; 93
13294 3EDE              ; 94 void AllertYesNoViewPosNext() {
13295 3EDE              allertyesnoviewposnext:
13296 3EDE              ; 95     if ((a = AllertYesNoViewPos) == 0) {
13297 3EDE 3A 62 3F     	ld a, (allertyesnoviewpos)
13298 3EE1 B7           	or a
13299 3EE2 C2 ED 3E     	jp nz, __l_895
13300 3EE5              ; 96         a = 1;
13301 3EE5 3E 01        	ld a, 1
13302 3EE7              ; 97         AllertYesNoViewPos = a;
13303 3EE7 32 62 3F     	ld (allertyesnoviewpos), a
13304 3EEA C3 F2 3E     	jp __l_896
13305 3EED              __l_895:
13306 3EED              ; 98     } else {
13307 3EED              ; 99         a = 0;
13308 3EED 3E 00        	ld a, 0
13309 3EEF              ; 100         AllertYesNoViewPos = a;
13310 3EEF 32 62 3F     	ld (allertyesnoviewpos), a
13311 3EF2              __l_896:
13312 3EF2 C9           	ret
13313 3EF3              ; 101     }
13314 3EF3              ; 102 }
13315 3EF3              ; 103
13316 3EF3              ; 104 void AllertYesNoViewPosUpdate() {
13317 3EF3              allertyesnoviewposupdate:
13318 3EF3              ; 105     if ((a = AllertYesNoViewPos) == 0) {
13319 3EF3 3A 62 3F     	ld a, (allertyesnoviewpos)
13320 3EF6 B7           	or a
13321 3EF7 C2 07 3F     	jp nz, __l_897
13322 3EFA              ; 106         ButtonShadowViewSelectA(a = 1);
13323 3EFA 3E 01        	ld a, 1
13324 3EFC CD C0 22     	call buttonshadowviewselecta
13325 3EFF              ; 107         ButtonShadowView2SelectA(a = 0);
13326 3EFF 3E 00        	ld a, 0
13327 3F01 CD 8F 3F     	call buttonshadowview2selecta
13328 3F04 C3 11 3F     	jp __l_898
13329 3F07              __l_897:
13330 3F07              ; 108     } else {
13331 3F07              ; 109         ButtonShadowViewSelectA(a = 0);
13332 3F07 3E 00        	ld a, 0
13333 3F09 CD C0 22     	call buttonshadowviewselecta
13334 3F0C              ; 110         ButtonShadowView2SelectA(a = 1);
13335 3F0C 3E 01        	ld a, 1
13336 3F0E CD 8F 3F     	call buttonshadowview2selecta
13337 3F11              __l_898:
13338 3F11 C9           	ret
13339 3F12              ; 111     }
13340 3F12              ; 112 }
13341 3F12              ; 113
13342 3F12              ; 114 void AllertYesNoViewClose() {
13343 3F12              allertyesnoviewclose:
13344 3F12              ; 115     vboxClose();
13345 3F12 CD 9F 4E     	call vboxclose
13346 3F15              ; 116     CurrentViewReturn();
13347 3F15 CD 4F 1F     	call currentviewreturn
13348 3F18              ; 117     a = AllertYesNoViewReturnValue;
13349 3F18 3A 63 3F     	ld a, (allertyesnoviewreturnvalue)
13350 3F1B C9           	ret
13351 3F1C              ; 118 }
13352 3F1C              ; 119
13353 3F1C              ; 120 void AllertYesNoViewShowTitle() {
13354 3F1C              allertyesnoviewshowtitle:
13355 3F1C              ; 121     push_pop(hl, de, bc) {
13356 3F1C E5           	push hl
13357 3F1D D5           	push de
13358 3F1E C5           	push bc
13359 3F1F              ; 122         hl = AllertYesNoViewTitlePoint;
13360 3F1F 2A 64 3F     	ld hl, (allertyesnoviewtitlepoint)
13361 3F22              ; 123         b = 0;
13362 3F22 06 00        	ld b, 0
13363 3F24              ; 124         a = AllertYesNoViewDX;
13364 3F24 3A 5F 3F     	ld a, (allertyesnoviewdx)
13365 3F27              ; 125         c = a;
13366 3F27 4F           	ld c, a
13367 3F28              ; 126         do {
13368 3F28              __l_899:
13369 3F28              ; 127             a = *hl;
13370 3F28 7E           	ld a, (hl)
13371 3F29              ; 128             d = a;
13372 3F29 57           	ld d, a
13373 3F2A              ; 129             hl++;
13374 3F2A 23           	inc hl
13375 3F2B              ; 130             if (a > 0) {
13376 3F2B B7           	or a
13377 3F2C CA 30 3F     	jp z, __l_902
13378 3F2F              ; 131                 b++;
13379 3F2F 04           	inc b
13380 3F30              __l_902:
13381 3F30              ; 132             }
13382 3F30              ; 133             if ((a = b) >= c) {
13383 3F30 78           	ld a, b
13384 3F31 B9           	cp c
13385 3F32 DA 37 3F     	jp c, __l_904
13386 3F35              ; 134                 d = 0;
13387 3F35 16 00        	ld d, 0
13388 3F37              __l_904:
13389 3F37              __l_900:
13390 3F37              ; 135             }
13391 3F37              ; 136         } while ((a = d) > 0);
13392 3F37 7A           	ld a, d
13393 3F38 B7           	or a
13394 3F39 C2 28 3F     	jp nz, __l_899
13395 3F3C              ; 137         a = AllertYesNoViewDX;
13396 3F3C 3A 5F 3F     	ld a, (allertyesnoviewdx)
13397 3F3F              ; 138         a -= b;
13398 3F3F 90           	sub b
13399 3F40              ; 139         a &= 0xFE;
13400 3F40 E6 FE        	and 254
13401 3F42              ; 140         cyclic_rotate_right(a, 1);
13402 3F42 0F           	rrca
13403 3F43              ; 141         b = a;
13404 3F43 47           	ld b, a
13405 3F44              ; 142         a = AllertYesNoViewX;
13406 3F44 3A 5D 3F     	ld a, (allertyesnoviewx)
13407 3F47              ; 143         a += b;
13408 3F47 80           	add b
13409 3F48              ; 144         myCharPosX = a;
13410 3F48 32 E3 1D     	ld (mycharposx), a
13411 3F4B              ; 145         a = AllertYesNoViewY;
13412 3F4B 3A 5E 3F     	ld a, (allertyesnoviewy)
13413 3F4E              ; 146         a += 2;
13414 3F4E C6 02        	add 2
13415 3F50              ; 147         myCharPosY = a;
13416 3F50 32 E4 1D     	ld (mycharposy), a
13417 3F53              ; 148         printMyHLStr(hl = AllertYesNoViewTitlePoint);
13418 3F53 2A 64 3F     	ld hl, (allertyesnoviewtitlepoint)
13419 3F56 CD ED 1B     	call printmyhlstr
13420 3F59 C1           	pop bc
13421 3F5A D1           	pop de
13422 3F5B E1           	pop hl
13423 3F5C C9           	ret
13424 3F5D              ; 149     }
13425 3F5D              ; 150 }
13426 3F5D              ; 151
13427 3F5D              ; 152 uint8_t AllertYesNoViewX = 12;
13428 3F5D              allertyesnoviewx:
13429 3F5D 0C           	db 12
13430 3F5E              ; 153 uint8_t AllertYesNoViewY = 12;
13431 3F5E              allertyesnoviewy:
13432 3F5E 0C           	db 12
13433 3F5F              ; 154 uint8_t AllertYesNoViewDX = 24;
13434 3F5F              allertyesnoviewdx:
13435 3F5F 18           	db 24
13436 3F60              ; 155 uint8_t AllertYesNoViewDY = 9;
13437 3F60              allertyesnoviewdy:
13438 3F60 09           	db 9
13439 3F61              ; 156 uint8_t AllertYesNoViewColor = 0x70; // 0x1F;
13440 3F61              allertyesnoviewcolor:
13441 3F61 70           	db 112
13442 3F62              ; 158 uint8_t AllertYesNoViewPos = 0;
13443 3F62              allertyesnoviewpos:
13444 3F62 00           	db 0
13445 3F63              ; 159 uint8_t AllertYesNoViewReturnValue = 0;
13446 3F63              allertyesnoviewreturnvalue:
13447 3F63 00           	db 0
13448 3F64              ; 161 uint16_t AllertYesNoViewTitlePoint = 0;
13449 3F64              allertyesnoviewtitlepoint:
13450 3F64 00 00        	dw 0
13451 3F66              ; 14 void ButtonShadowView2Show() {
13452 3F66              buttonshadowview2show:
13453 3F66              ; 15     push_pop(hl) {
13454 3F66 E5           	push hl
13455 3F67              ; 16         h = b;
13456 3F67 60           	ld h, b
13457 3F68              ; 17         l = c;
13458 3F68 69           	ld l, c
13459 3F69              ; 18         ButtonShadowView2TitlePoint = hl;
13460 3F69 22 04 40     	ld (buttonshadowview2titlepoint), hl
13461 3F6C E1           	pop hl
13462 3F6D              ; 19     }
13463 3F6D              ; 20     //- SAVE -
13464 3F6D              ; 21     a = h;
13465 3F6D 7C           	ld a, h
13466 3F6E              ; 22     ButtonShadowView2X = a;
13467 3F6E 32 FE 3F     	ld (buttonshadowview2x), a
13468 3F71              ; 23     //printHexA(a = ButtonShadowViewX);
13469 3F71              ; 24     a = l;
13470 3F71 7D           	ld a, l
13471 3F72              ; 25     ButtonShadowView2Y = a;
13472 3F72 32 FF 3F     	ld (buttonshadowview2y), a
13473 3F75              ; 26     //printHexA(a = ButtonShadowViewY);
13474 3F75              ; 27     a = d;
13475 3F75 7A           	ld a, d
13476 3F76              ; 28     ButtonShadowView2DX = a;
13477 3F76 32 00 40     	ld (buttonshadowview2dx), a
13478 3F79              ; 29     //printHexA(a = ButtonShadowViewDX);
13479 3F79              ; 30     a = e;
13480 3F79 7B           	ld a, e
13481 3F7A              ; 31     ButtonShadowView2DY = a;
13482 3F7A 32 01 40     	ld (buttonshadowview2dy), a
13483 3F7D              ; 32     //printHexA(a = ButtonShadowViewDY);
13484 3F7D              ; 33     //--
13485 3F7D              ; 34     a = ButtonShadowView2Color;
13486 3F7D 3A 02 40     	ld a, (buttonshadowview2color)
13487 3F80              ; 35     c = a;
13488 3F80 4F           	ld c, a
13489 3F81              ; 36     a = vboxCLW;
13490 3F81 3E 40        	ld a, 64
13491 3F83              ; 37     a |= vboxFRM;
13492 3F83 F6 20        	or 32
13493 3F85              ; 38     a |= vboxSDW;
13494 3F85 F6 10        	or 16
13495 3F87              ; 39     a |= vboxUMP;
13496 3F87 F6 04        	or 4
13497 3F89              ; 40     vboxOpenHLDECA();
13498 3F89 CD 86 4D     	call vboxopenhldeca
13499 3F8C              ; 41     //
13500 3F8C              ; 42     ButtonShadowView2ShowTitleBC();
13501 3F8C C3 BD 3F     	jp buttonshadowview2showtitlebc
13502 3F8F              ; 43 }
13503 3F8F              ; 44
13504 3F8F              ; 45 /// Закраска кнопки
13505 3F8F              ; 46 /// 0 - прямой
13506 3F8F              ; 47 /// 1 - инверсный
13507 3F8F              ; 48 void ButtonShadowView2SelectA() {
13508 3F8F              buttonshadowview2selecta:
13509 3F8F              ; 49     push_pop(bc, de, hl) {
13510 3F8F C5           	push bc
13511 3F90 D5           	push de
13512 3F91 E5           	push hl
13513 3F92              ; 50         b = a;
13514 3F92 47           	ld b, a
13515 3F93              ; 51         a = ButtonShadowView2X;
13516 3F93 3A FE 3F     	ld a, (buttonshadowview2x)
13517 3F96              ; 52         h = a;
13518 3F96 67           	ld h, a
13519 3F97              ; 53         a = ButtonShadowView2Y;
13520 3F97 3A FF 3F     	ld a, (buttonshadowview2y)
13521 3F9A              ; 54         l = a;
13522 3F9A 6F           	ld l, a
13523 3F9B              ; 55         a = ButtonShadowView2DX;
13524 3F9B 3A 00 40     	ld a, (buttonshadowview2dx)
13525 3F9E              ; 56         d = a;
13526 3F9E 57           	ld d, a
13527 3F9F              ; 57         a = ButtonShadowView2DY;
13528 3F9F 3A 01 40     	ld a, (buttonshadowview2dy)
13529 3FA2              ; 58         e = a;
13530 3FA2 5F           	ld e, a
13531 3FA3              ; 59         //--------
13532 3FA3              ; 60         if ((a = b) == 0) {
13533 3FA3 78           	ld a, b
13534 3FA4 B7           	or a
13535 3FA5 C2 AE 3F     	jp nz, __l_906
13536 3FA8              ; 61             a = ButtonShadowView2Color;
13537 3FA8 3A 02 40     	ld a, (buttonshadowview2color)
13538 3FAB C3 B1 3F     	jp __l_907
13539 3FAE              __l_906:
13540 3FAE              ; 62         } else {
13541 3FAE              ; 63             a = ButtonShadowView2InvColor;
13542 3FAE 3A 03 40     	ld a, (buttonshadowview2invcolor)
13543 3FB1              __l_907:
13544 3FB1              ; 64         }
13545 3FB1              ; 65         c = a;
13546 3FB1 4F           	ld c, a
13547 3FB2              ; 66         //----
13548 3FB2              ; 67         a = vboxFRM;
13549 3FB2 3E 20        	ld a, 32
13550 3FB4              ; 68         a |= vboxUMP;
13551 3FB4 F6 04        	or 4
13552 3FB6              ; 69         vboxOpenHLDECA();
13553 3FB6 CD 86 4D     	call vboxopenhldeca
13554 3FB9 E1           	pop hl
13555 3FBA D1           	pop de
13556 3FBB C1           	pop bc
13557 3FBC C9           	ret
13558 3FBD              ; 70     }
13559 3FBD              ; 71 }
13560 3FBD              ; 72
13561 3FBD              ; 73 void ButtonShadowView2ShowTitleBC() {
13562 3FBD              buttonshadowview2showtitlebc:
13563 3FBD              ; 74     push_pop(hl, de, bc) {
13564 3FBD E5           	push hl
13565 3FBE D5           	push de
13566 3FBF C5           	push bc
13567 3FC0              ; 75         hl = ButtonShadowView2TitlePoint;
13568 3FC0 2A 04 40     	ld hl, (buttonshadowview2titlepoint)
13569 3FC3              ; 76         b = 0;
13570 3FC3 06 00        	ld b, 0
13571 3FC5              ; 77         a = ButtonShadowView2DX;
13572 3FC5 3A 00 40     	ld a, (buttonshadowview2dx)
13573 3FC8              ; 78         c = a;
13574 3FC8 4F           	ld c, a
13575 3FC9              ; 79         do {
13576 3FC9              __l_908:
13577 3FC9              ; 80             a = *hl;
13578 3FC9 7E           	ld a, (hl)
13579 3FCA              ; 81             d = a;
13580 3FCA 57           	ld d, a
13581 3FCB              ; 82             hl++;
13582 3FCB 23           	inc hl
13583 3FCC              ; 83             if (a > 0) {
13584 3FCC B7           	or a
13585 3FCD CA D1 3F     	jp z, __l_911
13586 3FD0              ; 84                 b++;
13587 3FD0 04           	inc b
13588 3FD1              __l_911:
13589 3FD1              ; 85             }
13590 3FD1              ; 86             if ((a = b) >= c) {
13591 3FD1 78           	ld a, b
13592 3FD2 B9           	cp c
13593 3FD3 DA D8 3F     	jp c, __l_913
13594 3FD6              ; 87                 d = 0;
13595 3FD6 16 00        	ld d, 0
13596 3FD8              __l_913:
13597 3FD8              __l_909:
13598 3FD8              ; 88             }
13599 3FD8              ; 89         } while ((a = d) > 0);
13600 3FD8 7A           	ld a, d
13601 3FD9 B7           	or a
13602 3FDA C2 C9 3F     	jp nz, __l_908
13603 3FDD              ; 90         a = ButtonShadowView2DX;
13604 3FDD 3A 00 40     	ld a, (buttonshadowview2dx)
13605 3FE0              ; 91         a -= b;
13606 3FE0 90           	sub b
13607 3FE1              ; 92         a &= 0xFE;
13608 3FE1 E6 FE        	and 254
13609 3FE3              ; 93         cyclic_rotate_right(a, 1);
13610 3FE3 0F           	rrca
13611 3FE4              ; 94         b = a;
13612 3FE4 47           	ld b, a
13613 3FE5              ; 95         a = ButtonShadowView2X;
13614 3FE5 3A FE 3F     	ld a, (buttonshadowview2x)
13615 3FE8              ; 96         a += b;
13616 3FE8 80           	add b
13617 3FE9              ; 97         myCharPosX = a;
13618 3FE9 32 E3 1D     	ld (mycharposx), a
13619 3FEC              ; 98         a = ButtonShadowView2Y;
13620 3FEC 3A FF 3F     	ld a, (buttonshadowview2y)
13621 3FEF              ; 99         a += 1;
13622 3FEF C6 01        	add 1
13623 3FF1              ; 100         myCharPosY = a;
13624 3FF1 32 E4 1D     	ld (mycharposy), a
13625 3FF4              ; 101         printMyHLStr(hl = ButtonShadowView2TitlePoint);
13626 3FF4 2A 04 40     	ld hl, (buttonshadowview2titlepoint)
13627 3FF7 CD ED 1B     	call printmyhlstr
13628 3FFA C1           	pop bc
13629 3FFB D1           	pop de
13630 3FFC E1           	pop hl
13631 3FFD C9           	ret
13632 3FFE              ; 102     }
13633 3FFE              ; 103 }
13634 3FFE              ; 104
13635 3FFE              ; 105 uint8_t ButtonShadowView2X = 0;
13636 3FFE              buttonshadowview2x:
13637 3FFE 00           	db 0
13638 3FFF              ; 106 uint8_t ButtonShadowView2Y = 0;
13639 3FFF              buttonshadowview2y:
13640 3FFF 00           	db 0
13641 4000              ; 107 uint8_t ButtonShadowView2DX = 0;
13642 4000              buttonshadowview2dx:
13643 4000 00           	db 0
13644 4001              ; 108 uint8_t ButtonShadowView2DY = 0;
13645 4001              buttonshadowview2dy:
13646 4001 00           	db 0
13647 4002              ; 110 uint8_t ButtonShadowView2Color = 0xF7;
13648 4002              buttonshadowview2color:
13649 4002 F7           	db 247
13650 4003              ; 111 uint8_t ButtonShadowView2InvColor = 0xE2; //0xE6
13651 4003              buttonshadowview2invcolor:
13652 4003 E2           	db 226
13653 4004              ; 113 uint16_t ButtonShadowView2TitlePoint = 0x0000;
13654 4004              buttonshadowview2titlepoint:
13655 4004 00 00        	dw 0
13656 4006              ; 11 void AllertOkViewShowHL() {
13657 4006              allertokviewshowhl:
13658 4006              ; 12     AllertOkViewTitlePoint = hl;
13659 4006 22 C3 40     	ld (allertokviewtitlepoint), hl
13660 4009              ; 13     CurrentViewChangeAndPushIdA(a = AllertOkViewId);
13661 4009 3E 0A        	ld a, 10
13662 400B CD 58 1E     	call currentviewchangeandpushida
13663 400E              ; 14     push_pop(bc, hl, de) {
13664 400E C5           	push bc
13665 400F E5           	push hl
13666 4010 D5           	push de
13667 4011              ; 15         a = AllertOkViewX;
13668 4011 3A BE 40     	ld a, (allertokviewx)
13669 4014              ; 16         h = a;
13670 4014 67           	ld h, a
13671 4015              ; 17         a = AllertOkViewY;
13672 4015 3A BF 40     	ld a, (allertokviewy)
13673 4018              ; 18         l = a;
13674 4018 6F           	ld l, a
13675 4019              ; 19         a = AllertOkViewDX;
13676 4019 3A C0 40     	ld a, (allertokviewdx)
13677 401C              ; 20         d = a;
13678 401C 57           	ld d, a
13679 401D              ; 21         a = AllertOkViewDY;
13680 401D 3A C1 40     	ld a, (allertokviewdy)
13681 4020              ; 22         e = a;
13682 4020 5F           	ld e, a
13683 4021              ; 23         a = AllertOkViewColor;
13684 4021 3A C2 40     	ld a, (allertokviewcolor)
13685 4024              ; 24         c = a;
13686 4024 4F           	ld c, a
13687 4025              ; 25         a = vboxCLW;
13688 4025 3E 40        	ld a, 64
13689 4027              ; 26         a |= vboxFRM;
13690 4027 F6 20        	or 32
13691 4029              ; 27         a |= vboxSDW;
13692 4029 F6 10        	or 16
13693 402B              ; 28         a |= vboxSAV;
13694 402B F6 08        	or 8
13695 402D              ; 29         a |= vboxUMP;
13696 402D F6 04        	or 4
13697 402F              ; 30         vboxOpenHLDECA();
13698 402F CD 86 4D     	call vboxopenhldeca
13699 4032              ; 31
13700 4032              ; 32         // Ok Button
13701 4032              ; 33         a = AllertOkViewX;
13702 4032 3A BE 40     	ld a, (allertokviewx)
13703 4035              ; 34         a += 10; //!
13704 4035 C6 0A        	add 10
13705 4037              ; 35         h = a;
13706 4037 67           	ld h, a
13707 4038              ; 36         a = AllertOkViewY;
13708 4038 3A BF 40     	ld a, (allertokviewy)
13709 403B              ; 37         a += 4;
13710 403B C6 04        	add 4
13711 403D              ; 38         l = a;
13712 403D 6F           	ld l, a
13713 403E              ; 39         d = 4;
13714 403E 16 04        	ld d, 4
13715 4040              ; 40         e = 3;
13716 4040 1E 03        	ld e, 3
13717 4042              ; 41         ButtonShadowViewShow(bc = StringLocaleOK);
13718 4042 01 92 1F     	ld bc, stringlocaleok
13719 4045 CD 97 22     	call buttonshadowviewshow
13720 4048              ; 42         ButtonShadowViewSelectA(a = 1);
13721 4048 3E 01        	ld a, 1
13722 404A CD C0 22     	call buttonshadowviewselecta
13723 404D D1           	pop de
13724 404E E1           	pop hl
13725 404F C1           	pop bc
13726 4050              ; 43     }
13727 4050              ; 44     AllertOkViewShowTitle();
13728 4050 CD 7D 40     	call allertokviewshowtitle
13729 4053              ; 45     AllertOkViewLoopKey();
13730 4053              ; 46 }
13731 4053              ; 47
13732 4053              ; 48 void AllertOkViewLoopKey() {
13733 4053              allertokviewloopkey:
13734 4053              ; 49     push_pop(bc) {
13735 4053 C5           	push bc
13736 4054              ; 50         b = 0;
13737 4054 06 00        	ld b, 0
13738 4056              ; 51         do {
13739 4056              __l_915:
13740 4056              ; 52             getKeyboardCharA();
13741 4056 CD 03 F8     	call getkeyboardchara
13742 4059              ; 53             c = a;
13743 4059 4F           	ld c, a
13744 405A              ; 54             if ((a = c) == 0x1B) { //ESC выход
13745 405A 79           	ld a, c
13746 405B FE 1B        	cp 27
13747 405D C2 65 40     	jp nz, __l_918
13748 4060              ; 55                 b = 1;
13749 4060 06 01        	ld b, 1
13750 4062 C3 6D 40     	jp __l_919
13751 4065              __l_918:
13752 4065              ; 56             } else if ((a = c) == 0x0D) { //Enter
13753 4065 79           	ld a, c
13754 4066 FE 0D        	cp 13
13755 4068 C2 6D 40     	jp nz, __l_920
13756 406B              ; 57                 b = 1;
13757 406B 06 01        	ld b, 1
13758 406D              __l_920:
13759 406D              __l_919:
13760 406D              __l_916:
13761 406D              ; 58             }
13762 406D              ; 59         } while ((a = b) == 0);
13763 406D 78           	ld a, b
13764 406E B7           	or a
13765 406F CA 56 40     	jp z, __l_915
13766 4072              ; 60         AllertOkViewClose();
13767 4072 CD 77 40     	call allertokviewclose
13768 4075 C1           	pop bc
13769 4076 C9           	ret
13770 4077              ; 61     }
13771 4077              ; 62 }
13772 4077              ; 63
13773 4077              ; 64 void AllertOkViewClose() {
13774 4077              allertokviewclose:
13775 4077              ; 65     vboxClose();
13776 4077 CD 9F 4E     	call vboxclose
13777 407A              ; 66     CurrentViewReturn();
13778 407A C3 4F 1F     	jp currentviewreturn
13779 407D              ; 67 }
13780 407D              ; 68
13781 407D              ; 69 void AllertOkViewShowTitle() {
13782 407D              allertokviewshowtitle:
13783 407D              ; 70     push_pop(hl, de, bc) {
13784 407D E5           	push hl
13785 407E D5           	push de
13786 407F C5           	push bc
13787 4080              ; 71         hl = AllertOkViewTitlePoint;
13788 4080 2A C3 40     	ld hl, (allertokviewtitlepoint)
13789 4083              ; 72         b = 0;
13790 4083 06 00        	ld b, 0
13791 4085              ; 73         a = AllertOkViewDX;
13792 4085 3A C0 40     	ld a, (allertokviewdx)
13793 4088              ; 74         c = a;
13794 4088 4F           	ld c, a
13795 4089              ; 75         do {
13796 4089              __l_922:
13797 4089              ; 76             a = *hl;
13798 4089 7E           	ld a, (hl)
13799 408A              ; 77             d = a;
13800 408A 57           	ld d, a
13801 408B              ; 78             hl++;
13802 408B 23           	inc hl
13803 408C              ; 79             if (a > 0) {
13804 408C B7           	or a
13805 408D CA 91 40     	jp z, __l_925
13806 4090              ; 80                 b++;
13807 4090 04           	inc b
13808 4091              __l_925:
13809 4091              ; 81             }
13810 4091              ; 82             if ((a = b) >= c) {
13811 4091 78           	ld a, b
13812 4092 B9           	cp c
13813 4093 DA 98 40     	jp c, __l_927
13814 4096              ; 83                 d = 0;
13815 4096 16 00        	ld d, 0
13816 4098              __l_927:
13817 4098              __l_923:
13818 4098              ; 84             }
13819 4098              ; 85         } while ((a = d) > 0);
13820 4098 7A           	ld a, d
13821 4099 B7           	or a
13822 409A C2 89 40     	jp nz, __l_922
13823 409D              ; 86         a = AllertOkViewDX;
13824 409D 3A C0 40     	ld a, (allertokviewdx)
13825 40A0              ; 87         a -= b;
13826 40A0 90           	sub b
13827 40A1              ; 88         a &= 0xFE;
13828 40A1 E6 FE        	and 254
13829 40A3              ; 89         cyclic_rotate_right(a, 1);
13830 40A3 0F           	rrca
13831 40A4              ; 90         b = a;
13832 40A4 47           	ld b, a
13833 40A5              ; 91         a = AllertOkViewX;
13834 40A5 3A BE 40     	ld a, (allertokviewx)
13835 40A8              ; 92         a += b;
13836 40A8 80           	add b
13837 40A9              ; 93         myCharPosX = a;
13838 40A9 32 E3 1D     	ld (mycharposx), a
13839 40AC              ; 94         a = AllertOkViewY;
13840 40AC 3A BF 40     	ld a, (allertokviewy)
13841 40AF              ; 95         a += 2;
13842 40AF C6 02        	add 2
13843 40B1              ; 96         myCharPosY = a;
13844 40B1 32 E4 1D     	ld (mycharposy), a
13845 40B4              ; 97         printMyHLStr(hl = AllertOkViewTitlePoint);
13846 40B4 2A C3 40     	ld hl, (allertokviewtitlepoint)
13847 40B7 CD ED 1B     	call printmyhlstr
13848 40BA C1           	pop bc
13849 40BB D1           	pop de
13850 40BC E1           	pop hl
13851 40BD C9           	ret
13852 40BE              ; 98     }
13853 40BE              ; 99 }
13854 40BE              ; 100
13855 40BE              ; 101 uint8_t AllertOkViewX = 12;
13856 40BE              allertokviewx:
13857 40BE 0C           	db 12
13858 40BF              ; 102 uint8_t AllertOkViewY = 12;
13859 40BF              allertokviewy:
13860 40BF 0C           	db 12
13861 40C0              ; 103 uint8_t AllertOkViewDX = 24;
13862 40C0              allertokviewdx:
13863 40C0 18           	db 24
13864 40C1              ; 104 uint8_t AllertOkViewDY = 9;
13865 40C1              allertokviewdy:
13866 40C1 09           	db 9
13867 40C2              ; 105 uint8_t AllertOkViewColor = 0x70; // 0x1F;
13868 40C2              allertokviewcolor:
13869 40C2 70           	db 112
13870 40C3              ; 107 uint16_t AllertOkViewTitlePoint = 0;
13871 40C3              allertokviewtitlepoint:
13872 40C3 00 00        	dw 0
13873 40C5              ; 11 void FtpMakeDirectoryShow() {
13874 40C5              ftpmakedirectoryshow:
13875 40C5              ; 12     CurrentViewChangeAndPushIdA(a = FtpMakeDirectoryId);
13876 40C5 3E 0B        	ld a, 11
13877 40C7 CD 58 1E     	call currentviewchangeandpushida
13878 40CA              ; 13     push_pop(bc, hl, de) {
13879 40CA C5           	push bc
13880 40CB E5           	push hl
13881 40CC D5           	push de
13882 40CD              ; 14         a = FtpMakeDirectoryX;
13883 40CD 3A 6F 42     	ld a, (ftpmakedirectoryx)
13884 40D0              ; 15         h = a;
13885 40D0 67           	ld h, a
13886 40D1              ; 16         a = FtpMakeDirectoryY;
13887 40D1 3A 70 42     	ld a, (ftpmakedirectoryy)
13888 40D4              ; 17         l = a;
13889 40D4 6F           	ld l, a
13890 40D5              ; 18         a = FtpMakeDirectoryDX;
13891 40D5 3A 71 42     	ld a, (ftpmakedirectorydx)
13892 40D8              ; 19         d = a;
13893 40D8 57           	ld d, a
13894 40D9              ; 20         a = FtpMakeDirectoryDY;
13895 40D9 3A 72 42     	ld a, (ftpmakedirectorydy)
13896 40DC              ; 21         e = a;
13897 40DC 5F           	ld e, a
13898 40DD              ; 22         a = FtpMakeDirectoryColor;
13899 40DD 3A 73 42     	ld a, (ftpmakedirectorycolor)
13900 40E0              ; 23         c = a;
13901 40E0 4F           	ld c, a
13902 40E1              ; 24         a = vboxCLW;
13903 40E1 3E 40        	ld a, 64
13904 40E3              ; 25         a |= vboxFRM;
13905 40E3 F6 20        	or 32
13906 40E5              ; 26         a |= vboxSDW;
13907 40E5 F6 10        	or 16
13908 40E7              ; 27         a |= vboxSAV;
13909 40E7 F6 08        	or 8
13910 40E9              ; 28         a |= vboxUMP;
13911 40E9 F6 04        	or 4
13912 40EB              ; 29         vboxOpenHLDECA();
13913 40EB CD 86 4D     	call vboxopenhldeca
13914 40EE D1           	pop de
13915 40EF E1           	pop hl
13916 40F0 C1           	pop bc
13917 40F1              ; 30     }
13918 40F1              ; 31     FtpMakeDirectoryInitValue();
13919 40F1 CD FF 40     	call ftpmakedirectoryinitvalue
13920 40F4              ; 32     FtpMakeDirectoryShowTitle();
13921 40F4 CD 19 41     	call ftpmakedirectoryshowtitle
13922 40F7              ; 33     FtpMakeDirectoryShowValue();
13923 40F7 CD 6D 41     	call ftpmakedirectoryshowvalue
13924 40FA              ; 34     FtpMakeDirectorySelectLineA(a = 1);
13925 40FA 3E 01        	ld a, 1
13926 40FC C3 A4 41     	jp ftpmakedirectoryselectlinea
13927 40FF              ; 35 }
13928 40FF              ; 36
13929 40FF              ; 37 void FtpMakeDirectoryInitValue() {
13930 40FF              ftpmakedirectoryinitvalue:
13931 40FF              ; 38     a = 0;
13932 40FF 3E 00        	ld a, 0
13933 4101              ; 39     FtpMakeDirectorySelectPos = a;
13934 4101 32 94 42     	ld (ftpmakedirectoryselectpos), a
13935 4104              ; 40     // Value
13936 4104              ; 41     a = 'N';
13937 4104 3E 4E        	ld a, 78
13938 4106              ; 42     FtpMakeDirectoryValue[0] = a;
13939 4106 32 84 42     	ld (ftpmakedirectoryvalue), a
13940 4109              ; 43     a = 'e';
13941 4109 3E 65        	ld a, 101
13942 410B              ; 44     FtpMakeDirectoryValue[1] = a;
13943 410B 32 85 42     	ld (0FFFFh & ((ftpmakedirectoryvalue) + (1))), a
13944 410E              ; 45     a = 'w';
13945 410E 3E 77        	ld a, 119
13946 4110              ; 46     FtpMakeDirectoryValue[2] = a;
13947 4110 32 86 42     	ld (0FFFFh & ((ftpmakedirectoryvalue) + (2))), a
13948 4113              ; 47     a = 0;
13949 4113 3E 00        	ld a, 0
13950 4115              ; 48     FtpMakeDirectoryValue[3] = a;
13951 4115 32 87 42     	ld (0FFFFh & ((ftpmakedirectoryvalue) + (3))), a
13952 4118 C9           	ret
13953 4119              ; 49 }
13954 4119              ; 50
13955 4119              ; 51 void FtpMakeDirectoryShowTitle() {
13956 4119              ftpmakedirectoryshowtitle:
13957 4119              ; 52     push_pop(hl, bc, de) {
13958 4119 E5           	push hl
13959 411A C5           	push bc
13960 411B D5           	push de
13961 411C              ; 53         // Title
13962 411C              ; 54         a = FtpMakeDirectoryX;
13963 411C 3A 6F 42     	ld a, (ftpmakedirectoryx)
13964 411F              ; 55         a += 3;
13965 411F C6 03        	add 3
13966 4121              ; 56         myCharPosX = a;
13967 4121 32 E3 1D     	ld (mycharposx), a
13968 4124              ; 57         a = FtpMakeDirectoryY;
13969 4124 3A 70 42     	ld a, (ftpmakedirectoryy)
13970 4127              ; 58         a += 1; //2;
13971 4127 C6 01        	add 1
13972 4129              ; 59         myCharPosY = a;
13973 4129 32 E4 1D     	ld (mycharposy), a
13974 412C              ; 60         printMyHLStr(hl = FtpMakeDirectoryTitle);
13975 412C 21 75 42     	ld hl, ftpmakedirectorytitle
13976 412F CD ED 1B     	call printmyhlstr
13977 4132              ; 61         // LINE!!!
13978 4132              ; 62         a = FtpMakeDirectoryX;
13979 4132 3A 6F 42     	ld a, (ftpmakedirectoryx)
13980 4135              ; 63         a += 1;
13981 4135 C6 01        	add 1
13982 4137              ; 64         myCharPosX = a;
13983 4137 32 E3 1D     	ld (mycharposx), a
13984 413A              ; 65         a = FtpMakeDirectoryY;
13985 413A 3A 70 42     	ld a, (ftpmakedirectoryy)
13986 413D              ; 66         a += 2;
13987 413D C6 02        	add 2
13988 413F              ; 67         myCharPosY = a;
13989 413F 32 E4 1D     	ld (mycharposy), a
13990 4142              ; 68         a = FtpMakeDirectoryDX;
13991 4142 3A 71 42     	ld a, (ftpmakedirectorydx)
13992 4145              ; 69         a -= 2;
13993 4145 D6 02        	sub 2
13994 4147              ; 70         b = a;
13995 4147 47           	ld b, a
13996 4148              ; 71         do {
13997 4148              __l_929:
13998 4148              ; 72             printMyCharA(a = 0x5F);
13999 4148 3E 5F        	ld a, 95
14000 414A CD 4E 1C     	call printmychara
14001 414D              ; 73             b--;
14002 414D 05           	dec b
14003 414E              __l_930:
14004 414E              ; 74         } while ((a = b) > 0);
14005 414E 78           	ld a, b
14006 414F B7           	or a
14007 4150 C2 48 41     	jp nz, __l_929
14008 4153              ; 75         // DIRECTORY
14009 4153              ; 76         // Button
14010 4153              ; 77         bc = StringLocaleOK;
14011 4153 01 92 1F     	ld bc, stringlocaleok
14012 4156              ; 78
14013 4156              ; 79         d = 8; //13
14014 4156 16 08        	ld d, 8
14015 4158              ; 80         e = 3;
14016 4158 1E 03        	ld e, 3
14017 415A              ; 81         a = FtpMakeDirectoryX;
14018 415A 3A 6F 42     	ld a, (ftpmakedirectoryx)
14019 415D              ; 82         a += 6;
14020 415D C6 06        	add 6
14021 415F              ; 83         h = a;
14022 415F 67           	ld h, a
14023 4160              ; 84         a = FtpMakeDirectoryY;
14024 4160 3A 70 42     	ld a, (ftpmakedirectoryy)
14025 4163              ; 85         a += 7;
14026 4163 C6 07        	add 7
14027 4165              ; 86         l = a;
14028 4165 6F           	ld l, a
14029 4166              ; 87         ButtonShadowViewShow();
14030 4166 CD 97 22     	call buttonshadowviewshow
14031 4169 D1           	pop de
14032 416A C1           	pop bc
14033 416B E1           	pop hl
14034 416C C9           	ret
14035 416D              ; 88     }
14036 416D              ; 89 }
14037 416D              ; 90
14038 416D              ; 91 void FtpMakeDirectoryShowValue() {
14039 416D              ftpmakedirectoryshowvalue:
14040 416D              ; 92     push_pop(hl, bc) {
14041 416D E5           	push hl
14042 416E C5           	push bc
14043 416F              ; 93         // Directory
14044 416F              ; 94         a = FtpMakeDirectoryX;
14045 416F 3A 6F 42     	ld a, (ftpmakedirectoryx)
14046 4172              ; 95         a += 2;
14047 4172 C6 02        	add 2
14048 4174              ; 96         myCharPosX = a;
14049 4174 32 E3 1D     	ld (mycharposx), a
14050 4177              ; 97         a = FtpMakeDirectoryY;
14051 4177 3A 70 42     	ld a, (ftpmakedirectoryy)
14052 417A              ; 98         a += 4;
14053 417A C6 04        	add 4
14054 417C              ; 99         c = a; // Y
14055 417C 4F           	ld c, a
14056 417D              ; 100         myCharPosY = a;
14057 417D 32 E4 1D     	ld (mycharposy), a
14058 4180              ; 101         a = 16;
14059 4180 3E 10        	ld a, 16
14060 4182              ; 102         printMyHLStrLenA(hl = FtpMakeDirectoryValue);
14061 4182 21 84 42     	ld hl, ftpmakedirectoryvalue
14062 4185 CD FC 1B     	call printmyhlstrlena
14063 4188 C1           	pop bc
14064 4189 E1           	pop hl
14065 418A C9           	ret
14066 418B              ; 103     }
14067 418B              ; 104 }
14068 418B              ; 105
14069 418B              ; 106 /// вых [HL] -
14070 418B              ; 107 /// вых [DE]-
14071 418B              ; 108 void FtpMakeDirectoryByPosBoxValue() {
14072 418B              ftpmakedirectorybyposboxvalue:
14073 418B              ; 109     push_pop(bc) {
14074 418B C5           	push bc
14075 418C              ; 110         a = FtpMakeDirectoryX;
14076 418C 3A 6F 42     	ld a, (ftpmakedirectoryx)
14077 418F              ; 111         a += 2;
14078 418F C6 02        	add 2
14079 4191              ; 112         h = a;
14080 4191 67           	ld h, a
14081 4192              ; 113         a = FtpMakeDirectoryY;
14082 4192 3A 70 42     	ld a, (ftpmakedirectoryy)
14083 4195              ; 114         a += 4;
14084 4195 C6 04        	add 4
14085 4197              ; 115         l = a;
14086 4197 6F           	ld l, a
14087 4198              ; 116         // DE
14088 4198              ; 117         a = 16;
14089 4198 3E 10        	ld a, 16
14090 419A              ; 118         d = a;
14091 419A 57           	ld d, a
14092 419B              ; 119         a = 1;
14093 419B 3E 01        	ld a, 1
14094 419D              ; 120         e = a;
14095 419D 5F           	ld e, a
14096 419E C1           	pop bc
14097 419F C9           	ret
14098 41A0              ; 121     }
14099 41A0              ; 122 }
14100 41A0              ; 123
14101 41A0              ; 124 /// вых [BC] -
14102 41A0              ; 125 void FtpMakeDirectoryByPosValue() {
14103 41A0              ftpmakedirectorybyposvalue:
14104 41A0              ; 126     bc = FtpMakeDirectoryValue;
14105 41A0 01 84 42     	ld bc, ftpmakedirectoryvalue
14106 41A3 C9           	ret
14107 41A4              ; 127 }
14108 41A4              ; 128
14109 41A4              ; 129 /// Рисование линии прямым или инверсным цветом
14110 41A4              ; 130 /// 0 - прямой
14111 41A4              ; 131 /// 1 - инверсный
14112 41A4              ; 132 void FtpMakeDirectorySelectLineA() {
14113 41A4              ftpmakedirectoryselectlinea:
14114 41A4              ; 133     push_pop(bc, hl, de) {
14115 41A4 C5           	push bc
14116 41A5 E5           	push hl
14117 41A6 D5           	push de
14118 41A7              ; 134         c = a;
14119 41A7 4F           	ld c, a
14120 41A8              ; 135         // 0 - Button
14121 41A8              ; 136         if ((a = FtpMakeDirectorySelectPos) == 0) {
14122 41A8 3A 94 42     	ld a, (ftpmakedirectoryselectpos)
14123 41AB B7           	or a
14124 41AC C2 B6 41     	jp nz, __l_932
14125 41AF              ; 137             ButtonShadowViewSelectA(a = c);
14126 41AF 79           	ld a, c
14127 41B0 CD C0 22     	call buttonshadowviewselecta
14128 41B3 C3 CD 41     	jp __l_933
14129 41B6              __l_932:
14130 41B6              ; 138         } else {
14131 41B6              ; 139             FtpMakeDirectoryByPosBoxValue();
14132 41B6 CD 8B 41     	call ftpmakedirectorybyposboxvalue
14133 41B9              ; 140             // C
14134 41B9              ; 141             if ((a = c) == 0) {
14135 41B9 79           	ld a, c
14136 41BA B7           	or a
14137 41BB C2 C4 41     	jp nz, __l_934
14138 41BE              ; 142                 a = FtpMakeDirectoryColor;
14139 41BE 3A 73 42     	ld a, (ftpmakedirectorycolor)
14140 41C1 C3 C7 41     	jp __l_935
14141 41C4              __l_934:
14142 41C4              ; 143             } else {
14143 41C4              ; 144                 a = FtpMakeDirectoryInvColor;
14144 41C4 3A 74 42     	ld a, (ftpmakedirectoryinvcolor)
14145 41C7              __l_935:
14146 41C7              ; 145             }
14147 41C7              ; 146             c = a;
14148 41C7 4F           	ld c, a
14149 41C8              ; 147             // A
14150 41C8              ; 148             a = vboxUMP;
14151 41C8 3E 04        	ld a, 4
14152 41CA              ; 149             vboxOpenHLDECA();
14153 41CA CD 86 4D     	call vboxopenhldeca
14154 41CD              __l_933:
14155 41CD D1           	pop de
14156 41CE E1           	pop hl
14157 41CF C1           	pop bc
14158 41D0 C9           	ret
14159 41D1              ; 150         }
14160 41D1              ; 151     }
14161 41D1              ; 152 }
14162 41D1              ; 153
14163 41D1              ; 154 /// Обновление позиции
14164 41D1              ; 155 /// вх[A]
14165 41D1              ; 156 /// 0 - без изменений
14166 41D1              ; 157 /// 1 - вверх
14167 41D1              ; 158 /// 0xFF - вниз
14168 41D1              ; 159 void FtpMakeDirectoryPosUpdateA() {
14169 41D1              ftpmakedirectoryposupdatea:
14170 41D1              ; 160     push_pop(bc) {
14171 41D1 C5           	push bc
14172 41D2              ; 161         b = a;
14173 41D2 47           	ld b, a
14174 41D3              ; 162         if (a == 0) {
14175 41D3 B7           	or a
14176 41D4 C2 DF 41     	jp nz, __l_936
14177 41D7              ; 163             FtpMakeDirectorySelectLineA(a = 1);
14178 41D7 3E 01        	ld a, 1
14179 41D9 CD A4 41     	call ftpmakedirectoryselectlinea
14180 41DC C3 06 42     	jp __l_937
14181 41DF              __l_936:
14182 41DF              ; 164         } else {
14183 41DF              ; 165             a = 2;
14184 41DF 3E 02        	ld a, 2
14185 41E1              ; 166             c = a;
14186 41E1 4F           	ld c, a
14187 41E2              ; 167             FtpMakeDirectorySelectLineA(a = 0);
14188 41E2 3E 00        	ld a, 0
14189 41E4 CD A4 41     	call ftpmakedirectoryselectlinea
14190 41E7              ; 168             a = FtpMakeDirectorySelectPos;
14191 41E7 3A 94 42     	ld a, (ftpmakedirectoryselectpos)
14192 41EA              ; 169             a += b;
14193 41EA 80           	add b
14194 41EB              ; 170             b = a;
14195 41EB 47           	ld b, a
14196 41EC              ; 171             //-- FIX
14197 41EC              ; 172             if ((a = b) == 0xFF) {
14198 41EC 78           	ld a, b
14199 41ED FE FF        	cp 255
14200 41EF C2 F7 41     	jp nz, __l_938
14201 41F2              ; 173                 a = c;
14202 41F2 79           	ld a, c
14203 41F3              ; 174                 a--;
14204 41F3 3D           	dec a
14205 41F4 C3 FE 41     	jp __l_939
14206 41F7              __l_938:
14207 41F7              ; 175             } else if ((a = b) == c) {
14208 41F7 78           	ld a, b
14209 41F8 B9           	cp c
14210 41F9 C2 FE 41     	jp nz, __l_940
14211 41FC              ; 176                 a = 0;
14212 41FC 3E 00        	ld a, 0
14213 41FE              __l_940:
14214 41FE              __l_939:
14215 41FE              ; 177             }
14216 41FE              ; 178             //--
14217 41FE              ; 179             FtpMakeDirectorySelectPos = a;
14218 41FE 32 94 42     	ld (ftpmakedirectoryselectpos), a
14219 4201              ; 180             FtpMakeDirectorySelectLineA(a = 1);
14220 4201 3E 01        	ld a, 1
14221 4203 CD A4 41     	call ftpmakedirectoryselectlinea
14222 4206              __l_937:
14223 4206 C1           	pop bc
14224 4207 C9           	ret
14225 4208              ; 181         }
14226 4208              ; 182     }
14227 4208              ; 183 }
14228 4208              ; 184
14229 4208              ; 185 void FtpMakeDirectoryClose() {
14230 4208              ftpmakedirectoryclose:
14231 4208              ; 186     vboxClose();
14232 4208 CD 9F 4E     	call vboxclose
14233 420B              ; 187     CurrentViewReturn();
14234 420B CD 4F 1F     	call currentviewreturn
14235 420E              ; 188     FtpViewNetLoadAndUpdate();
14236 420E C3 A0 36     	jp ftpviewnetloadandupdate
14237 4211              ; 189 }
14238 4211              ; 190
14239 4211              ; 191 void FtpMakeDirectoryKeyA() {
14240 4211              ftpmakedirectorykeya:
14241 4211              ; 192     push_pop(hl) {
14242 4211 E5           	push hl
14243 4212              ; 193         l = a;
14244 4212 6F           	ld l, a
14245 4213              ; 194         if ((a = CurrentViewId) == FtpMakeDirectoryId) {
14246 4213 3A 8F 1F     	ld a, (currentviewid)
14247 4216 FE 0B        	cp 11
14248 4218 C2 6D 42     	jp nz, __l_942
14249 421B              ; 195             if ((a = l) == 0x1B) { //ESC выход
14250 421B 7D           	ld a, l
14251 421C FE 1B        	cp 27
14252 421E C2 27 42     	jp nz, __l_944
14253 4221              ; 196                 FtpMakeDirectoryClose();
14254 4221 CD 08 42     	call ftpmakedirectoryclose
14255 4224 C3 6D 42     	jp __l_945
14256 4227              __l_944:
14257 4227              ; 197             } else if ((a = l) == 0x0D) { // Выбор
14258 4227 7D           	ld a, l
14259 4228 FE 0D        	cp 13
14260 422A C2 54 42     	jp nz, __l_946
14261 422D              ; 198                 if ((a = FtpMakeDirectorySelectPos) == 0) { // OK
14262 422D 3A 94 42     	ld a, (ftpmakedirectoryselectpos)
14263 4230 B7           	or a
14264 4231 C2 40 42     	jp nz, __l_948
14265 4234              ; 199                     #ifdef _IS_SIMULATOR
14266 4234              ; 200                     #else
14267 4234              ; 201                         NetFtpMakeDirectory();
14268 4234 CD AF 14     	call netftpmakedirectory
14269 4237              ; 202                         ThreadsTickNow();
14270 4237 CD B3 25     	call threadsticknow
14271 423A              ; 203                     #endif
14272 423A              ; 204                     FtpMakeDirectoryClose();
14273 423A CD 08 42     	call ftpmakedirectoryclose
14274 423D C3 51 42     	jp __l_949
14275 4240              __l_948:
14276 4240              ; 205                 } else { // Переход в редактирование
14277 4240              ; 206                     FtpMakeDirectoryByPosBoxValue();
14278 4240 CD 8B 41     	call ftpmakedirectorybyposboxvalue
14279 4243              ; 207                     FtpMakeDirectoryByPosValue();
14280 4243 CD A0 41     	call ftpmakedirectorybyposvalue
14281 4246              ; 208                     EditFieldViewShow();
14282 4246 CD 37 23     	call editfieldviewshow
14283 4249              ; 209                     if (a == 1) { // что то изменилось
14284 4249 FE 01        	cp 1
14285 424B C2 51 42     	jp nz, __l_950
14286 424E              ; 210                         FtpMakeDirectoryShowValue();
14287 424E CD 6D 41     	call ftpmakedirectoryshowvalue
14288 4251              __l_950:
14289 4251              __l_949:
14290 4251 C3 6D 42     	jp __l_947
14291 4254              __l_946:
14292 4254              ; 211                     }
14293 4254              ; 212                 }
14294 4254              ; 213             } else if ((a = l) == 0x1A) { //down
14295 4254 7D           	ld a, l
14296 4255 FE 1A        	cp 26
14297 4257 C2 62 42     	jp nz, __l_952
14298 425A              ; 214                 FtpMakeDirectoryPosUpdateA(a = 0x01);
14299 425A 3E 01        	ld a, 1
14300 425C CD D1 41     	call ftpmakedirectoryposupdatea
14301 425F C3 6D 42     	jp __l_953
14302 4262              __l_952:
14303 4262              ; 215             } else if ((a = l) == 0x19) { //up
14304 4262 7D           	ld a, l
14305 4263 FE 19        	cp 25
14306 4265 C2 6D 42     	jp nz, __l_954
14307 4268              ; 216                 FtpMakeDirectoryPosUpdateA(a = 0xFF);
14308 4268 3E FF        	ld a, 255
14309 426A CD D1 41     	call ftpmakedirectoryposupdatea
14310 426D              __l_954:
14311 426D              __l_953:
14312 426D              __l_947:
14313 426D              __l_945:
14314 426D              __l_942:
14315 426D E1           	pop hl
14316 426E C9           	ret
14317 426F              ; 217             }
14318 426F              ; 218         }
14319 426F              ; 219     }
14320 426F              ; 220 }
14321 426F              ; 221
14322 426F              ; 222 uint8_t FtpMakeDirectoryX = 14;
14323 426F              ftpmakedirectoryx:
14324 426F 0E           	db 14
14325 4270              ; 223 uint8_t FtpMakeDirectoryY = 11;
14326 4270              ftpmakedirectoryy:
14327 4270 0B           	db 11
14328 4271              ; 224 uint8_t FtpMakeDirectoryDX = 20;
14329 4271              ftpmakedirectorydx:
14330 4271 14           	db 20
14331 4272              ; 225 uint8_t FtpMakeDirectoryDY = 12;
14332 4272              ftpmakedirectorydy:
14333 4272 0C           	db 12
14334 4273              ; 226 uint8_t FtpMakeDirectoryColor = 0x70;
14335 4273              ftpmakedirectorycolor:
14336 4273 70           	db 112
14337 4274              ; 227 uint8_t FtpMakeDirectoryInvColor = 0x07;
14338 4274              ftpmakedirectoryinvcolor:
14339 4274 07           	db 7
14340 4275              ; 229 uint8_t FtpMakeDirectoryTitle[] = "Make directory";
14341 4275              ftpmakedirectorytitle:
14342 4275 4D           	db 77
14343 4276 61           	db 97
14344 4277 6B           	db 107
14345 4278 65           	db 101
14346 4279 20           	db 32
14347 427A 64           	db 100
14348 427B 69           	db 105
14349 427C 72           	db 114
14350 427D 65           	db 101
14351 427E 63           	db 99
14352 427F 74           	db 116
14353 4280 6F           	db 111
14354 4281 72           	db 114
14355 4282 79           	db 121
14356 4283 00           	ds 1
14357 4284              ; 230 uint8_t FtpMakeDirectoryValue[16] = "New";
14358 4284              ftpmakedirectoryvalue:
14359 4284 4E           	db 78
14360 4285 65           	db 101
14361 4286 77           	db 119
14362 4287 00 00 00...  	ds 13
14363 4294              ; 232 uint8_t FtpMakeDirectorySelectPos = 0;
14364 4294              ftpmakedirectoryselectpos:
14365 4294 00           	db 0
14366 4295              ; 11 void HelpInfoViewShow() {
14367 4295              helpinfoviewshow:
14368 4295              ; 12     CurrentViewChangeAndPushIdA(a = HelpInfoViewId);
14369 4295 3E 0C        	ld a, 12
14370 4297 CD 58 1E     	call currentviewchangeandpushida
14371 429A              ; 13     push_pop(bc, hl, de) {
14372 429A C5           	push bc
14373 429B E5           	push hl
14374 429C D5           	push de
14375 429D              ; 14         a = HelpInfoViewX;
14376 429D 3A 8B 43     	ld a, (helpinfoviewx)
14377 42A0              ; 15         h = a;
14378 42A0 67           	ld h, a
14379 42A1              ; 16         a = HelpInfoViewY;
14380 42A1 3A 8C 43     	ld a, (helpinfoviewy)
14381 42A4              ; 17         l = a;
14382 42A4 6F           	ld l, a
14383 42A5              ; 18         a = HelpInfoViewDX;
14384 42A5 3A 8D 43     	ld a, (helpinfoviewdx)
14385 42A8              ; 19         d = a;
14386 42A8 57           	ld d, a
14387 42A9              ; 20         a = HelpInfoViewDY;
14388 42A9 3A 8E 43     	ld a, (helpinfoviewdy)
14389 42AC              ; 21         e = a;
14390 42AC 5F           	ld e, a
14391 42AD              ; 22         a = HelpInfoViewColor;
14392 42AD 3A 8F 43     	ld a, (helpinfoviewcolor)
14393 42B0              ; 23         c = a;
14394 42B0 4F           	ld c, a
14395 42B1              ; 24         a = vboxCLW;
14396 42B1 3E 40        	ld a, 64
14397 42B3              ; 25         a |= vboxFRM;
14398 42B3 F6 20        	or 32
14399 42B5              ; 26         a |= vboxSDW;
14400 42B5 F6 10        	or 16
14401 42B7              ; 27         a |= vboxSAV;
14402 42B7 F6 08        	or 8
14403 42B9              ; 28         a |= vboxUMP;
14404 42B9 F6 04        	or 4
14405 42BB              ; 29         vboxOpenHLDECA();
14406 42BB CD 86 4D     	call vboxopenhldeca
14407 42BE D1           	pop de
14408 42BF E1           	pop hl
14409 42C0 C1           	pop bc
14410 42C1              ; 30     }
14411 42C1              ; 31     // Update HelpInfoViewStringY
14412 42C1              ; 32     a = HelpInfoViewY;
14413 42C1 3A 8C 43     	ld a, (helpinfoviewy)
14414 42C4              ; 33     a += 3;
14415 42C4 C6 03        	add 3
14416 42C6              ; 34     HelpInfoViewStringY = a;
14417 42C6 32 90 43     	ld (helpinfoviewstringy), a
14418 42C9              ; 35     // Show
14419 42C9              ; 36     HelpInfoViewShowTitle();
14420 42C9 CD 2F 43     	call helpinfoviewshowtitle
14421 42CC              ; 37     HelpInfoViewShowStringHL(hl = HelpInfoViewStrAll);
14422 42CC 21 A3 43     	ld hl, helpinfoviewstrall
14423 42CF CD 4E 43     	call helpinfoviewshowstringhl
14424 42D2              ; 38     HelpInfoViewShowStringHL(hl = HelpInfoViewStrAll2);
14425 42D2 21 C8 43     	ld hl, helpinfoviewstrall2
14426 42D5 CD 4E 43     	call helpinfoviewshowstringhl
14427 42D8              ; 39     HelpInfoViewShowNewLine();
14428 42D8 CD 45 43     	call helpinfoviewshownewline
14429 42DB              ; 40     HelpInfoViewShowStringHL(hl = HelpInfoViewDiskHelp1);
14430 42DB 21 D2 43     	ld hl, helpinfoviewdiskhelp1
14431 42DE CD 4E 43     	call helpinfoviewshowstringhl
14432 42E1              ; 41     HelpInfoViewShowStringHL(hl = HelpInfoViewDiskHelp2);
14433 42E1 21 F6 43     	ld hl, helpinfoviewdiskhelp2
14434 42E4 CD 4E 43     	call helpinfoviewshowstringhl
14435 42E7              ; 42     HelpInfoViewShowNewLine();
14436 42E7 CD 45 43     	call helpinfoviewshownewline
14437 42EA              ; 43     HelpInfoViewShowStringHL(hl = HelpInfoViewFTPHelp1);
14438 42EA 21 10 44     	ld hl, helpinfoviewftphelp1
14439 42ED CD 4E 43     	call helpinfoviewshowstringhl
14440 42F0              ; 44     HelpInfoViewShowStringHL(hl = HelpInfoViewFTPHelp2);
14441 42F0 21 2E 44     	ld hl, helpinfoviewftphelp2
14442 42F3 CD 4E 43     	call helpinfoviewshowstringhl
14443 42F6              ; 45     HelpInfoViewShowStringHL(hl = HelpInfoViewFTPHelp3);
14444 42F6 21 51 44     	ld hl, helpinfoviewftphelp3
14445 42F9 CD 4E 43     	call helpinfoviewshowstringhl
14446 42FC              ; 46     HelpInfoViewShowStringHL(hl = HelpInfoViewFTPHelp4);
14447 42FC 21 75 44     	ld hl, helpinfoviewftphelp4
14448 42FF CD 4E 43     	call helpinfoviewshowstringhl
14449 4302              ; 47     HelpInfoViewShowNewLine();
14450 4302 CD 45 43     	call helpinfoviewshownewline
14451 4305              ; 48     HelpInfoViewShowStringHL(hl = HelpInfoViewFooterHelp1);
14452 4305 21 94 44     	ld hl, helpinfoviewfooterhelp1
14453 4308 CD 4E 43     	call helpinfoviewshowstringhl
14454 430B              ; 49     HelpInfoViewShowNewLine();
14455 430B CD 45 43     	call helpinfoviewshownewline
14456 430E              ; 50     HelpInfoViewShowStringHL(hl = HelpInfoViewFooterHelp2);
14457 430E 21 B8 44     	ld hl, helpinfoviewfooterhelp2
14458 4311 CD 4E 43     	call helpinfoviewshowstringhl
14459 4314              ; 51     HelpInfoViewShowStringHL(hl = HelpInfoViewFooterHelp3);
14460 4314 21 DB 44     	ld hl, helpinfoviewfooterhelp3
14461 4317 CD 4E 43     	call helpinfoviewshowstringhl
14462 431A              ; 52     HelpInfoViewShowStringHL(hl = HelpInfoViewFooterHelp4);
14463 431A 21 FB 44     	ld hl, helpinfoviewfooterhelp4
14464 431D CD 4E 43     	call helpinfoviewshowstringhl
14465 4320              ; 53     HelpInfoViewShowStringHL(hl = HelpInfoViewFooterHelp5);
14466 4320 21 1A 45     	ld hl, helpinfoviewfooterhelp5
14467 4323 CD 4E 43     	call helpinfoviewshowstringhl
14468 4326              ; 54     HelpInfoViewShowNewLine();
14469 4326 CD 45 43     	call helpinfoviewshownewline
14470 4329              ; 55     HelpInfoViewShowStringHL(hl = HelpInfoViewGitHubHelp1);
14471 4329 21 2A 45     	ld hl, helpinfoviewgithubhelp1
14472 432C C3 4E 43     	jp helpinfoviewshowstringhl
14473 432F              ; 56 }
14474 432F              ; 57
14475 432F              ; 58 void HelpInfoViewShowTitle() {
14476 432F              helpinfoviewshowtitle:
14477 432F              ; 59     a = HelpInfoViewY;
14478 432F 3A 8C 43     	ld a, (helpinfoviewy)
14479 4332              ; 60     a += 1;
14480 4332 C6 01        	add 1
14481 4334              ; 61     myCharPosY = a;
14482 4334 32 E4 1D     	ld (mycharposy), a
14483 4337              ; 62     a = HelpInfoViewX;
14484 4337 3A 8B 43     	ld a, (helpinfoviewx)
14485 433A              ; 63     a += 10;
14486 433A C6 0A        	add 10
14487 433C              ; 64     myCharPosX = a;
14488 433C 32 E3 1D     	ld (mycharposx), a
14489 433F              ; 65     printMyHLStr(hl = HelpInfoViewTitle);
14490 433F 21 91 43     	ld hl, helpinfoviewtitle
14491 4342 C3 ED 1B     	jp printmyhlstr
14492 4345              ; 66 }
14493 4345              ; 67
14494 4345              ; 68 void HelpInfoViewShowNewLine() {
14495 4345              helpinfoviewshownewline:
14496 4345              ; 69     a = HelpInfoViewStringY;
14497 4345 3A 90 43     	ld a, (helpinfoviewstringy)
14498 4348              ; 70     a += 1;
14499 4348 C6 01        	add 1
14500 434A              ; 71     HelpInfoViewStringY = a;
14501 434A 32 90 43     	ld (helpinfoviewstringy), a
14502 434D C9           	ret
14503 434E              ; 72 }
14504 434E              ; 73
14505 434E              ; 74 void HelpInfoViewShowStringHL() {
14506 434E              helpinfoviewshowstringhl:
14507 434E              ; 75     //Set Y
14508 434E              ; 76     a = HelpInfoViewStringY;
14509 434E 3A 90 43     	ld a, (helpinfoviewstringy)
14510 4351              ; 77     myCharPosY = a;
14511 4351 32 E4 1D     	ld (mycharposy), a
14512 4354              ; 78     a += 1;
14513 4354 C6 01        	add 1
14514 4356              ; 79     HelpInfoViewStringY = a;
14515 4356 32 90 43     	ld (helpinfoviewstringy), a
14516 4359              ; 80     //Set X
14517 4359              ; 81     a = HelpInfoViewX;
14518 4359 3A 8B 43     	ld a, (helpinfoviewx)
14519 435C              ; 82     a += 1;
14520 435C C6 01        	add 1
14521 435E              ; 83     myCharPosX = a;
14522 435E 32 E3 1D     	ld (mycharposx), a
14523 4361              ; 84     // Str
14524 4361              ; 85     printMyHLStr();
14525 4361 C3 ED 1B     	jp printmyhlstr
14526 4364              ; 86 }
14527 4364              ; 87
14528 4364              ; 88 void HelpInfoViewKeyA() {
14529 4364              helpinfoviewkeya:
14530 4364              ; 89     push_pop(hl) {
14531 4364 E5           	push hl
14532 4365              ; 90         l = a;
14533 4365 6F           	ld l, a
14534 4366              ; 91         if ((a = CurrentViewId) == HelpInfoViewId) {
14535 4366 3A 8F 1F     	ld a, (currentviewid)
14536 4369 FE 0C        	cp 12
14537 436B C2 89 43     	jp nz, __l_956
14538 436E              ; 92             if ((a = l) == 0x1B) { //ESC выход
14539 436E 7D           	ld a, l
14540 436F FE 1B        	cp 27
14541 4371 C2 7D 43     	jp nz, __l_958
14542 4374              ; 93                 vboxClose();
14543 4374 CD 9F 4E     	call vboxclose
14544 4377              ; 94                 CurrentViewReturn();
14545 4377 CD 4F 1F     	call currentviewreturn
14546 437A C3 89 43     	jp __l_959
14547 437D              __l_958:
14548 437D              ; 95             } else if ((a = l) == 0x0D) { // Выбор диска
14549 437D 7D           	ld a, l
14550 437E FE 0D        	cp 13
14551 4380 C2 89 43     	jp nz, __l_960
14552 4383              ; 96                 vboxClose();
14553 4383 CD 9F 4E     	call vboxclose
14554 4386              ; 97                 CurrentViewReturn();
14555 4386 CD 4F 1F     	call currentviewreturn
14556 4389              __l_960:
14557 4389              __l_959:
14558 4389              __l_956:
14559 4389 E1           	pop hl
14560 438A C9           	ret
14561 438B              ; 98             }
14562 438B              ; 99         }
14563 438B              ; 100     }
14564 438B              ; 101 }
14565 438B              ; 102
14566 438B              ; 103 uint8_t HelpInfoViewX = 5;
14567 438B              helpinfoviewx:
14568 438B 05           	db 5
14569 438C              ; 104 uint8_t HelpInfoViewY = 5;
14570 438C              helpinfoviewy:
14571 438C 05           	db 5
14572 438D              ; 105 uint8_t HelpInfoViewDX = 38;
14573 438D              helpinfoviewdx:
14574 438D 26           	db 38
14575 438E              ; 106 uint8_t HelpInfoViewDY = 23;
14576 438E              helpinfoviewdy:
14577 438E 17           	db 23
14578 438F              ; 107 uint8_t HelpInfoViewColor = 0x70;
14579 438F              helpinfoviewcolor:
14580 438F 70           	db 112
14581 4390              ; 109 uint8_t HelpInfoViewStringY = 0;
14582 4390              helpinfoviewstringy:
14583 4390 00           	db 0
14584 4391              ; 111 uint8_t HelpInfoViewTitle[] = "kFTP-2 Ver: 0.0.6";
14585 4391              helpinfoviewtitle:
14586 4391 6B           	db 107
14587 4392 46           	db 70
14588 4393 54           	db 84
14589 4394 50           	db 80
14590 4395 2D           	db 45
14591 4396 32           	db 50
14592 4397 20           	db 32
14593 4398 56           	db 86
14594 4399 65           	db 101
14595 439A 72           	db 114
14596 439B 3A           	db 58
14597 439C 20           	db 32
14598 439D 30           	db 48
14599 439E 2E           	db 46
14600 439F 30           	db 48
14601 43A0 2E           	db 46
14602 43A1 36           	db 54
14603 43A2 00           	ds 1
14604 43A3              ; 114 uint8_t HelpInfoViewStrAll[] = {0x8E,0xA1,0xE9,0xA5,0xA5,0x3A,0x20,0x8E,0xE2,0xAC,0xA5,0xAD,0xA0,0x20,0xA4,0xA5,0xA9,0xE1,0xE2,0xA8,0xEF,0x2D,0x20,0x45,0x53,0x43,0x2C,0x20,0xE3,0xA4,0xA0,0xAB,0xA5,0xAD,0xA8,0xA5,0x00};
14605 43A3              helpinfoviewstrall:
14606 43A3 8E           	db 142
14607 43A4 A1           	db 161
14608 43A5 E9           	db 233
14609 43A6 A5           	db 165
14610 43A7 A5           	db 165
14611 43A8 3A           	db 58
14612 43A9 20           	db 32
14613 43AA 8E           	db 142
14614 43AB E2           	db 226
14615 43AC AC           	db 172
14616 43AD A5           	db 165
14617 43AE AD           	db 173
14618 43AF A0           	db 160
14619 43B0 20           	db 32
14620 43B1 A4           	db 164
14621 43B2 A5           	db 165
14622 43B3 A9           	db 169
14623 43B4 E1           	db 225
14624 43B5 E2           	db 226
14625 43B6 A8           	db 168
14626 43B7 EF           	db 239
14627 43B8 2D           	db 45
14628 43B9 20           	db 32
14629 43BA 45           	db 69
14630 43BB 53           	db 83
14631 43BC 43           	db 67
14632 43BD 2C           	db 44
14633 43BE 20           	db 32
14634 43BF E3           	db 227
14635 43C0 A4           	db 164
14636 43C1 A0           	db 160
14637 43C2 AB           	db 171
14638 43C3 A5           	db 165
14639 43C4 AD           	db 173
14640 43C5 A8           	db 168
14641 43C6 A5           	db 165
14642 43C7 00           	db 0
14643 43C8              ; 116 uint8_t HelpInfoViewStrAll2[] = {0xE4,0xA0,0xA9,0xAB,0xA0,0x20,0x2D,0x20,0x45,0x00};
14644 43C8              helpinfoviewstrall2:
14645 43C8 E4           	db 228
14646 43C9 A0           	db 160
14647 43CA A9           	db 169
14648 43CB AB           	db 171
14649 43CC A0           	db 160
14650 43CD 20           	db 32
14651 43CE 2D           	db 45
14652 43CF 20           	db 32
14653 43D0 45           	db 69
14654 43D1 00           	db 0
14655 43D2              ; 119 uint8_t HelpInfoViewDiskHelp1[] = {0x84,0xA8,0xE1,0xAA,0x3A,0x20,0x91,0xAC,0xA5,0xAD,0xA0,0x20,0xA4,0xA8,0xE1,0xAA,0xA0,0x20,0x82,0x82,0x8E,0x84,0x20,0xAD,0xA0,0x20,0x2E,0x2E,0x20,0xA8,0xAB,0xA8,0x20,0x44,0x2C,0x00};
14656 43D2              helpinfoviewdiskhelp1:
14657 43D2 84           	db 132
14658 43D3 A8           	db 168
14659 43D4 E1           	db 225
14660 43D5 AA           	db 170
14661 43D6 3A           	db 58
14662 43D7 20           	db 32
14663 43D8 91           	db 145
14664 43D9 AC           	db 172
14665 43DA A5           	db 165
14666 43DB AD           	db 173
14667 43DC A0           	db 160
14668 43DD 20           	db 32
14669 43DE A4           	db 164
14670 43DF A8           	db 168
14671 43E0 E1           	db 225
14672 43E1 AA           	db 170
14673 43E2 A0           	db 160
14674 43E3 20           	db 32
14675 43E4 82           	db 130
14676 43E5 82           	db 130
14677 43E6 8E           	db 142
14678 43E7 84           	db 132
14679 43E8 20           	db 32
14680 43E9 AD           	db 173
14681 43EA A0           	db 160
14682 43EB 20           	db 32
14683 43EC 2E           	db 46
14684 43ED 2E           	db 46
14685 43EE 20           	db 32
14686 43EF A8           	db 168
14687 43F0 AB           	db 171
14688 43F1 A8           	db 168
14689 43F2 20           	db 32
14690 43F3 44           	db 68
14691 43F4 2C           	db 44
14692 43F5 00           	db 0
14693 43F6              ; 122 uint8_t HelpInfoViewDiskHelp2[] = {0xA7,0xA0,0xA3,0xE0,0xE3,0xA7,0xAA,0xA0,0x20,0xE4,0xA0,0xA9,0xAB,0xA0,0x20,0xAD,0xA0,0x20,0x46,0x54,0x50,0x20,0x2D,0x20,0x43,0x00};
14694 43F6              helpinfoviewdiskhelp2:
14695 43F6 A7           	db 167
14696 43F7 A0           	db 160
14697 43F8 A3           	db 163
14698 43F9 E0           	db 224
14699 43FA E3           	db 227
14700 43FB A7           	db 167
14701 43FC AA           	db 170
14702 43FD A0           	db 160
14703 43FE 20           	db 32
14704 43FF E4           	db 228
14705 4400 A0           	db 160
14706 4401 A9           	db 169
14707 4402 AB           	db 171
14708 4403 A0           	db 160
14709 4404 20           	db 32
14710 4405 AD           	db 173
14711 4406 A0           	db 160
14712 4407 20           	db 32
14713 4408 46           	db 70
14714 4409 54           	db 84
14715 440A 50           	db 80
14716 440B 20           	db 32
14717 440C 2D           	db 45
14718 440D 20           	db 32
14719 440E 43           	db 67
14720 440F 00           	db 0
14721 4410              ; 125 uint8_t HelpInfoViewFTPHelp1[] = {0x46,0x54,0x50,0x3A,0x20,0x91,0xAA,0xA0,0xE7,0xA0,0xE2,0xEC,0x20,0xE4,0xA0,0xA9,0xAB,0x20,0x43,0x20,0xA8,0xAB,0xA8,0x20,0x82,0x82,0x8E,0x84,0x2C,0x00};
14722 4410              helpinfoviewftphelp1:
14723 4410 46           	db 70
14724 4411 54           	db 84
14725 4412 50           	db 80
14726 4413 3A           	db 58
14727 4414 20           	db 32
14728 4415 91           	db 145
14729 4416 AA           	db 170
14730 4417 A0           	db 160
14731 4418 E7           	db 231
14732 4419 A0           	db 160
14733 441A E2           	db 226
14734 441B EC           	db 236
14735 441C 20           	db 32
14736 441D E4           	db 228
14737 441E A0           	db 160
14738 441F A9           	db 169
14739 4420 AB           	db 171
14740 4421 20           	db 32
14741 4422 43           	db 67
14742 4423 20           	db 32
14743 4424 A8           	db 168
14744 4425 AB           	db 171
14745 4426 A8           	db 168
14746 4427 20           	db 32
14747 4428 82           	db 130
14748 4429 82           	db 130
14749 442A 8E           	db 142
14750 442B 84           	db 132
14751 442C 2C           	db 44
14752 442D 00           	db 0
14753 442E              ; 128 uint8_t HelpInfoViewFTPHelp2[] = {0xAE,0xA1,0xAD,0xAE,0xA2,0xAB,0xA5,0xAD,0xA8,0xA5,0x20,0xE2,0xA5,0xAA,0xE3,0xE9,0xA5,0xA9,0x20,0xA4,0xA8,0xE0,0xA5,0xAA,0xE2,0xAE,0xE0,0xA8,0xA8,0x20,0x2D,0x20,0x52,0x2C,0x00};
14754 442E              helpinfoviewftphelp2:
14755 442E AE           	db 174
14756 442F A1           	db 161
14757 4430 AD           	db 173
14758 4431 AE           	db 174
14759 4432 A2           	db 162
14760 4433 AB           	db 171
14761 4434 A5           	db 165
14762 4435 AD           	db 173
14763 4436 A8           	db 168
14764 4437 A5           	db 165
14765 4438 20           	db 32
14766 4439 E2           	db 226
14767 443A A5           	db 165
14768 443B AA           	db 170
14769 443C E3           	db 227
14770 443D E9           	db 233
14771 443E A5           	db 165
14772 443F A9           	db 169
14773 4440 20           	db 32
14774 4441 A4           	db 164
14775 4442 A8           	db 168
14776 4443 E0           	db 224
14777 4444 A5           	db 165
14778 4445 AA           	db 170
14779 4446 E2           	db 226
14780 4447 AE           	db 174
14781 4448 E0           	db 224
14782 4449 A8           	db 168
14783 444A A8           	db 168
14784 444B 20           	db 32
14785 444C 2D           	db 45
14786 444D 20           	db 32
14787 444E 52           	db 82
14788 444F 2C           	db 44
14789 4450 00           	db 0
14790 4451              ; 131 uint8_t HelpInfoViewFTPHelp3[] = {0xAF,0xA5,0xE0,0xA5,0xA9,0xE2,0xA8,0x20,0xAD,0xA0,0x20,0xA4,0xAE,0xAC,0xA0,0xE8,0xAD,0xE3,0xEE,0x20,0xA4,0xA8,0xE0,0xA5,0xAA,0xE2,0xAE,0xE0,0xA8,0xEE,0x20,0x2D,0x20,0x48,0x2C,0x00};
14791 4451              helpinfoviewftphelp3:
14792 4451 AF           	db 175
14793 4452 A5           	db 165
14794 4453 E0           	db 224
14795 4454 A5           	db 165
14796 4455 A9           	db 169
14797 4456 E2           	db 226
14798 4457 A8           	db 168
14799 4458 20           	db 32
14800 4459 AD           	db 173
14801 445A A0           	db 160
14802 445B 20           	db 32
14803 445C A4           	db 164
14804 445D AE           	db 174
14805 445E AC           	db 172
14806 445F A0           	db 160
14807 4460 E8           	db 232
14808 4461 AD           	db 173
14809 4462 E3           	db 227
14810 4463 EE           	db 238
14811 4464 20           	db 32
14812 4465 A4           	db 164
14813 4466 A8           	db 168
14814 4467 E0           	db 224
14815 4468 A5           	db 165
14816 4469 AA           	db 170
14817 446A E2           	db 226
14818 446B AE           	db 174
14819 446C E0           	db 224
14820 446D A8           	db 168
14821 446E EE           	db 238
14822 446F 20           	db 32
14823 4470 2D           	db 45
14824 4471 20           	db 32
14825 4472 48           	db 72
14826 4473 2C           	db 44
14827 4474 00           	db 0
14828 4475              ; 134 uint8_t HelpInfoViewFTPHelp4[] = {0xE1,0xAE,0xA7,0xA4,0xA0,0xAD,0xA8,0xA5,0x20,0xAD,0xAE,0xA2,0xAE,0xA9,0x20,0xA4,0xA8,0xE0,0xA5,0xAA,0xE2,0xAE,0xE0,0xA8,0xA8,0x20,0x2D,0x20,0x44,0x2C,0x00};
14829 4475              helpinfoviewftphelp4:
14830 4475 E1           	db 225
14831 4476 AE           	db 174
14832 4477 A7           	db 167
14833 4478 A4           	db 164
14834 4479 A0           	db 160
14835 447A AD           	db 173
14836 447B A8           	db 168
14837 447C A5           	db 165
14838 447D 20           	db 32
14839 447E AD           	db 173
14840 447F AE           	db 174
14841 4480 A2           	db 162
14842 4481 AE           	db 174
14843 4482 A9           	db 169
14844 4483 20           	db 32
14845 4484 A4           	db 164
14846 4485 A8           	db 168
14847 4486 E0           	db 224
14848 4487 A5           	db 165
14849 4488 AA           	db 170
14850 4489 E2           	db 226
14851 448A AE           	db 174
14852 448B E0           	db 224
14853 448C A8           	db 168
14854 448D A8           	db 168
14855 448E 20           	db 32
14856 448F 2D           	db 45
14857 4490 20           	db 32
14858 4491 44           	db 68
14859 4492 2C           	db 44
14860 4493 00           	db 0
14861 4494              ; 137 uint8_t HelpInfoViewFooterHelp1[] = {0x82,0x8D,0x88,0x8C,0x80,0x8D,0x88,0x85,0x21,0x20,0x90,0xE3,0xE1,0xE1,0xAA,0xA8,0xA5,0x20,0xA1,0xE3,0xAA,0xA2,0xEB,0x20,0xAD,0xA5,0x20,0xA2,0xA2,0xAE,0xA4,0xA8,0xE2,0xEC,0x21,0x00};
14862 4494              helpinfoviewfooterhelp1:
14863 4494 82           	db 130
14864 4495 8D           	db 141
14865 4496 88           	db 136
14866 4497 8C           	db 140
14867 4498 80           	db 128
14868 4499 8D           	db 141
14869 449A 88           	db 136
14870 449B 85           	db 133
14871 449C 21           	db 33
14872 449D 20           	db 32
14873 449E 90           	db 144
14874 449F E3           	db 227
14875 44A0 E1           	db 225
14876 44A1 E1           	db 225
14877 44A2 AA           	db 170
14878 44A3 A8           	db 168
14879 44A4 A5           	db 165
14880 44A5 20           	db 32
14881 44A6 A1           	db 161
14882 44A7 E3           	db 227
14883 44A8 AA           	db 170
14884 44A9 A2           	db 162
14885 44AA EB           	db 235
14886 44AB 20           	db 32
14887 44AC AD           	db 173
14888 44AD A5           	db 165
14889 44AE 20           	db 32
14890 44AF A2           	db 162
14891 44B0 A2           	db 162
14892 44B1 AE           	db 174
14893 44B2 A4           	db 164
14894 44B3 A8           	db 168
14895 44B4 E2           	db 226
14896 44B5 EC           	db 236
14897 44B6 21           	db 33
14898 44B7 00           	db 0
14899 44B8              ; 140 uint8_t HelpInfoViewFooterHelp2[] = {0x28,0x8F,0xAE,0xA4,0xA4,0xA5,0xE0,0xA6,0xAA,0xA0,0x20,0xE0,0xE3,0xE1,0xE1,0xAA,0xA8,0xE5,0x20,0xA1,0xE3,0xAA,0xA2,0x20,0xE2,0xAE,0xAB,0xEC,0xAA,0xAE,0x20,0xA4,0xAB,0xEF,0x00};
14900 44B8              helpinfoviewfooterhelp2:
14901 44B8 28           	db 40
14902 44B9 8F           	db 143
14903 44BA AE           	db 174
14904 44BB A4           	db 164
14905 44BC A4           	db 164
14906 44BD A5           	db 165
14907 44BE E0           	db 224
14908 44BF A6           	db 166
14909 44C0 AA           	db 170
14910 44C1 A0           	db 160
14911 44C2 20           	db 32
14912 44C3 E0           	db 224
14913 44C4 E3           	db 227
14914 44C5 E1           	db 225
14915 44C6 E1           	db 225
14916 44C7 AA           	db 170
14917 44C8 A8           	db 168
14918 44C9 E5           	db 229
14919 44CA 20           	db 32
14920 44CB A1           	db 161
14921 44CC E3           	db 227
14922 44CD AA           	db 170
14923 44CE A2           	db 162
14924 44CF 20           	db 32
14925 44D0 E2           	db 226
14926 44D1 AE           	db 174
14927 44D2 AB           	db 171
14928 44D3 EC           	db 236
14929 44D4 AA           	db 170
14930 44D5 AE           	db 174
14931 44D6 20           	db 32
14932 44D7 A4           	db 164
14933 44D8 AB           	db 171
14934 44D9 EF           	db 239
14935 44DA 00           	db 0
14936 44DB              ; 143 uint8_t HelpInfoViewFooterHelp3[] = {0xAE,0xE2,0xAE,0xA1,0xE0,0xA0,0xA6,0xA5,0xAD,0xA8,0xEF,0x20,0xA4,0xA8,0xE0,0xA5,0xAA,0xE2,0xAE,0xE0,0xA8,0xA9,0x20,0xA8,0x20,0xE4,0xA0,0xA9,0xAB,0xAE,0xA2,0x00};
14937 44DB              helpinfoviewfooterhelp3:
14938 44DB AE           	db 174
14939 44DC E2           	db 226
14940 44DD AE           	db 174
14941 44DE A1           	db 161
14942 44DF E0           	db 224
14943 44E0 A0           	db 160
14944 44E1 A6           	db 166
14945 44E2 A5           	db 165
14946 44E3 AD           	db 173
14947 44E4 A8           	db 168
14948 44E5 EF           	db 239
14949 44E6 20           	db 32
14950 44E7 A4           	db 164
14951 44E8 A8           	db 168
14952 44E9 E0           	db 224
14953 44EA A5           	db 165
14954 44EB AA           	db 170
14955 44EC E2           	db 226
14956 44ED AE           	db 174
14957 44EE E0           	db 224
14958 44EF A8           	db 168
14959 44F0 A9           	db 169
14960 44F1 20           	db 32
14961 44F2 A8           	db 168
14962 44F3 20           	db 32
14963 44F4 E4           	db 228
14964 44F5 A0           	db 160
14965 44F6 A9           	db 169
14966 44F7 AB           	db 171
14967 44F8 AE           	db 174
14968 44F9 A2           	db 162
14969 44FA 00           	db 0
14970 44FB              ; 146 uint8_t HelpInfoViewFooterHelp4[] = {0xAD,0xA0,0xE5,0xAE,0xA4,0xEF,0xE9,0xA8,0xE5,0xE1,0xEF,0x20,0xAD,0xA0,0x20,0x46,0x54,0x50,0x2C,0x20,0xAF,0xE0,0xA8,0x20,0xE0,0xA0,0xA1,0xAE,0xE2,0xA5,0x00};
14971 44FB              helpinfoviewfooterhelp4:
14972 44FB AD           	db 173
14973 44FC A0           	db 160
14974 44FD E5           	db 229
14975 44FE AE           	db 174
14976 44FF A4           	db 164
14977 4500 EF           	db 239
14978 4501 E9           	db 233
14979 4502 A8           	db 168
14980 4503 E5           	db 229
14981 4504 E1           	db 225
14982 4505 EF           	db 239
14983 4506 20           	db 32
14984 4507 AD           	db 173
14985 4508 A0           	db 160
14986 4509 20           	db 32
14987 450A 46           	db 70
14988 450B 54           	db 84
14989 450C 50           	db 80
14990 450D 2C           	db 44
14991 450E 20           	db 32
14992 450F AF           	db 175
14993 4510 E0           	db 224
14994 4511 A8           	db 168
14995 4512 20           	db 32
14996 4513 E0           	db 224
14997 4514 A0           	db 160
14998 4515 A1           	db 161
14999 4516 AE           	db 174
15000 4517 E2           	db 226
15001 4518 A5           	db 165
15002 4519 00           	db 0
15003 451A              ; 149 uint8_t HelpInfoViewFooterHelp5[] = {0xE1,0xA5,0xE0,0xA2,0xA5,0xE0,0xA0,0x20,0xA2,0x20,0x55,0x54,0x46,0x38,0x29,0x00};
15004 451A              helpinfoviewfooterhelp5:
15005 451A E1           	db 225
15006 451B A5           	db 165
15007 451C E0           	db 224
15008 451D A2           	db 162
15009 451E A5           	db 165
15010 451F E0           	db 224
15011 4520 A0           	db 160
15012 4521 20           	db 32
15013 4522 A2           	db 162
15014 4523 20           	db 32
15015 4524 55           	db 85
15016 4525 54           	db 84
15017 4526 46           	db 70
15018 4527 38           	db 56
15019 4528 29           	db 41
15020 4529 00           	db 0
15021 452A              ; 151 uint8_t HelpInfoViewGitHubHelp1[] = "https://github.com/KhimuninAA/kFTP-2";
15022 452A              helpinfoviewgithubhelp1:
15023 452A 68           	db 104
15024 452B 74           	db 116
15025 452C 74           	db 116
15026 452D 70           	db 112
15027 452E 73           	db 115
15028 452F 3A           	db 58
15029 4530 2F           	db 47
15030 4531 2F           	db 47
15031 4532 67           	db 103
15032 4533 69           	db 105
15033 4534 74           	db 116
15034 4535 68           	db 104
15035 4536 75           	db 117
15036 4537 62           	db 98
15037 4538 2E           	db 46
15038 4539 63           	db 99
15039 453A 6F           	db 111
15040 453B 6D           	db 109
15041 453C 2F           	db 47
15042 453D 4B           	db 75
15043 453E 68           	db 104
15044 453F 69           	db 105
15045 4540 6D           	db 109
15046 4541 75           	db 117
15047 4542 6E           	db 110
15048 4543 69           	db 105
15049 4544 6E           	db 110
15050 4545 41           	db 65
15051 4546 41           	db 65
15052 4547 2F           	db 47
15053 4548 6B           	db 107
15054 4549 46           	db 70
15055 454A 54           	db 84
15056 454B 50           	db 80
15057 454C 2D           	db 45
15058 454D 32           	db 50
15059 454E 00           	ds 1
15060 454F              ; 11 void ESPErrorParserA() {
15061 454F              esperrorparsera:
15062 454F              ; 12     if (a > 0) {
15063 454F B7           	or a
15064 4550 CA 83 45     	jp z, __l_962
15065 4553              ; 13         push_pop(bc) {
15066 4553 C5           	push bc
15067 4554              ; 14             b = a;
15068 4554 47           	ld b, a
15069 4555              ; 15             if ((a = b) == ESPError_FtpDeleteFileError) {
15070 4555 78           	ld a, b
15071 4556 FE 01        	cp 1
15072 4558 C2 64 45     	jp nz, __l_964
15073 455B              ; 16                 AllertOkViewShowHL(hl = StringLocaleNetFtpDeleteFileError);
15074 455B 21 D1 1F     	ld hl, stringlocalenetftpdeletefileerro
15075 455E CD 06 40     	call allertokviewshowhl
15076 4561 C3 7F 45     	jp __l_965
15077 4564              __l_964:
15078 4564              ; 17             } else if ((a = b) == ESPError_FtpConnectError) {
15079 4564 78           	ld a, b
15080 4565 FE 02        	cp 2
15081 4567 C2 73 45     	jp nz, __l_966
15082 456A              ; 18                 AllertOkViewShowHL(hl = StringLocaleNetFtpConnectError);
15083 456A 21 E5 1F     	ld hl, stringlocalenetftpconnecterror
15084 456D CD 06 40     	call allertokviewshowhl
15085 4570 C3 7F 45     	jp __l_967
15086 4573              __l_966:
15087 4573              ; 19             } else if ((a = b) == ESPError_WiFiConnectError) {
15088 4573 78           	ld a, b
15089 4574 FE 03        	cp 3
15090 4576 C2 7F 45     	jp nz, __l_968
15091 4579              ; 20                 AllertOkViewShowHL(hl = StringLocaleNetWiFiConnectError);
15092 4579 21 F7 1F     	ld hl, stringlocalenetwificonnecterror
15093 457C CD 06 40     	call allertokviewshowhl
15094 457F              __l_968:
15095 457F              __l_967:
15096 457F              __l_965:
15097 457F C1           	pop bc
15098 4580              ; 21             }
15099 4580              ; 22         }
15100 4580              ; 23         // Сброс ошибки
15101 4580              ; 24         NetErrorClear();
15102 4580 CD 97 14     	call neterrorclear
15103 4583              __l_962:
15104 4583 C9           	ret
15105 4584              ; 1 unsigned char FONT_8_8_RUS[] = {
15106 4584              font_8_8_rus:
15107 4584 00           	db 0
15108 4585 00           	db 0
15109 4586 00           	db 0
15110 4587 00           	db 0
15111 4588 00           	db 0
15112 4589 00           	db 0
15113 458A 00           	db 0
15114 458B 00           	db 0
15115 458C 7E           	db 126
15116 458D 81           	db 129
15117 458E A5           	db 165
15118 458F 81           	db 129
15119 4590 BD           	db 189
15120 4591 99           	db 153
15121 4592 81           	db 129
15122 4593 7E           	db 126
15123 4594 7E           	db 126
15124 4595 FF           	db 255
15125 4596 DB           	db 219
15126 4597 FF           	db 255
15127 4598 C3           	db 195
15128 4599 E7           	db 231
15129 459A FF           	db 255
15130 459B 7E           	db 126
15131 459C 6C           	db 108
15132 459D FE           	db 254
15133 459E FE           	db 254
15134 459F FE           	db 254
15135 45A0 7C           	db 124
15136 45A1 38           	db 56
15137 45A2 10           	db 16
15138 45A3 00           	db 0
15139 45A4 10           	db 16
15140 45A5 38           	db 56
15141 45A6 7C           	db 124
15142 45A7 FE           	db 254
15143 45A8 7C           	db 124
15144 45A9 38           	db 56
15145 45AA 10           	db 16
15146 45AB 00           	db 0
15147 45AC 38           	db 56
15148 45AD 7C           	db 124
15149 45AE 38           	db 56
15150 45AF FE           	db 254
15151 45B0 FE           	db 254
15152 45B1 D6           	db 214
15153 45B2 10           	db 16
15154 45B3 38           	db 56
15155 45B4 10           	db 16
15156 45B5 10           	db 16
15157 45B6 38           	db 56
15158 45B7 7C           	db 124
15159 45B8 FE           	db 254
15160 45B9 7C           	db 124
15161 45BA 10           	db 16
15162 45BB 38           	db 56
15163 45BC 00           	db 0
15164 45BD 00           	db 0
15165 45BE 18           	db 24
15166 45BF 3C           	db 60
15167 45C0 3C           	db 60
15168 45C1 18           	db 24
15169 45C2 00           	db 0
15170 45C3 00           	db 0
15171 45C4 FF           	db 255
15172 45C5 FF           	db 255
15173 45C6 E7           	db 231
15174 45C7 C3           	db 195
15175 45C8 C3           	db 195
15176 45C9 E7           	db 231
15177 45CA FF           	db 255
15178 45CB FF           	db 255
15179 45CC 00           	db 0
15180 45CD 3C           	db 60
15181 45CE 66           	db 102
15182 45CF 42           	db 66
15183 45D0 42           	db 66
15184 45D1 66           	db 102
15185 45D2 3C           	db 60
15186 45D3 00           	db 0
15187 45D4 FF           	db 255
15188 45D5 C3           	db 195
15189 45D6 99           	db 153
15190 45D7 BD           	db 189
15191 45D8 BD           	db 189
15192 45D9 99           	db 153
15193 45DA C3           	db 195
15194 45DB FF           	db 255
15195 45DC 0F           	db 15
15196 45DD 07           	db 7
15197 45DE 0F           	db 15
15198 45DF 7D           	db 125
15199 45E0 CC           	db 204
15200 45E1 CC           	db 204
15201 45E2 CC           	db 204
15202 45E3 78           	db 120
15203 45E4 3C           	db 60
15204 45E5 66           	db 102
15205 45E6 66           	db 102
15206 45E7 66           	db 102
15207 45E8 3C           	db 60
15208 45E9 18           	db 24
15209 45EA 7E           	db 126
15210 45EB 18           	db 24
15211 45EC 3F           	db 63
15212 45ED 33           	db 51
15213 45EE 3F           	db 63
15214 45EF 30           	db 48
15215 45F0 30           	db 48
15216 45F1 70           	db 112
15217 45F2 F0           	db 240
15218 45F3 E0           	db 224
15219 45F4 7F           	db 127
15220 45F5 63           	db 99
15221 45F6 7F           	db 127
15222 45F7 63           	db 99
15223 45F8 63           	db 99
15224 45F9 67           	db 103
15225 45FA E6           	db 230
15226 45FB C0           	db 192
15227 45FC 18           	db 24
15228 45FD DB           	db 219
15229 45FE 3C           	db 60
15230 45FF E7           	db 231
15231 4600 E7           	db 231
15232 4601 3C           	db 60
15233 4602 DB           	db 219
15234 4603 18           	db 24
15235 4604 80           	db 128
15236 4605 E0           	db 224
15237 4606 F8           	db 248
15238 4607 FE           	db 254
15239 4608 F8           	db 248
15240 4609 E0           	db 224
15241 460A 80           	db 128
15242 460B 00           	db 0
15243 460C 02           	db 2
15244 460D 0E           	db 14
15245 460E 3E           	db 62
15246 460F FE           	db 254
15247 4610 3E           	db 62
15248 4611 0E           	db 14
15249 4612 02           	db 2
15250 4613 00           	db 0
15251 4614 18           	db 24
15252 4615 3C           	db 60
15253 4616 7E           	db 126
15254 4617 18           	db 24
15255 4618 18           	db 24
15256 4619 7E           	db 126
15257 461A 3C           	db 60
15258 461B 18           	db 24
15259 461C 66           	db 102
15260 461D 66           	db 102
15261 461E 66           	db 102
15262 461F 66           	db 102
15263 4620 66           	db 102
15264 4621 00           	db 0
15265 4622 66           	db 102
15266 4623 00           	db 0
15267 4624 7F           	db 127
15268 4625 DB           	db 219
15269 4626 DB           	db 219
15270 4627 7B           	db 123
15271 4628 1B           	db 27
15272 4629 1B           	db 27
15273 462A 1B           	db 27
15274 462B 00           	db 0
15275 462C 3C           	db 60
15276 462D 60           	db 96
15277 462E 3C           	db 60
15278 462F 66           	db 102
15279 4630 66           	db 102
15280 4631 3C           	db 60
15281 4632 06           	db 6
15282 4633 3C           	db 60
15283 4634 00           	db 0
15284 4635 00           	db 0
15285 4636 00           	db 0
15286 4637 00           	db 0
15287 4638 7E           	db 126
15288 4639 7E           	db 126
15289 463A 7E           	db 126
15290 463B 00           	db 0
15291 463C 18           	db 24
15292 463D 3C           	db 60
15293 463E 7E           	db 126
15294 463F 18           	db 24
15295 4640 7E           	db 126
15296 4641 3C           	db 60
15297 4642 18           	db 24
15298 4643 7E           	db 126
15299 4644 18           	db 24
15300 4645 3C           	db 60
15301 4646 7E           	db 126
15302 4647 18           	db 24
15303 4648 18           	db 24
15304 4649 18           	db 24
15305 464A 18           	db 24
15306 464B 00           	db 0
15307 464C 18           	db 24
15308 464D 18           	db 24
15309 464E 18           	db 24
15310 464F 18           	db 24
15311 4650 7E           	db 126
15312 4651 3C           	db 60
15313 4652 18           	db 24
15314 4653 00           	db 0
15315 4654 00           	db 0
15316 4655 18           	db 24
15317 4656 0C           	db 12
15318 4657 FE           	db 254
15319 4658 0C           	db 12
15320 4659 18           	db 24
15321 465A 00           	db 0
15322 465B 00           	db 0
15323 465C 00           	db 0
15324 465D 30           	db 48
15325 465E 60           	db 96
15326 465F FE           	db 254
15327 4660 60           	db 96
15328 4661 30           	db 48
15329 4662 00           	db 0
15330 4663 00           	db 0
15331 4664 00           	db 0
15332 4665 00           	db 0
15333 4666 C0           	db 192
15334 4667 C0           	db 192
15335 4668 C0           	db 192
15336 4669 FE           	db 254
15337 466A 00           	db 0
15338 466B 00           	db 0
15339 466C 00           	db 0
15340 466D 24           	db 36
15341 466E 66           	db 102
15342 466F FF           	db 255
15343 4670 66           	db 102
15344 4671 24           	db 36
15345 4672 00           	db 0
15346 4673 00           	db 0
15347 4674 00           	db 0
15348 4675 10           	db 16
15349 4676 38           	db 56
15350 4677 7C           	db 124
15351 4678 FE           	db 254
15352 4679 FE           	db 254
15353 467A 00           	db 0
15354 467B 00           	db 0
15355 467C 00           	db 0
15356 467D FE           	db 254
15357 467E FE           	db 254
15358 467F 7C           	db 124
15359 4680 38           	db 56
15360 4681 10           	db 16
15361 4682 00           	db 0
15362 4683 00           	db 0
15363 4684 00           	db 0
15364 4685 00           	db 0
15365 4686 00           	db 0
15366 4687 00           	db 0
15367 4688 00           	db 0
15368 4689 00           	db 0
15369 468A 00           	db 0
15370 468B 00           	db 0
15371 468C 30           	db 48
15372 468D 78           	db 120
15373 468E 78           	db 120
15374 468F 30           	db 48
15375 4690 30           	db 48
15376 4691 00           	db 0
15377 4692 30           	db 48
15378 4693 00           	db 0
15379 4694 66           	db 102
15380 4695 66           	db 102
15381 4696 44           	db 68
15382 4697 00           	db 0
15383 4698 00           	db 0
15384 4699 00           	db 0
15385 469A 00           	db 0
15386 469B 00           	db 0
15387 469C 6C           	db 108
15388 469D 6C           	db 108
15389 469E FE           	db 254
15390 469F 6C           	db 108
15391 46A0 FE           	db 254
15392 46A1 6C           	db 108
15393 46A2 6C           	db 108
15394 46A3 00           	db 0
15395 46A4 18           	db 24
15396 46A5 3E           	db 62
15397 46A6 60           	db 96
15398 46A7 3C           	db 60
15399 46A8 06           	db 6
15400 46A9 7C           	db 124
15401 46AA 18           	db 24
15402 46AB 00           	db 0
15403 46AC 62           	db 98
15404 46AD 66           	db 102
15405 46AE 0C           	db 12
15406 46AF 18           	db 24
15407 46B0 30           	db 48
15408 46B1 66           	db 102
15409 46B2 46           	db 70
15410 46B3 00           	db 0
15411 46B4 38           	db 56
15412 46B5 6C           	db 108
15413 46B6 38           	db 56
15414 46B7 76           	db 118
15415 46B8 DC           	db 220
15416 46B9 CC           	db 204
15417 46BA 76           	db 118
15418 46BB 00           	db 0
15419 46BC 30           	db 48
15420 46BD 30           	db 48
15421 46BE 60           	db 96
15422 46BF 00           	db 0
15423 46C0 00           	db 0
15424 46C1 00           	db 0
15425 46C2 00           	db 0
15426 46C3 00           	db 0
15427 46C4 0C           	db 12
15428 46C5 18           	db 24
15429 46C6 30           	db 48
15430 46C7 30           	db 48
15431 46C8 30           	db 48
15432 46C9 18           	db 24
15433 46CA 0C           	db 12
15434 46CB 00           	db 0
15435 46CC 30           	db 48
15436 46CD 18           	db 24
15437 46CE 0C           	db 12
15438 46CF 0C           	db 12
15439 46D0 0C           	db 12
15440 46D1 18           	db 24
15441 46D2 30           	db 48
15442 46D3 00           	db 0
15443 46D4 00           	db 0
15444 46D5 66           	db 102
15445 46D6 3C           	db 60
15446 46D7 FF           	db 255
15447 46D8 3C           	db 60
15448 46D9 66           	db 102
15449 46DA 00           	db 0
15450 46DB 00           	db 0
15451 46DC 00           	db 0
15452 46DD 18           	db 24
15453 46DE 18           	db 24
15454 46DF 7E           	db 126
15455 46E0 18           	db 24
15456 46E1 18           	db 24
15457 46E2 00           	db 0
15458 46E3 00           	db 0
15459 46E4 00           	db 0
15460 46E5 00           	db 0
15461 46E6 00           	db 0
15462 46E7 00           	db 0
15463 46E8 00           	db 0
15464 46E9 30           	db 48
15465 46EA 30           	db 48
15466 46EB 60           	db 96
15467 46EC 00           	db 0
15468 46ED 00           	db 0
15469 46EE 00           	db 0
15470 46EF 7E           	db 126
15471 46F0 00           	db 0
15472 46F1 00           	db 0
15473 46F2 00           	db 0
15474 46F3 00           	db 0
15475 46F4 00           	db 0
15476 46F5 00           	db 0
15477 46F6 00           	db 0
15478 46F7 00           	db 0
15479 46F8 00           	db 0
15480 46F9 30           	db 48
15481 46FA 30           	db 48
15482 46FB 00           	db 0
15483 46FC 06           	db 6
15484 46FD 0C           	db 12
15485 46FE 18           	db 24
15486 46FF 30           	db 48
15487 4700 60           	db 96
15488 4701 C0           	db 192
15489 4702 80           	db 128
15490 4703 00           	db 0
15491 4704 7C           	db 124
15492 4705 C6           	db 198
15493 4706 CE           	db 206
15494 4707 DE           	db 222
15495 4708 F6           	db 246
15496 4709 E6           	db 230
15497 470A 7C           	db 124
15498 470B 00           	db 0
15499 470C 18           	db 24
15500 470D 38           	db 56
15501 470E 18           	db 24
15502 470F 18           	db 24
15503 4710 18           	db 24
15504 4711 18           	db 24
15505 4712 7E           	db 126
15506 4713 00           	db 0
15507 4714 3C           	db 60
15508 4715 66           	db 102
15509 4716 06           	db 6
15510 4717 1C           	db 28
15511 4718 30           	db 48
15512 4719 66           	db 102
15513 471A 7E           	db 126
15514 471B 00           	db 0
15515 471C 3C           	db 60
15516 471D 66           	db 102
15517 471E 06           	db 6
15518 471F 1C           	db 28
15519 4720 06           	db 6
15520 4721 66           	db 102
15521 4722 3C           	db 60
15522 4723 00           	db 0
15523 4724 1C           	db 28
15524 4725 3C           	db 60
15525 4726 6C           	db 108
15526 4727 CC           	db 204
15527 4728 FE           	db 254
15528 4729 0C           	db 12
15529 472A 1E           	db 30
15530 472B 00           	db 0
15531 472C 7E           	db 126
15532 472D 60           	db 96
15533 472E 7C           	db 124
15534 472F 06           	db 6
15535 4730 06           	db 6
15536 4731 66           	db 102
15537 4732 3C           	db 60
15538 4733 00           	db 0
15539 4734 1C           	db 28
15540 4735 30           	db 48
15541 4736 60           	db 96
15542 4737 7C           	db 124
15543 4738 66           	db 102
15544 4739 66           	db 102
15545 473A 3C           	db 60
15546 473B 00           	db 0
15547 473C 7E           	db 126
15548 473D 66           	db 102
15549 473E 06           	db 6
15550 473F 0C           	db 12
15551 4740 18           	db 24
15552 4741 18           	db 24
15553 4742 18           	db 24
15554 4743 00           	db 0
15555 4744 3C           	db 60
15556 4745 66           	db 102
15557 4746 66           	db 102
15558 4747 3C           	db 60
15559 4748 66           	db 102
15560 4749 66           	db 102
15561 474A 3C           	db 60
15562 474B 00           	db 0
15563 474C 3C           	db 60
15564 474D 66           	db 102
15565 474E 66           	db 102
15566 474F 3E           	db 62
15567 4750 06           	db 6
15568 4751 0C           	db 12
15569 4752 38           	db 56
15570 4753 00           	db 0
15571 4754 00           	db 0
15572 4755 30           	db 48
15573 4756 30           	db 48
15574 4757 00           	db 0
15575 4758 00           	db 0
15576 4759 30           	db 48
15577 475A 30           	db 48
15578 475B 00           	db 0
15579 475C 00           	db 0
15580 475D 30           	db 48
15581 475E 30           	db 48
15582 475F 00           	db 0
15583 4760 00           	db 0
15584 4761 30           	db 48
15585 4762 30           	db 48
15586 4763 60           	db 96
15587 4764 0C           	db 12
15588 4765 18           	db 24
15589 4766 30           	db 48
15590 4767 60           	db 96
15591 4768 30           	db 48
15592 4769 18           	db 24
15593 476A 0C           	db 12
15594 476B 00           	db 0
15595 476C 00           	db 0
15596 476D 00           	db 0
15597 476E 7E           	db 126
15598 476F 00           	db 0
15599 4770 00           	db 0
15600 4771 7E           	db 126
15601 4772 00           	db 0
15602 4773 00           	db 0
15603 4774 60           	db 96
15604 4775 30           	db 48
15605 4776 18           	db 24
15606 4777 0C           	db 12
15607 4778 18           	db 24
15608 4779 30           	db 48
15609 477A 60           	db 96
15610 477B 00           	db 0
15611 477C 3C           	db 60
15612 477D 66           	db 102
15613 477E 06           	db 6
15614 477F 0C           	db 12
15615 4780 18           	db 24
15616 4781 00           	db 0
15617 4782 18           	db 24
15618 4783 00           	db 0
15619 4784 7C           	db 124
15620 4785 C6           	db 198
15621 4786 DE           	db 222
15622 4787 DE           	db 222
15623 4788 DE           	db 222
15624 4789 C0           	db 192
15625 478A 78           	db 120
15626 478B 00           	db 0
15627 478C 18           	db 24
15628 478D 3C           	db 60
15629 478E 66           	db 102
15630 478F 66           	db 102
15631 4790 7E           	db 126
15632 4791 66           	db 102
15633 4792 66           	db 102
15634 4793 00           	db 0
15635 4794 FC           	db 252
15636 4795 66           	db 102
15637 4796 66           	db 102
15638 4797 7C           	db 124
15639 4798 66           	db 102
15640 4799 66           	db 102
15641 479A FC           	db 252
15642 479B 00           	db 0
15643 479C 3C           	db 60
15644 479D 66           	db 102
15645 479E C0           	db 192
15646 479F C0           	db 192
15647 47A0 C0           	db 192
15648 47A1 66           	db 102
15649 47A2 3C           	db 60
15650 47A3 00           	db 0
15651 47A4 F8           	db 248
15652 47A5 6C           	db 108
15653 47A6 66           	db 102
15654 47A7 66           	db 102
15655 47A8 66           	db 102
15656 47A9 6C           	db 108
15657 47AA F8           	db 248
15658 47AB 00           	db 0
15659 47AC FE           	db 254
15660 47AD 62           	db 98
15661 47AE 68           	db 104
15662 47AF 78           	db 120
15663 47B0 68           	db 104
15664 47B1 62           	db 98
15665 47B2 FE           	db 254
15666 47B3 00           	db 0
15667 47B4 FE           	db 254
15668 47B5 62           	db 98
15669 47B6 68           	db 104
15670 47B7 78           	db 120
15671 47B8 68           	db 104
15672 47B9 60           	db 96
15673 47BA F0           	db 240
15674 47BB 00           	db 0
15675 47BC 3C           	db 60
15676 47BD 66           	db 102
15677 47BE C0           	db 192
15678 47BF C0           	db 192
15679 47C0 CE           	db 206
15680 47C1 66           	db 102
15681 47C2 3E           	db 62
15682 47C3 00           	db 0
15683 47C4 66           	db 102
15684 47C5 66           	db 102
15685 47C6 66           	db 102
15686 47C7 7E           	db 126
15687 47C8 66           	db 102
15688 47C9 66           	db 102
15689 47CA 66           	db 102
15690 47CB 00           	db 0
15691 47CC 3C           	db 60
15692 47CD 18           	db 24
15693 47CE 18           	db 24
15694 47CF 18           	db 24
15695 47D0 18           	db 24
15696 47D1 18           	db 24
15697 47D2 3C           	db 60
15698 47D3 00           	db 0
15699 47D4 1E           	db 30
15700 47D5 0C           	db 12
15701 47D6 0C           	db 12
15702 47D7 0C           	db 12
15703 47D8 CC           	db 204
15704 47D9 CC           	db 204
15705 47DA 78           	db 120
15706 47DB 00           	db 0
15707 47DC E6           	db 230
15708 47DD 66           	db 102
15709 47DE 6C           	db 108
15710 47DF 78           	db 120
15711 47E0 6C           	db 108
15712 47E1 66           	db 102
15713 47E2 E6           	db 230
15714 47E3 00           	db 0
15715 47E4 F0           	db 240
15716 47E5 60           	db 96
15717 47E6 60           	db 96
15718 47E7 60           	db 96
15719 47E8 62           	db 98
15720 47E9 66           	db 102
15721 47EA FE           	db 254
15722 47EB 00           	db 0
15723 47EC C6           	db 198
15724 47ED EE           	db 238
15725 47EE FE           	db 254
15726 47EF FE           	db 254
15727 47F0 D6           	db 214
15728 47F1 C6           	db 198
15729 47F2 C6           	db 198
15730 47F3 00           	db 0
15731 47F4 C6           	db 198
15732 47F5 E6           	db 230
15733 47F6 F6           	db 246
15734 47F7 DE           	db 222
15735 47F8 CE           	db 206
15736 47F9 C6           	db 198
15737 47FA C6           	db 198
15738 47FB 00           	db 0
15739 47FC 38           	db 56
15740 47FD 6C           	db 108
15741 47FE C6           	db 198
15742 47FF C6           	db 198
15743 4800 C6           	db 198
15744 4801 6C           	db 108
15745 4802 38           	db 56
15746 4803 00           	db 0
15747 4804 FC           	db 252
15748 4805 66           	db 102
15749 4806 66           	db 102
15750 4807 7C           	db 124
15751 4808 60           	db 96
15752 4809 60           	db 96
15753 480A F0           	db 240
15754 480B 00           	db 0
15755 480C 3C           	db 60
15756 480D 66           	db 102
15757 480E 66           	db 102
15758 480F 66           	db 102
15759 4810 6E           	db 110
15760 4811 3C           	db 60
15761 4812 0E           	db 14
15762 4813 00           	db 0
15763 4814 FC           	db 252
15764 4815 66           	db 102
15765 4816 66           	db 102
15766 4817 7C           	db 124
15767 4818 6C           	db 108
15768 4819 66           	db 102
15769 481A E6           	db 230
15770 481B 00           	db 0
15771 481C 3C           	db 60
15772 481D 66           	db 102
15773 481E 30           	db 48
15774 481F 18           	db 24
15775 4820 0C           	db 12
15776 4821 66           	db 102
15777 4822 3C           	db 60
15778 4823 00           	db 0
15779 4824 7E           	db 126
15780 4825 5A           	db 90
15781 4826 18           	db 24
15782 4827 18           	db 24
15783 4828 18           	db 24
15784 4829 18           	db 24
15785 482A 3C           	db 60
15786 482B 00           	db 0
15787 482C 66           	db 102
15788 482D 66           	db 102
15789 482E 66           	db 102
15790 482F 66           	db 102
15791 4830 66           	db 102
15792 4831 66           	db 102
15793 4832 3C           	db 60
15794 4833 00           	db 0
15795 4834 66           	db 102
15796 4835 66           	db 102
15797 4836 66           	db 102
15798 4837 66           	db 102
15799 4838 66           	db 102
15800 4839 3C           	db 60
15801 483A 18           	db 24
15802 483B 00           	db 0
15803 483C C6           	db 198
15804 483D C6           	db 198
15805 483E C6           	db 198
15806 483F D6           	db 214
15807 4840 FE           	db 254
15808 4841 EE           	db 238
15809 4842 C6           	db 198
15810 4843 00           	db 0
15811 4844 C6           	db 198
15812 4845 C6           	db 198
15813 4846 6C           	db 108
15814 4847 38           	db 56
15815 4848 38           	db 56
15816 4849 6C           	db 108
15817 484A C6           	db 198
15818 484B 00           	db 0
15819 484C 66           	db 102
15820 484D 66           	db 102
15821 484E 66           	db 102
15822 484F 3C           	db 60
15823 4850 18           	db 24
15824 4851 18           	db 24
15825 4852 3C           	db 60
15826 4853 00           	db 0
15827 4854 FE           	db 254
15828 4855 C6           	db 198
15829 4856 8C           	db 140
15830 4857 18           	db 24
15831 4858 32           	db 50
15832 4859 66           	db 102
15833 485A FE           	db 254
15834 485B 00           	db 0
15835 485C 3C           	db 60
15836 485D 30           	db 48
15837 485E 30           	db 48
15838 485F 30           	db 48
15839 4860 30           	db 48
15840 4861 30           	db 48
15841 4862 3C           	db 60
15842 4863 00           	db 0
15843 4864 C0           	db 192
15844 4865 60           	db 96
15845 4866 30           	db 48
15846 4867 18           	db 24
15847 4868 0C           	db 12
15848 4869 06           	db 6
15849 486A 02           	db 2
15850 486B 00           	db 0
15851 486C 3C           	db 60
15852 486D 0C           	db 12
15853 486E 0C           	db 12
15854 486F 0C           	db 12
15855 4870 0C           	db 12
15856 4871 0C           	db 12
15857 4872 3C           	db 60
15858 4873 00           	db 0
15859 4874 10           	db 16
15860 4875 38           	db 56
15861 4876 6C           	db 108
15862 4877 C6           	db 198
15863 4878 00           	db 0
15864 4879 00           	db 0
15865 487A 00           	db 0
15866 487B 00           	db 0
15867 487C 00           	db 0
15868 487D 00           	db 0
15869 487E 00           	db 0
15870 487F 00           	db 0
15871 4880 00           	db 0
15872 4881 00           	db 0
15873 4882 00           	db 0
15874 4883 FF           	db 255
15875 4884 30           	db 48
15876 4885 30           	db 48
15877 4886 18           	db 24
15878 4887 00           	db 0
15879 4888 00           	db 0
15880 4889 00           	db 0
15881 488A 00           	db 0
15882 488B 00           	db 0
15883 488C 00           	db 0
15884 488D 00           	db 0
15885 488E 78           	db 120
15886 488F 0C           	db 12
15887 4890 7C           	db 124
15888 4891 CC           	db 204
15889 4892 76           	db 118
15890 4893 00           	db 0
15891 4894 E0           	db 224
15892 4895 60           	db 96
15893 4896 60           	db 96
15894 4897 7C           	db 124
15895 4898 66           	db 102
15896 4899 66           	db 102
15897 489A DC           	db 220
15898 489B 00           	db 0
15899 489C 00           	db 0
15900 489D 00           	db 0
15901 489E 3C           	db 60
15902 489F 60           	db 96
15903 48A0 60           	db 96
15904 48A1 60           	db 96
15905 48A2 3C           	db 60
15906 48A3 00           	db 0
15907 48A4 1C           	db 28
15908 48A5 0C           	db 12
15909 48A6 0C           	db 12
15910 48A7 7C           	db 124
15911 48A8 CC           	db 204
15912 48A9 CC           	db 204
15913 48AA 76           	db 118
15914 48AB 00           	db 0
15915 48AC 00           	db 0
15916 48AD 00           	db 0
15917 48AE 3C           	db 60
15918 48AF 66           	db 102
15919 48B0 7E           	db 126
15920 48B1 60           	db 96
15921 48B2 3C           	db 60
15922 48B3 00           	db 0
15923 48B4 1C           	db 28
15924 48B5 36           	db 54
15925 48B6 30           	db 48
15926 48B7 78           	db 120
15927 48B8 30           	db 48
15928 48B9 30           	db 48
15929 48BA 78           	db 120
15930 48BB 00           	db 0
15931 48BC 00           	db 0
15932 48BD 00           	db 0
15933 48BE 76           	db 118
15934 48BF CC           	db 204
15935 48C0 CC           	db 204
15936 48C1 7C           	db 124
15937 48C2 0C           	db 12
15938 48C3 F8           	db 248
15939 48C4 E0           	db 224
15940 48C5 60           	db 96
15941 48C6 6C           	db 108
15942 48C7 76           	db 118
15943 48C8 66           	db 102
15944 48C9 66           	db 102
15945 48CA E6           	db 230
15946 48CB 00           	db 0
15947 48CC 18           	db 24
15948 48CD 00           	db 0
15949 48CE 38           	db 56
15950 48CF 18           	db 24
15951 48D0 18           	db 24
15952 48D1 18           	db 24
15953 48D2 3C           	db 60
15954 48D3 00           	db 0
15955 48D4 06           	db 6
15956 48D5 00           	db 0
15957 48D6 06           	db 6
15958 48D7 06           	db 6
15959 48D8 06           	db 6
15960 48D9 66           	db 102
15961 48DA 66           	db 102
15962 48DB 3C           	db 60
15963 48DC E0           	db 224
15964 48DD 60           	db 96
15965 48DE 66           	db 102
15966 48DF 6C           	db 108
15967 48E0 78           	db 120
15968 48E1 6C           	db 108
15969 48E2 E6           	db 230
15970 48E3 00           	db 0
15971 48E4 38           	db 56
15972 48E5 18           	db 24
15973 48E6 18           	db 24
15974 48E7 18           	db 24
15975 48E8 18           	db 24
15976 48E9 18           	db 24
15977 48EA 3C           	db 60
15978 48EB 00           	db 0
15979 48EC 00           	db 0
15980 48ED 00           	db 0
15981 48EE CC           	db 204
15982 48EF FE           	db 254
15983 48F0 FE           	db 254
15984 48F1 D6           	db 214
15985 48F2 C6           	db 198
15986 48F3 00           	db 0
15987 48F4 00           	db 0
15988 48F5 00           	db 0
15989 48F6 DC           	db 220
15990 48F7 66           	db 102
15991 48F8 66           	db 102
15992 48F9 66           	db 102
15993 48FA 66           	db 102
15994 48FB 00           	db 0
15995 48FC 00           	db 0
15996 48FD 00           	db 0
15997 48FE 3C           	db 60
15998 48FF 66           	db 102
15999 4900 66           	db 102
16000 4901 66           	db 102
16001 4902 3C           	db 60
16002 4903 00           	db 0
16003 4904 00           	db 0
16004 4905 00           	db 0
16005 4906 DC           	db 220
16006 4907 66           	db 102
16007 4908 66           	db 102
16008 4909 7C           	db 124
16009 490A 60           	db 96
16010 490B F0           	db 240
16011 490C 00           	db 0
16012 490D 00           	db 0
16013 490E 76           	db 118
16014 490F CC           	db 204
16015 4910 CC           	db 204
16016 4911 7C           	db 124
16017 4912 0C           	db 12
16018 4913 1E           	db 30
16019 4914 00           	db 0
16020 4915 00           	db 0
16021 4916 DC           	db 220
16022 4917 76           	db 118
16023 4918 66           	db 102
16024 4919 60           	db 96
16025 491A F0           	db 240
16026 491B 00           	db 0
16027 491C 00           	db 0
16028 491D 00           	db 0
16029 491E 3E           	db 62
16030 491F 60           	db 96
16031 4920 3C           	db 60
16032 4921 06           	db 6
16033 4922 7C           	db 124
16034 4923 00           	db 0
16035 4924 10           	db 16
16036 4925 30           	db 48
16037 4926 7C           	db 124
16038 4927 30           	db 48
16039 4928 30           	db 48
16040 4929 36           	db 54
16041 492A 1C           	db 28
16042 492B 00           	db 0
16043 492C 00           	db 0
16044 492D 00           	db 0
16045 492E CC           	db 204
16046 492F CC           	db 204
16047 4930 CC           	db 204
16048 4931 CC           	db 204
16049 4932 76           	db 118
16050 4933 00           	db 0
16051 4934 00           	db 0
16052 4935 00           	db 0
16053 4936 66           	db 102
16054 4937 66           	db 102
16055 4938 66           	db 102
16056 4939 3C           	db 60
16057 493A 18           	db 24
16058 493B 00           	db 0
16059 493C 00           	db 0
16060 493D 00           	db 0
16061 493E C6           	db 198
16062 493F D6           	db 214
16063 4940 FE           	db 254
16064 4941 FE           	db 254
16065 4942 6C           	db 108
16066 4943 00           	db 0
16067 4944 00           	db 0
16068 4945 00           	db 0
16069 4946 C6           	db 198
16070 4947 6C           	db 108
16071 4948 38           	db 56
16072 4949 6C           	db 108
16073 494A C6           	db 198
16074 494B 00           	db 0
16075 494C 00           	db 0
16076 494D 00           	db 0
16077 494E 66           	db 102
16078 494F 66           	db 102
16079 4950 66           	db 102
16080 4951 3E           	db 62
16081 4952 06           	db 6
16082 4953 7C           	db 124
16083 4954 00           	db 0
16084 4955 00           	db 0
16085 4956 7E           	db 126
16086 4957 4C           	db 76
16087 4958 18           	db 24
16088 4959 32           	db 50
16089 495A 7E           	db 126
16090 495B 00           	db 0
16091 495C 0E           	db 14
16092 495D 18           	db 24
16093 495E 18           	db 24
16094 495F 70           	db 112
16095 4960 18           	db 24
16096 4961 18           	db 24
16097 4962 0E           	db 14
16098 4963 00           	db 0
16099 4964 18           	db 24
16100 4965 18           	db 24
16101 4966 18           	db 24
16102 4967 00           	db 0
16103 4968 18           	db 24
16104 4969 18           	db 24
16105 496A 18           	db 24
16106 496B 00           	db 0
16107 496C 70           	db 112
16108 496D 18           	db 24
16109 496E 18           	db 24
16110 496F 0E           	db 14
16111 4970 18           	db 24
16112 4971 18           	db 24
16113 4972 70           	db 112
16114 4973 00           	db 0
16115 4974 76           	db 118
16116 4975 DC           	db 220
16117 4976 00           	db 0
16118 4977 00           	db 0
16119 4978 00           	db 0
16120 4979 00           	db 0
16121 497A 00           	db 0
16122 497B 00           	db 0
16123 497C 00           	db 0
16124 497D 10           	db 16
16125 497E 38           	db 56
16126 497F 6C           	db 108
16127 4980 C6           	db 198
16128 4981 C6           	db 198
16129 4982 FE           	db 254
16130 4983 00           	db 0
16131 4984 1E           	db 30
16132 4985 36           	db 54
16133 4986 66           	db 102
16134 4987 C6           	db 198
16135 4988 FE           	db 254
16136 4989 C6           	db 198
16137 498A C6           	db 198
16138 498B 00           	db 0
16139 498C FC           	db 252
16140 498D C0           	db 192
16141 498E C0           	db 192
16142 498F FC           	db 252
16143 4990 C6           	db 198
16144 4991 C6           	db 198
16145 4992 FC           	db 252
16146 4993 00           	db 0
16147 4994 F8           	db 248
16148 4995 CC           	db 204
16149 4996 CC           	db 204
16150 4997 FC           	db 252
16151 4998 C6           	db 198
16152 4999 C6           	db 198
16153 499A FC           	db 252
16154 499B 00           	db 0
16155 499C 7E           	db 126
16156 499D 60           	db 96
16157 499E 60           	db 96
16158 499F 60           	db 96
16159 49A0 60           	db 96
16160 49A1 60           	db 96
16161 49A2 60           	db 96
16162 49A3 00           	db 0
16163 49A4 1E           	db 30
16164 49A5 36           	db 54
16165 49A6 66           	db 102
16166 49A7 66           	db 102
16167 49A8 66           	db 102
16168 49A9 66           	db 102
16169 49AA FF           	db 255
16170 49AB C3           	db 195
16171 49AC FC           	db 252
16172 49AD C0           	db 192
16173 49AE C0           	db 192
16174 49AF F8           	db 248
16175 49B0 C0           	db 192
16176 49B1 C0           	db 192
16177 49B2 FE           	db 254
16178 49B3 00           	db 0
16179 49B4 DB           	db 219
16180 49B5 DB           	db 219
16181 49B6 7E           	db 126
16182 49B7 3C           	db 60
16183 49B8 7E           	db 126
16184 49B9 DB           	db 219
16185 49BA DB           	db 219
16186 49BB 00           	db 0
16187 49BC 3C           	db 60
16188 49BD 66           	db 102
16189 49BE 06           	db 6
16190 49BF 3C           	db 60
16191 49C0 06           	db 6
16192 49C1 C6           	db 198
16193 49C2 7C           	db 124
16194 49C3 00           	db 0
16195 49C4 C6           	db 198
16196 49C5 C6           	db 198
16197 49C6 CE           	db 206
16198 49C7 DE           	db 222
16199 49C8 F6           	db 246
16200 49C9 E6           	db 230
16201 49CA C6           	db 198
16202 49CB 00           	db 0
16203 49CC BA           	db 186
16204 49CD C6           	db 198
16205 49CE CE           	db 206
16206 49CF DE           	db 222
16207 49D0 F6           	db 246
16208 49D1 E6           	db 230
16209 49D2 C6           	db 198
16210 49D3 00           	db 0
16211 49D4 C6           	db 198
16212 49D5 CC           	db 204
16213 49D6 D8           	db 216
16214 49D7 F8           	db 248
16215 49D8 CC           	db 204
16216 49D9 C6           	db 198
16217 49DA C6           	db 198
16218 49DB 00           	db 0
16219 49DC 1E           	db 30
16220 49DD 36           	db 54
16221 49DE 66           	db 102
16222 49DF 66           	db 102
16223 49E0 66           	db 102
16224 49E1 66           	db 102
16225 49E2 E6           	db 230
16226 49E3 00           	db 0
16227 49E4 C6           	db 198
16228 49E5 EE           	db 238
16229 49E6 FE           	db 254
16230 49E7 D6           	db 214
16231 49E8 C6           	db 198
16232 49E9 C6           	db 198
16233 49EA C6           	db 198
16234 49EB 00           	db 0
16235 49EC C6           	db 198
16236 49ED C6           	db 198
16237 49EE C6           	db 198
16238 49EF FE           	db 254
16239 49F0 C6           	db 198
16240 49F1 C6           	db 198
16241 49F2 C6           	db 198
16242 49F3 00           	db 0
16243 49F4 7C           	db 124
16244 49F5 C6           	db 198
16245 49F6 C6           	db 198
16246 49F7 C6           	db 198
16247 49F8 C6           	db 198
16248 49F9 C6           	db 198
16249 49FA 7C           	db 124
16250 49FB 00           	db 0
16251 49FC FE           	db 254
16252 49FD C6           	db 198
16253 49FE C6           	db 198
16254 49FF C6           	db 198
16255 4A00 C6           	db 198
16256 4A01 C6           	db 198
16257 4A02 C6           	db 198
16258 4A03 00           	db 0
16259 4A04 FC           	db 252
16260 4A05 C6           	db 198
16261 4A06 C6           	db 198
16262 4A07 FC           	db 252
16263 4A08 C0           	db 192
16264 4A09 C0           	db 192
16265 4A0A C0           	db 192
16266 4A0B 00           	db 0
16267 4A0C 7C           	db 124
16268 4A0D C6           	db 198
16269 4A0E C0           	db 192
16270 4A0F C0           	db 192
16271 4A10 C0           	db 192
16272 4A11 C6           	db 198
16273 4A12 7C           	db 124
16274 4A13 00           	db 0
16275 4A14 7E           	db 126
16276 4A15 18           	db 24
16277 4A16 18           	db 24
16278 4A17 18           	db 24
16279 4A18 18           	db 24
16280 4A19 18           	db 24
16281 4A1A 18           	db 24
16282 4A1B 00           	db 0
16283 4A1C C6           	db 198
16284 4A1D C6           	db 198
16285 4A1E C6           	db 198
16286 4A1F 7E           	db 126
16287 4A20 06           	db 6
16288 4A21 C6           	db 198
16289 4A22 7C           	db 124
16290 4A23 00           	db 0
16291 4A24 18           	db 24
16292 4A25 7E           	db 126
16293 4A26 DB           	db 219
16294 4A27 DB           	db 219
16295 4A28 DB           	db 219
16296 4A29 7E           	db 126
16297 4A2A 18           	db 24
16298 4A2B 00           	db 0
16299 4A2C C6           	db 198
16300 4A2D 6C           	db 108
16301 4A2E 38           	db 56
16302 4A2F 38           	db 56
16303 4A30 6C           	db 108
16304 4A31 C6           	db 198
16305 4A32 C6           	db 198
16306 4A33 00           	db 0
16307 4A34 CC           	db 204
16308 4A35 CC           	db 204
16309 4A36 CC           	db 204
16310 4A37 CC           	db 204
16311 4A38 CC           	db 204
16312 4A39 CC           	db 204
16313 4A3A FE           	db 254
16314 4A3B 06           	db 6
16315 4A3C C6           	db 198
16316 4A3D C6           	db 198
16317 4A3E C6           	db 198
16318 4A3F 7E           	db 126
16319 4A40 06           	db 6
16320 4A41 06           	db 6
16321 4A42 06           	db 6
16322 4A43 00           	db 0
16323 4A44 D6           	db 214
16324 4A45 D6           	db 214
16325 4A46 D6           	db 214
16326 4A47 D6           	db 214
16327 4A48 D6           	db 214
16328 4A49 D6           	db 214
16329 4A4A FE           	db 254
16330 4A4B 00           	db 0
16331 4A4C D6           	db 214
16332 4A4D D6           	db 214
16333 4A4E D6           	db 214
16334 4A4F D6           	db 214
16335 4A50 D6           	db 214
16336 4A51 D6           	db 214
16337 4A52 FF           	db 255
16338 4A53 03           	db 3
16339 4A54 F0           	db 240
16340 4A55 30           	db 48
16341 4A56 30           	db 48
16342 4A57 3E           	db 62
16343 4A58 33           	db 51
16344 4A59 33           	db 51
16345 4A5A 3E           	db 62
16346 4A5B 00           	db 0
16347 4A5C C6           	db 198
16348 4A5D C6           	db 198
16349 4A5E C6           	db 198
16350 4A5F F6           	db 246
16351 4A60 DA           	db 218
16352 4A61 DA           	db 218
16353 4A62 F6           	db 246
16354 4A63 00           	db 0
16355 4A64 C0           	db 192
16356 4A65 C0           	db 192
16357 4A66 C0           	db 192
16358 4A67 FC           	db 252
16359 4A68 C6           	db 198
16360 4A69 C6           	db 198
16361 4A6A FC           	db 252
16362 4A6B 00           	db 0
16363 4A6C 7C           	db 124
16364 4A6D C6           	db 198
16365 4A6E 06           	db 6
16366 4A6F 1E           	db 30
16367 4A70 06           	db 6
16368 4A71 C6           	db 198
16369 4A72 7C           	db 124
16370 4A73 00           	db 0
16371 4A74 CC           	db 204
16372 4A75 DE           	db 222
16373 4A76 B6           	db 182
16374 4A77 F6           	db 246
16375 4A78 B6           	db 182
16376 4A79 DE           	db 222
16377 4A7A CC           	db 204
16378 4A7B 00           	db 0
16379 4A7C 7E           	db 126
16380 4A7D C6           	db 198
16381 4A7E C6           	db 198
16382 4A7F 7E           	db 126
16383 4A80 36           	db 54
16384 4A81 66           	db 102
16385 4A82 C6           	db 198
16386 4A83 00           	db 0
16387 4A84 00           	db 0
16388 4A85 00           	db 0
16389 4A86 78           	db 120
16390 4A87 0C           	db 12
16391 4A88 7C           	db 124
16392 4A89 CC           	db 204
16393 4A8A 7E           	db 126
16394 4A8B 00           	db 0
16395 4A8C 06           	db 6
16396 4A8D 3C           	db 60
16397 4A8E 60           	db 96
16398 4A8F 7C           	db 124
16399 4A90 66           	db 102
16400 4A91 66           	db 102
16401 4A92 3C           	db 60
16402 4A93 00           	db 0
16403 4A94 00           	db 0
16404 4A95 00           	db 0
16405 4A96 F8           	db 248
16406 4A97 CC           	db 204
16407 4A98 F8           	db 248
16408 4A99 C6           	db 198
16409 4A9A FC           	db 252
16410 4A9B 00           	db 0
16411 4A9C 00           	db 0
16412 4A9D 00           	db 0
16413 4A9E 7E           	db 126
16414 4A9F 60           	db 96
16415 4AA0 60           	db 96
16416 4AA1 60           	db 96
16417 4AA2 60           	db 96
16418 4AA3 00           	db 0
16419 4AA4 00           	db 0
16420 4AA5 00           	db 0
16421 4AA6 1E           	db 30
16422 4AA7 36           	db 54
16423 4AA8 66           	db 102
16424 4AA9 66           	db 102
16425 4AAA FF           	db 255
16426 4AAB C3           	db 195
16427 4AAC 00           	db 0
16428 4AAD 00           	db 0
16429 4AAE 3C           	db 60
16430 4AAF 66           	db 102
16431 4AB0 7E           	db 126
16432 4AB1 60           	db 96
16433 4AB2 3E           	db 62
16434 4AB3 00           	db 0
16435 4AB4 00           	db 0
16436 4AB5 00           	db 0
16437 4AB6 DB           	db 219
16438 4AB7 7E           	db 126
16439 4AB8 3C           	db 60
16440 4AB9 7E           	db 126
16441 4ABA DB           	db 219
16442 4ABB 00           	db 0
16443 4ABC 00           	db 0
16444 4ABD 00           	db 0
16445 4ABE 3C           	db 60
16446 4ABF 66           	db 102
16447 4AC0 0C           	db 12
16448 4AC1 66           	db 102
16449 4AC2 3C           	db 60
16450 4AC3 00           	db 0
16451 4AC4 00           	db 0
16452 4AC5 00           	db 0
16453 4AC6 66           	db 102
16454 4AC7 6E           	db 110
16455 4AC8 7E           	db 126
16456 4AC9 76           	db 118
16457 4ACA 66           	db 102
16458 4ACB 00           	db 0
16459 4ACC 18           	db 24
16460 4ACD 00           	db 0
16461 4ACE 66           	db 102
16462 4ACF 6E           	db 110
16463 4AD0 7E           	db 126
16464 4AD1 76           	db 118
16465 4AD2 66           	db 102
16466 4AD3 00           	db 0
16467 4AD4 00           	db 0
16468 4AD5 00           	db 0
16469 4AD6 66           	db 102
16470 4AD7 6C           	db 108
16471 4AD8 78           	db 120
16472 4AD9 6C           	db 108
16473 4ADA 66           	db 102
16474 4ADB 00           	db 0
16475 4ADC 00           	db 0
16476 4ADD 00           	db 0
16477 4ADE 1E           	db 30
16478 4ADF 36           	db 54
16479 4AE0 66           	db 102
16480 4AE1 66           	db 102
16481 4AE2 E6           	db 230
16482 4AE3 00           	db 0
16483 4AE4 00           	db 0
16484 4AE5 00           	db 0
16485 4AE6 C6           	db 198
16486 4AE7 EE           	db 238
16487 4AE8 FE           	db 254
16488 4AE9 D6           	db 214
16489 4AEA C6           	db 198
16490 4AEB 00           	db 0
16491 4AEC 00           	db 0
16492 4AED 00           	db 0
16493 4AEE 66           	db 102
16494 4AEF 66           	db 102
16495 4AF0 7E           	db 126
16496 4AF1 66           	db 102
16497 4AF2 66           	db 102
16498 4AF3 00           	db 0
16499 4AF4 00           	db 0
16500 4AF5 00           	db 0
16501 4AF6 3C           	db 60
16502 4AF7 66           	db 102
16503 4AF8 66           	db 102
16504 4AF9 66           	db 102
16505 4AFA 3C           	db 60
16506 4AFB 00           	db 0
16507 4AFC 00           	db 0
16508 4AFD 00           	db 0
16509 4AFE 7E           	db 126
16510 4AFF 66           	db 102
16511 4B00 66           	db 102
16512 4B01 66           	db 102
16513 4B02 66           	db 102
16514 4B03 00           	db 0
16515 4B04 22           	db 34
16516 4B05 88           	db 136
16517 4B06 22           	db 34
16518 4B07 88           	db 136
16519 4B08 22           	db 34
16520 4B09 88           	db 136
16521 4B0A 22           	db 34
16522 4B0B 88           	db 136
16523 4B0C 55           	db 85
16524 4B0D AA           	db 170
16525 4B0E 55           	db 85
16526 4B0F AA           	db 170
16527 4B10 55           	db 85
16528 4B11 AA           	db 170
16529 4B12 55           	db 85
16530 4B13 AA           	db 170
16531 4B14 DB           	db 219
16532 4B15 77           	db 119
16533 4B16 DB           	db 219
16534 4B17 EE           	db 238
16535 4B18 DB           	db 219
16536 4B19 77           	db 119
16537 4B1A DB           	db 219
16538 4B1B EE           	db 238
16539 4B1C 18           	db 24
16540 4B1D 18           	db 24
16541 4B1E 18           	db 24
16542 4B1F 18           	db 24
16543 4B20 18           	db 24
16544 4B21 18           	db 24
16545 4B22 18           	db 24
16546 4B23 18           	db 24
16547 4B24 18           	db 24
16548 4B25 18           	db 24
16549 4B26 18           	db 24
16550 4B27 F8           	db 248
16551 4B28 18           	db 24
16552 4B29 18           	db 24
16553 4B2A 18           	db 24
16554 4B2B 18           	db 24
16555 4B2C 18           	db 24
16556 4B2D 18           	db 24
16557 4B2E F8           	db 248
16558 4B2F 18           	db 24
16559 4B30 F8           	db 248
16560 4B31 18           	db 24
16561 4B32 18           	db 24
16562 4B33 18           	db 24
16563 4B34 6C           	db 108
16564 4B35 6C           	db 108
16565 4B36 6C           	db 108
16566 4B37 EC           	db 236
16567 4B38 6C           	db 108
16568 4B39 6C           	db 108
16569 4B3A 6C           	db 108
16570 4B3B 6C           	db 108
16571 4B3C 00           	db 0
16572 4B3D 00           	db 0
16573 4B3E 00           	db 0
16574 4B3F FC           	db 252
16575 4B40 6C           	db 108
16576 4B41 6C           	db 108
16577 4B42 6C           	db 108
16578 4B43 6C           	db 108
16579 4B44 00           	db 0
16580 4B45 00           	db 0
16581 4B46 F8           	db 248
16582 4B47 18           	db 24
16583 4B48 F8           	db 248
16584 4B49 18           	db 24
16585 4B4A 18           	db 24
16586 4B4B 18           	db 24
16587 4B4C 6C           	db 108
16588 4B4D 6C           	db 108
16589 4B4E EC           	db 236
16590 4B4F 0C           	db 12
16591 4B50 EC           	db 236
16592 4B51 6C           	db 108
16593 4B52 6C           	db 108
16594 4B53 6C           	db 108
16595 4B54 6C           	db 108
16596 4B55 6C           	db 108
16597 4B56 6C           	db 108
16598 4B57 6C           	db 108
16599 4B58 6C           	db 108
16600 4B59 6C           	db 108
16601 4B5A 6C           	db 108
16602 4B5B 6C           	db 108
16603 4B5C 00           	db 0
16604 4B5D 00           	db 0
16605 4B5E FC           	db 252
16606 4B5F 0C           	db 12
16607 4B60 EC           	db 236
16608 4B61 6C           	db 108
16609 4B62 6C           	db 108
16610 4B63 6C           	db 108
16611 4B64 6C           	db 108
16612 4B65 6C           	db 108
16613 4B66 EC           	db 236
16614 4B67 0C           	db 12
16615 4B68 FC           	db 252
16616 4B69 00           	db 0
16617 4B6A 00           	db 0
16618 4B6B 00           	db 0
16619 4B6C 6C           	db 108
16620 4B6D 6C           	db 108
16621 4B6E 6C           	db 108
16622 4B6F FC           	db 252
16623 4B70 00           	db 0
16624 4B71 00           	db 0
16625 4B72 00           	db 0
16626 4B73 00           	db 0
16627 4B74 18           	db 24
16628 4B75 18           	db 24
16629 4B76 F8           	db 248
16630 4B77 18           	db 24
16631 4B78 F8           	db 248
16632 4B79 00           	db 0
16633 4B7A 00           	db 0
16634 4B7B 00           	db 0
16635 4B7C 00           	db 0
16636 4B7D 00           	db 0
16637 4B7E 00           	db 0
16638 4B7F F8           	db 248
16639 4B80 18           	db 24
16640 4B81 18           	db 24
16641 4B82 18           	db 24
16642 4B83 18           	db 24
16643 4B84 18           	db 24
16644 4B85 18           	db 24
16645 4B86 18           	db 24
16646 4B87 1F           	db 31
16647 4B88 00           	db 0
16648 4B89 00           	db 0
16649 4B8A 00           	db 0
16650 4B8B 00           	db 0
16651 4B8C 18           	db 24
16652 4B8D 18           	db 24
16653 4B8E 18           	db 24
16654 4B8F FF           	db 255
16655 4B90 00           	db 0
16656 4B91 00           	db 0
16657 4B92 00           	db 0
16658 4B93 00           	db 0
16659 4B94 00           	db 0
16660 4B95 00           	db 0
16661 4B96 00           	db 0
16662 4B97 FF           	db 255
16663 4B98 18           	db 24
16664 4B99 18           	db 24
16665 4B9A 18           	db 24
16666 4B9B 18           	db 24
16667 4B9C 18           	db 24
16668 4B9D 18           	db 24
16669 4B9E 18           	db 24
16670 4B9F 1F           	db 31
16671 4BA0 18           	db 24
16672 4BA1 18           	db 24
16673 4BA2 18           	db 24
16674 4BA3 18           	db 24
16675 4BA4 00           	db 0
16676 4BA5 00           	db 0
16677 4BA6 00           	db 0
16678 4BA7 FF           	db 255
16679 4BA8 00           	db 0
16680 4BA9 00           	db 0
16681 4BAA 00           	db 0
16682 4BAB 00           	db 0
16683 4BAC 18           	db 24
16684 4BAD 18           	db 24
16685 4BAE 18           	db 24
16686 4BAF FF           	db 255
16687 4BB0 18           	db 24
16688 4BB1 18           	db 24
16689 4BB2 18           	db 24
16690 4BB3 18           	db 24
16691 4BB4 18           	db 24
16692 4BB5 18           	db 24
16693 4BB6 1F           	db 31
16694 4BB7 18           	db 24
16695 4BB8 1F           	db 31
16696 4BB9 18           	db 24
16697 4BBA 18           	db 24
16698 4BBB 18           	db 24
16699 4BBC 6C           	db 108
16700 4BBD 6C           	db 108
16701 4BBE 6C           	db 108
16702 4BBF 6F           	db 111
16703 4BC0 6C           	db 108
16704 4BC1 6C           	db 108
16705 4BC2 6C           	db 108
16706 4BC3 6C           	db 108
16707 4BC4 6C           	db 108
16708 4BC5 6C           	db 108
16709 4BC6 6F           	db 111
16710 4BC7 60           	db 96
16711 4BC8 7F           	db 127
16712 4BC9 00           	db 0
16713 4BCA 00           	db 0
16714 4BCB 00           	db 0
16715 4BCC 00           	db 0
16716 4BCD 00           	db 0
16717 4BCE 7F           	db 127
16718 4BCF 60           	db 96
16719 4BD0 6F           	db 111
16720 4BD1 6C           	db 108
16721 4BD2 6C           	db 108
16722 4BD3 6C           	db 108
16723 4BD4 6C           	db 108
16724 4BD5 6C           	db 108
16725 4BD6 EF           	db 239
16726 4BD7 00           	db 0
16727 4BD8 FF           	db 255
16728 4BD9 00           	db 0
16729 4BDA 00           	db 0
16730 4BDB 00           	db 0
16731 4BDC 00           	db 0
16732 4BDD 00           	db 0
16733 4BDE FF           	db 255
16734 4BDF 00           	db 0
16735 4BE0 EF           	db 239
16736 4BE1 6C           	db 108
16737 4BE2 6C           	db 108
16738 4BE3 6C           	db 108
16739 4BE4 6C           	db 108
16740 4BE5 6C           	db 108
16741 4BE6 6F           	db 111
16742 4BE7 60           	db 96
16743 4BE8 6F           	db 111
16744 4BE9 6C           	db 108
16745 4BEA 6C           	db 108
16746 4BEB 6C           	db 108
16747 4BEC 00           	db 0
16748 4BED 00           	db 0
16749 4BEE FF           	db 255
16750 4BEF 00           	db 0
16751 4BF0 FF           	db 255
16752 4BF1 00           	db 0
16753 4BF2 00           	db 0
16754 4BF3 00           	db 0
16755 4BF4 6C           	db 108
16756 4BF5 6C           	db 108
16757 4BF6 EF           	db 239
16758 4BF7 00           	db 0
16759 4BF8 EF           	db 239
16760 4BF9 6C           	db 108
16761 4BFA 6C           	db 108
16762 4BFB 6C           	db 108
16763 4BFC 18           	db 24
16764 4BFD 18           	db 24
16765 4BFE FF           	db 255
16766 4BFF 00           	db 0
16767 4C00 FF           	db 255
16768 4C01 00           	db 0
16769 4C02 00           	db 0
16770 4C03 00           	db 0
16771 4C04 6C           	db 108
16772 4C05 6C           	db 108
16773 4C06 6C           	db 108
16774 4C07 FF           	db 255
16775 4C08 00           	db 0
16776 4C09 00           	db 0
16777 4C0A 00           	db 0
16778 4C0B 00           	db 0
16779 4C0C 00           	db 0
16780 4C0D 00           	db 0
16781 4C0E FF           	db 255
16782 4C0F 00           	db 0
16783 4C10 FF           	db 255
16784 4C11 18           	db 24
16785 4C12 18           	db 24
16786 4C13 18           	db 24
16787 4C14 00           	db 0
16788 4C15 00           	db 0
16789 4C16 00           	db 0
16790 4C17 FF           	db 255
16791 4C18 6C           	db 108
16792 4C19 6C           	db 108
16793 4C1A 6C           	db 108
16794 4C1B 6C           	db 108
16795 4C1C 6C           	db 108
16796 4C1D 6C           	db 108
16797 4C1E 6C           	db 108
16798 4C1F 7F           	db 127
16799 4C20 00           	db 0
16800 4C21 00           	db 0
16801 4C22 00           	db 0
16802 4C23 00           	db 0
16803 4C24 18           	db 24
16804 4C25 18           	db 24
16805 4C26 1F           	db 31
16806 4C27 18           	db 24
16807 4C28 1F           	db 31
16808 4C29 00           	db 0
16809 4C2A 00           	db 0
16810 4C2B 00           	db 0
16811 4C2C 00           	db 0
16812 4C2D 00           	db 0
16813 4C2E 1F           	db 31
16814 4C2F 18           	db 24
16815 4C30 1F           	db 31
16816 4C31 18           	db 24
16817 4C32 18           	db 24
16818 4C33 18           	db 24
16819 4C34 00           	db 0
16820 4C35 00           	db 0
16821 4C36 00           	db 0
16822 4C37 7F           	db 127
16823 4C38 6C           	db 108
16824 4C39 6C           	db 108
16825 4C3A 6C           	db 108
16826 4C3B 6C           	db 108
16827 4C3C 6C           	db 108
16828 4C3D 6C           	db 108
16829 4C3E 6C           	db 108
16830 4C3F FF           	db 255
16831 4C40 6C           	db 108
16832 4C41 6C           	db 108
16833 4C42 6C           	db 108
16834 4C43 6C           	db 108
16835 4C44 18           	db 24
16836 4C45 18           	db 24
16837 4C46 FF           	db 255
16838 4C47 18           	db 24
16839 4C48 FF           	db 255
16840 4C49 18           	db 24
16841 4C4A 18           	db 24
16842 4C4B 18           	db 24
16843 4C4C 18           	db 24
16844 4C4D 18           	db 24
16845 4C4E 18           	db 24
16846 4C4F F8           	db 248
16847 4C50 00           	db 0
16848 4C51 00           	db 0
16849 4C52 00           	db 0
16850 4C53 00           	db 0
16851 4C54 00           	db 0
16852 4C55 00           	db 0
16853 4C56 00           	db 0
16854 4C57 1F           	db 31
16855 4C58 18           	db 24
16856 4C59 18           	db 24
16857 4C5A 18           	db 24
16858 4C5B 18           	db 24
16859 4C5C FF           	db 255
16860 4C5D FF           	db 255
16861 4C5E FF           	db 255
16862 4C5F FF           	db 255
16863 4C60 FF           	db 255
16864 4C61 FF           	db 255
16865 4C62 FF           	db 255
16866 4C63 FF           	db 255
16867 4C64 00           	db 0
16868 4C65 00           	db 0
16869 4C66 00           	db 0
16870 4C67 00           	db 0
16871 4C68 FF           	db 255
16872 4C69 FF           	db 255
16873 4C6A FF           	db 255
16874 4C6B FF           	db 255
16875 4C6C F0           	db 240
16876 4C6D F0           	db 240
16877 4C6E F0           	db 240
16878 4C6F F0           	db 240
16879 4C70 F0           	db 240
16880 4C71 F0           	db 240
16881 4C72 F0           	db 240
16882 4C73 F0           	db 240
16883 4C74 0F           	db 15
16884 4C75 0F           	db 15
16885 4C76 0F           	db 15
16886 4C77 0F           	db 15
16887 4C78 0F           	db 15
16888 4C79 0F           	db 15
16889 4C7A 0F           	db 15
16890 4C7B 0F           	db 15
16891 4C7C FF           	db 255
16892 4C7D FF           	db 255
16893 4C7E FF           	db 255
16894 4C7F FF           	db 255
16895 4C80 00           	db 0
16896 4C81 00           	db 0
16897 4C82 00           	db 0
16898 4C83 00           	db 0
16899 4C84 00           	db 0
16900 4C85 00           	db 0
16901 4C86 7C           	db 124
16902 4C87 66           	db 102
16903 4C88 66           	db 102
16904 4C89 7C           	db 124
16905 4C8A 60           	db 96
16906 4C8B 60           	db 96
16907 4C8C 00           	db 0
16908 4C8D 00           	db 0
16909 4C8E 3C           	db 60
16910 4C8F 66           	db 102
16911 4C90 60           	db 96
16912 4C91 66           	db 102
16913 4C92 3C           	db 60
16914 4C93 00           	db 0
16915 4C94 00           	db 0
16916 4C95 00           	db 0
16917 4C96 7E           	db 126
16918 4C97 18           	db 24
16919 4C98 18           	db 24
16920 4C99 18           	db 24
16921 4C9A 18           	db 24
16922 4C9B 00           	db 0
16923 4C9C 00           	db 0
16924 4C9D 00           	db 0
16925 4C9E 66           	db 102
16926 4C9F 66           	db 102
16927 4CA0 3E           	db 62
16928 4CA1 06           	db 6
16929 4CA2 66           	db 102
16930 4CA3 3C           	db 60
16931 4CA4 00           	db 0
16932 4CA5 18           	db 24
16933 4CA6 7E           	db 126
16934 4CA7 DB           	db 219
16935 4CA8 DB           	db 219
16936 4CA9 7E           	db 126
16937 4CAA 18           	db 24
16938 4CAB 18           	db 24
16939 4CAC 00           	db 0
16940 4CAD 00           	db 0
16941 4CAE C6           	db 198
16942 4CAF 6C           	db 108
16943 4CB0 38           	db 56
16944 4CB1 6C           	db 108
16945 4CB2 C6           	db 198
16946 4CB3 00           	db 0
16947 4CB4 00           	db 0
16948 4CB5 00           	db 0
16949 4CB6 CC           	db 204
16950 4CB7 CC           	db 204
16951 4CB8 CC           	db 204
16952 4CB9 CC           	db 204
16953 4CBA FE           	db 254
16954 4CBB 06           	db 6
16955 4CBC 00           	db 0
16956 4CBD 00           	db 0
16957 4CBE 66           	db 102
16958 4CBF 66           	db 102
16959 4CC0 3E           	db 62
16960 4CC1 06           	db 6
16961 4CC2 06           	db 6
16962 4CC3 00           	db 0
16963 4CC4 00           	db 0
16964 4CC5 00           	db 0
16965 4CC6 D6           	db 214
16966 4CC7 D6           	db 214
16967 4CC8 D6           	db 214
16968 4CC9 D6           	db 214
16969 4CCA FE           	db 254
16970 4CCB 00           	db 0
16971 4CCC 00           	db 0
16972 4CCD 00           	db 0
16973 4CCE D6           	db 214
16974 4CCF D6           	db 214
16975 4CD0 D6           	db 214
16976 4CD1 D6           	db 214
16977 4CD2 FF           	db 255
16978 4CD3 03           	db 3
16979 4CD4 00           	db 0
16980 4CD5 00           	db 0
16981 4CD6 F0           	db 240
16982 4CD7 30           	db 48
16983 4CD8 3E           	db 62
16984 4CD9 33           	db 51
16985 4CDA 3E           	db 62
16986 4CDB 00           	db 0
16987 4CDC 00           	db 0
16988 4CDD 00           	db 0
16989 4CDE C6           	db 198
16990 4CDF C6           	db 198
16991 4CE0 F6           	db 246
16992 4CE1 DA           	db 218
16993 4CE2 F6           	db 246
16994 4CE3 00           	db 0
16995 4CE4 00           	db 0
16996 4CE5 00           	db 0
16997 4CE6 60           	db 96
16998 4CE7 60           	db 96
16999 4CE8 7C           	db 124
17000 4CE9 66           	db 102
17001 4CEA 7C           	db 124
17002 4CEB 00           	db 0
17003 4CEC 00           	db 0
17004 4CED 00           	db 0
17005 4CEE 7C           	db 124
17006 4CEF C6           	db 198
17007 4CF0 1E           	db 30
17008 4CF1 C6           	db 198
17009 4CF2 7C           	db 124
17010 4CF3 00           	db 0
17011 4CF4 00           	db 0
17012 4CF5 00           	db 0
17013 4CF6 DC           	db 220
17014 4CF7 B6           	db 182
17015 4CF8 F6           	db 246
17016 4CF9 B6           	db 182
17017 4CFA DC           	db 220
17018 4CFB 00           	db 0
17019 4CFC 00           	db 0
17020 4CFD 00           	db 0
17021 4CFE 3E           	db 62
17022 4CFF 66           	db 102
17023 4D00 3E           	db 62
17024 4D01 36           	db 54
17025 4D02 66           	db 102
17026 4D03 00           	db 0
17027 4D04 00           	db 0
17028 4D05 FE           	db 254
17029 4D06 00           	db 0
17030 4D07 FE           	db 254
17031 4D08 00           	db 0
17032 4D09 FE           	db 254
17033 4D0A 00           	db 0
17034 4D0B 00           	db 0
17035 4D0C 18           	db 24
17036 4D0D 18           	db 24
17037 4D0E 7E           	db 126
17038 4D0F 18           	db 24
17039 4D10 18           	db 24
17040 4D11 00           	db 0
17041 4D12 7E           	db 126
17042 4D13 00           	db 0
17043 4D14 30           	db 48
17044 4D15 18           	db 24
17045 4D16 0C           	db 12
17046 4D17 18           	db 24
17047 4D18 30           	db 48
17048 4D19 00           	db 0
17049 4D1A 7E           	db 126
17050 4D1B 00           	db 0
17051 4D1C 0C           	db 12
17052 4D1D 18           	db 24
17053 4D1E 30           	db 48
17054 4D1F 18           	db 24
17055 4D20 0C           	db 12
17056 4D21 00           	db 0
17057 4D22 7E           	db 126
17058 4D23 00           	db 0
17059 4D24 0C           	db 12
17060 4D25 1E           	db 30
17061 4D26 18           	db 24
17062 4D27 18           	db 24
17063 4D28 18           	db 24
17064 4D29 18           	db 24
17065 4D2A 18           	db 24
17066 4D2B 18           	db 24
17067 4D2C 18           	db 24
17068 4D2D 18           	db 24
17069 4D2E 18           	db 24
17070 4D2F 18           	db 24
17071 4D30 18           	db 24
17072 4D31 78           	db 120
17073 4D32 30           	db 48
17074 4D33 00           	db 0
17075 4D34 00           	db 0
17076 4D35 00           	db 0
17077 4D36 18           	db 24
17078 4D37 00           	db 0
17079 4D38 7E           	db 126
17080 4D39 00           	db 0
17081 4D3A 18           	db 24
17082 4D3B 00           	db 0
17083 4D3C 00           	db 0
17084 4D3D 76           	db 118
17085 4D3E DC           	db 220
17086 4D3F 00           	db 0
17087 4D40 76           	db 118
17088 4D41 DC           	db 220
17089 4D42 00           	db 0
17090 4D43 00           	db 0
17091 4D44 78           	db 120
17092 4D45 CC           	db 204
17093 4D46 CC           	db 204
17094 4D47 78           	db 120
17095 4D48 00           	db 0
17096 4D49 00           	db 0
17097 4D4A 00           	db 0
17098 4D4B 00           	db 0
17099 4D4C 00           	db 0
17100 4D4D 00           	db 0
17101 4D4E 00           	db 0
17102 4D4F 18           	db 24
17103 4D50 18           	db 24
17104 4D51 00           	db 0
17105 4D52 00           	db 0
17106 4D53 00           	db 0
17107 4D54 00           	db 0
17108 4D55 00           	db 0
17109 4D56 00           	db 0
17110 4D57 00           	db 0
17111 4D58 18           	db 24
17112 4D59 00           	db 0
17113 4D5A 00           	db 0
17114 4D5B 00           	db 0
17115 4D5C 1F           	db 31
17116 4D5D 18           	db 24
17117 4D5E 18           	db 24
17118 4D5F 18           	db 24
17119 4D60 F8           	db 248
17120 4D61 38           	db 56
17121 4D62 18           	db 24
17122 4D63 00           	db 0
17123 4D64 D8           	db 216
17124 4D65 6C           	db 108
17125 4D66 6C           	db 108
17126 4D67 6C           	db 108
17127 4D68 00           	db 0
17128 4D69 00           	db 0
17129 4D6A 00           	db 0
17130 4D6B 00           	db 0
17131 4D6C 70           	db 112
17132 4D6D D8           	db 216
17133 4D6E 30           	db 48
17134 4D6F F8           	db 248
17135 4D70 00           	db 0
17136 4D71 00           	db 0
17137 4D72 00           	db 0
17138 4D73 00           	db 0
17139 4D74 00           	db 0
17140 4D75 00           	db 0
17141 4D76 3C           	db 60
17142 4D77 3C           	db 60
17143 4D78 3C           	db 60
17144 4D79 3C           	db 60
17145 4D7A 00           	db 0
17146 4D7B 00           	db 0
17147 4D7C 00           	db 0
17148 4D7D 00           	db 0
17149 4D7E 00           	db 0
17150 4D7F 00           	db 0
17151 4D80 00           	db 0
17152 4D81 00           	db 0
17153 4D82 00           	db 0
17154 4D83 00           	db 0
17155 4D84              ; 11 uint8_t vboxOpenHLDEColor = 0;
17156 4D84              vboxopenhldecolor:
17157 4D84 00           	db 0
17158 4D85              ; 12 uint8_t vboxOpenHLDEAccum = 0;
17159 4D85              vboxopenhldeaccum:
17160 4D85 00           	db 0
17161 4D86              ; 18 void vboxOpenHLDECA() {
17162 4D86              vboxopenhldeca:
17163 4D86              ; 19     push_pop(bc, de, hl) {
17164 4D86 C5           	push bc
17165 4D87 D5           	push de
17166 4D88 E5           	push hl
17167 4D89              ; 20     //push_pop(hl, de, bc, a) {
17168 4D89              ; 21         vboxOpenHLDEAccum = a;
17169 4D89 32 85 4D     	ld (vboxopenhldeaccum), a
17170 4D8C              ; 22         a = c;
17171 4D8C 79           	ld a, c
17172 4D8D              ; 23         vboxOpenHLDEColor = a;
17173 4D8D 32 84 4D     	ld (vboxopenhldecolor), a
17174 4D90              ; 24         //HL Начальный адрес
17175 4D90              ; 25         a = l;
17176 4D90 7D           	ld a, l
17177 4D91              ; 26         a &= 0x1F;
17178 4D91 E6 1F        	and 31
17179 4D93              ; 27         cyclic_rotate_left(a, 3);
17180 4D93 07           	rlca
17181 4D94 07           	rlca
17182 4D95 07           	rlca
17183 4D96              ; 28         l = a;
17184 4D96 6F           	ld l, a
17185 4D97              ; 29         a = h;
17186 4D97 7C           	ld a, h
17187 4D98              ; 30         a += 0xC0;
17188 4D98 C6 C0        	add 192
17189 4D9A              ; 31         h = a;
17190 4D9A 67           	ld h, a
17191 4D9B              ; 32         //BC Размер
17192 4D9B              ; 33         b = d;
17193 4D9B 42           	ld b, d
17194 4D9C              ; 34         a = e;
17195 4D9C 7B           	ld a, e
17196 4D9D              ; 35         cyclic_rotate_left(a, 3);
17197 4D9D 07           	rlca
17198 4D9E 07           	rlca
17199 4D9F 07           	rlca
17200 4DA0              ; 36         c = a;
17201 4DA0 4F           	ld c, a
17202 4DA1              ; 37         //DE цвет
17203 4DA1              ; 38         d = 0x07; //0x00; //Тень
17204 4DA1 16 07        	ld d, 7
17205 4DA3              ; 39         a = vboxOpenHLDEColor;
17206 4DA3 3A 84 4D     	ld a, (vboxopenhldecolor)
17207 4DA6              ; 40         e = a;
17208 4DA6 5F           	ld e, a
17209 4DA7              ; 41         a = vboxOpenHLDEAccum;
17210 4DA7 3A 85 4D     	ld a, (vboxopenhldeaccum)
17211 4DAA              ; 42         vboxOpen();
17212 4DAA CD 9A 4E     	call vboxopen
17213 4DAD E1           	pop hl
17214 4DAE D1           	pop de
17215 4DAF C1           	pop bc
17216 4DB0 C9           	ret
17217 4DB1              ; 43     }
17218 4DB1              ; 44 }
17219 4DB1              ; 45
17220 4DB1              ; 46 void vboxClearCash() {
17221 4DB1              vboxclearcash:
17222 4DB1              ; 47     push_pop(a) {
17223 4DB1 F5           	push af
17224 4DB2              ; 48         do {
17225 4DB2              __l_970:
17226 4DB2              ; 49             a = vboxBLW;
17227 4DB2 3E 10        	ld a, 16
17228 4DB4              ; 50             a |= vboxERA;
17229 4DB4 F6 08        	or 8
17230 4DB6              ; 51             a |= vboxUMP;
17231 4DB6 F6 04        	or 4
17232 4DB8              ; 52             vboxCall();
17233 4DB8 CD A9 4E     	call vboxcall
17234 4DBB              __l_971:
17235 4DBB              ; 53         } while (a == 0x00);
17236 4DBB B7           	or a
17237 4DBC CA B2 4D     	jp z, __l_970
17238 4DBF F1           	pop af
17239 4DC0 C9           	ret
17240 4DC1              ; 54     }
17241 4DC1              ; 55 }
17242 4DC1              ; 56
17243 4DC1              ; 57 /// HL верхний левый угол
17244 4DC1              ; 58 /// DE нижний правый
17245 4DC1              ; 59 void vboxBorderHLDE() {
17246 4DC1              vboxborderhlde:
17247 4DC1              ; 60     push_pop(bc) {
17248 4DC1 C5           	push bc
17249 4DC2              ; 61         //Верхняя линия
17250 4DC2              ; 62         push_pop(hl, de) {
17251 4DC2 E5           	push hl
17252 4DC3 D5           	push de
17253 4DC4              ; 63             a = h;
17254 4DC4 7C           	ld a, h
17255 4DC5              ; 64             myCharPosX = a;
17256 4DC5 32 E3 1D     	ld (mycharposx), a
17257 4DC8              ; 65             a = l;
17258 4DC8 7D           	ld a, l
17259 4DC9              ; 66             myCharPosY = a;
17260 4DC9 32 E4 1D     	ld (mycharposy), a
17261 4DCC              ; 67             printMyCharA(a = 0xC9);
17262 4DCC 3E C9        	ld a, 201
17263 4DCE CD 4E 1C     	call printmychara
17264 4DD1              ; 68             b = 2;
17265 4DD1 06 02        	ld b, 2
17266 4DD3              ; 69             do {
17267 4DD3              __l_973:
17268 4DD3              ; 70                 printMyCharA(a = 0xCD);
17269 4DD3 3E CD        	ld a, 205
17270 4DD5 CD 4E 1C     	call printmychara
17271 4DD8              ; 71                 b++;
17272 4DD8 04           	inc b
17273 4DD9              __l_974:
17274 4DD9              ; 72             } while ((a = b) < d);
17275 4DD9 78           	ld a, b
17276 4DDA BA           	cp d
17277 4DDB DA D3 4D     	jp c, __l_973
17278 4DDE              ; 73             printMyCharA(a = 0xBB);
17279 4DDE 3E BB        	ld a, 187
17280 4DE0 CD 4E 1C     	call printmychara
17281 4DE3 D1           	pop de
17282 4DE4 E1           	pop hl
17283 4DE5              ; 74         }
17284 4DE5              ; 75         // Нижняя линия
17285 4DE5              ; 76         push_pop(hl, de) {
17286 4DE5 E5           	push hl
17287 4DE6 D5           	push de
17288 4DE7              ; 77             a = h;
17289 4DE7 7C           	ld a, h
17290 4DE8              ; 78             myCharPosX = a;
17291 4DE8 32 E3 1D     	ld (mycharposx), a
17292 4DEB              ; 79             a = l;
17293 4DEB 7D           	ld a, l
17294 4DEC              ; 80             a += e;
17295 4DEC 83           	add e
17296 4DED              ; 81             a--;
17297 4DED 3D           	dec a
17298 4DEE              ; 82             myCharPosY = a;
17299 4DEE 32 E4 1D     	ld (mycharposy), a
17300 4DF1              ; 83             printMyCharA(a = 0xC8);
17301 4DF1 3E C8        	ld a, 200
17302 4DF3 CD 4E 1C     	call printmychara
17303 4DF6              ; 84             b = 2;
17304 4DF6 06 02        	ld b, 2
17305 4DF8              ; 85             do {
17306 4DF8              __l_976:
17307 4DF8              ; 86                 printMyCharA(a = 0xCD);
17308 4DF8 3E CD        	ld a, 205
17309 4DFA CD 4E 1C     	call printmychara
17310 4DFD              ; 87                 b++;
17311 4DFD 04           	inc b
17312 4DFE              __l_977:
17313 4DFE              ; 88             } while ((a = b) < d);
17314 4DFE 78           	ld a, b
17315 4DFF BA           	cp d
17316 4E00 DA F8 4D     	jp c, __l_976
17317 4E03              ; 89             printMyCharA(a = 0xBC);
17318 4E03 3E BC        	ld a, 188
17319 4E05 CD 4E 1C     	call printmychara
17320 4E08 D1           	pop de
17321 4E09 E1           	pop hl
17322 4E0A              ; 90         }
17323 4E0A              ; 91         // Левая горизонтальная
17324 4E0A              ; 92         push_pop(hl, de) {
17325 4E0A E5           	push hl
17326 4E0B D5           	push de
17327 4E0C              ; 93             a = h;
17328 4E0C 7C           	ld a, h
17329 4E0D              ; 94             myCharPosX = a;
17330 4E0D 32 E3 1D     	ld (mycharposx), a
17331 4E10              ; 95             a = l;
17332 4E10 7D           	ld a, l
17333 4E11              ; 96             a++;
17334 4E11 3C           	inc a
17335 4E12              ; 97             myCharPosY = a;
17336 4E12 32 E4 1D     	ld (mycharposy), a
17337 4E15              ; 98             b = 2;
17338 4E15 06 02        	ld b, 2
17339 4E17              ; 99             do {
17340 4E17              __l_979:
17341 4E17              ; 100                 printMyCharA(a = 0xBA);
17342 4E17 3E BA        	ld a, 186
17343 4E19 CD 4E 1C     	call printmychara
17344 4E1C              ; 101                 a = h;
17345 4E1C 7C           	ld a, h
17346 4E1D              ; 102                 myCharPosX = a;
17347 4E1D 32 E3 1D     	ld (mycharposx), a
17348 4E20              ; 103                 a = l;
17349 4E20 7D           	ld a, l
17350 4E21              ; 104                 a += b;
17351 4E21 80           	add b
17352 4E22              ; 105                 myCharPosY = a;
17353 4E22 32 E4 1D     	ld (mycharposy), a
17354 4E25              ; 106                 b++;
17355 4E25 04           	inc b
17356 4E26              __l_980:
17357 4E26              ; 107             } while ((a = b) < e);
17358 4E26 78           	ld a, b
17359 4E27 BB           	cp e
17360 4E28 DA 17 4E     	jp c, __l_979
17361 4E2B D1           	pop de
17362 4E2C E1           	pop hl
17363 4E2D              ; 108         }
17364 4E2D              ; 109         // Правая горизонтальная
17365 4E2D              ; 110         push_pop(hl, de) {
17366 4E2D E5           	push hl
17367 4E2E D5           	push de
17368 4E2F              ; 111             a = h;
17369 4E2F 7C           	ld a, h
17370 4E30              ; 112             a += d;
17371 4E30 82           	add d
17372 4E31              ; 113             a--;
17373 4E31 3D           	dec a
17374 4E32              ; 114             c = a;
17375 4E32 4F           	ld c, a
17376 4E33              ; 115             myCharPosX = a;
17377 4E33 32 E3 1D     	ld (mycharposx), a
17378 4E36              ; 116             a = l;
17379 4E36 7D           	ld a, l
17380 4E37              ; 117             a++;
17381 4E37 3C           	inc a
17382 4E38              ; 118             myCharPosY = a;
17383 4E38 32 E4 1D     	ld (mycharposy), a
17384 4E3B              ; 119             b = 2;
17385 4E3B 06 02        	ld b, 2
17386 4E3D              ; 120             do {
17387 4E3D              __l_982:
17388 4E3D              ; 121                 printMyCharA(a = 0xBA);
17389 4E3D 3E BA        	ld a, 186
17390 4E3F CD 4E 1C     	call printmychara
17391 4E42              ; 122                 a = c;
17392 4E42 79           	ld a, c
17393 4E43              ; 123                 myCharPosX = a;
17394 4E43 32 E3 1D     	ld (mycharposx), a
17395 4E46              ; 124                 a = l;
17396 4E46 7D           	ld a, l
17397 4E47              ; 125                 a += b;
17398 4E47 80           	add b
17399 4E48              ; 126                 myCharPosY = a;
17400 4E48 32 E4 1D     	ld (mycharposy), a
17401 4E4B              ; 127                 b++;
17402 4E4B 04           	inc b
17403 4E4C              __l_983:
17404 4E4C              ; 128             } while ((a = b) < e);
17405 4E4C 78           	ld a, b
17406 4E4D BB           	cp e
17407 4E4E DA 3D 4E     	jp c, __l_982
17408 4E51 D1           	pop de
17409 4E52 E1           	pop hl
17410 4E53 C1           	pop bc
17411 4E54 C9           	ret
17412 4E55              ; 129         }
17413 4E55              ; 130     }
17414 4E55              ; 131 }
17415 4E55              ; 132
17416 4E55              ; 133 void vboxOpenHLDE() {
17417 4E55              vboxopenhlde:
17418 4E55              ; 134     c = a;
17419 4E55 4F           	ld c, a
17420 4E56              ; 135     a = vboxCLW;
17421 4E56 3E 40        	ld a, 64
17422 4E58              ; 136     a |= vboxUMP;
17423 4E58 F6 04        	or 4
17424 4E5A              ; 137     vboxOpenHLDECA();
17425 4E5A C3 86 4D     	jp vboxopenhldeca
17426 4E5D              ; 138 }
17427 4E5D              ; 139
17428 4E5D              ; 140 /// Загрузка драйвера VBOX, если не загружен
17429 4E5D              ; 141 void validVBOX() {
17430 4E5D              validvbox:
17431 4E5D              ; 142     a = vboxAddr; // 0 - если там знакогенератор
17432 4E5D 3A C7 4E     	ld a, (vboxaddr)
17433 4E60              ; 143     a |= a;
17434 4E60 B7           	or a
17435 4E61              ; 144     if (a == 0) {
17436 4E61 B7           	or a
17437 4E62 C2 92 4E     	jp nz, __l_985
17438 4E65              ; 145         push_pop(bc, hl) {
17439 4E65 C5           	push bc
17440 4E66 E5           	push hl
17441 4E67              ; 146             ordos_sdma(hl = vboxFL);
17442 4E67 21 C1 4E     	ld hl, vboxfl
17443 4E6A CD D0 BF     	call ordos_sdma
17444 4E6D              ; 147             b = 0;
17445 4E6D 06 00        	ld b, 0
17446 4E6F              ; 148             do {
17447 4E6F              __l_987:
17448 4E6F              ; 149                 a = 'A';
17449 4E6F 3E 41        	ld a, 65
17450 4E71              ; 150                 a += b;
17451 4E71 80           	add b
17452 4E72              ; 151                 ordos_wnd(); // A = Disk
17453 4E72 CD D6 BF     	call ordos_wnd
17454 4E75              ; 152                 ordos_pscf();
17455 4E75 CD E5 BF     	call ordos_pscf
17456 4E78              ; 153                 c = a;
17457 4E78 4F           	ld c, a
17458 4E79              ; 154                 b++;
17459 4E79 04           	inc b
17460 4E7A              ; 155                 if ((a = b) == 4) {
17461 4E7A 78           	ld a, b
17462 4E7B FE 04        	cp 4
17463 4E7D C2 82 4E     	jp nz, __l_990
17464 4E80              ; 156                     c = 1;
17465 4E80 0E 01        	ld c, 1
17466 4E82              __l_990:
17467 4E82              __l_988:
17468 4E82              ; 157                 }
17469 4E82              ; 158             } while ((a = c) == 0);
17470 4E82 79           	ld a, c
17471 4E83 B7           	or a
17472 4E84 CA 6F 4E     	jp z, __l_987
17473 4E87              ; 159             if ((a = c) == 0xFF) {
17474 4E87 79           	ld a, c
17475 4E88 FE FF        	cp 255
17476 4E8A C2 90 4E     	jp nz, __l_992
17477 4E8D              ; 160                 loadVBOX();
17478 4E8D CD 93 4E     	call loadvbox
17479 4E90              __l_992:
17480 4E90 E1           	pop hl
17481 4E91 C1           	pop bc
17482 4E92              __l_985:
17483 4E92 C9           	ret
17484 4E93              ; 161             }
17485 4E93              ; 162         }
17486 4E93              ; 163     }
17487 4E93              ; 164 }
17488 4E93              ; 165
17489 4E93              ; 166 /// Загрузка
17490 4E93              ; 167 void loadVBOX() {
17491 4E93              loadvbox:
17492 4E93              ; 168     ordos_rfile();
17493 4E93 CD FA BF     	call ordos_rfile
17494 4E96              ; 169     startVboxAddr = hl;
17495 4E96 22 07 10     	ld (startvboxaddr), hl
17496 4E99 C9           	ret
17497 4E9A              ; 170 }
17498 4E9A              ; 171
17499 4E9A              ; 172 void vboxOpen() {
17500 4E9A              vboxopen:
17501 4E9A              ; 173     a |= vboxOPN;
17502 4E9A F6 80        	or 128
17503 4E9C              ; 174     vboxCall();
17504 4E9C C3 A9 4E     	jp vboxcall
17505 4E9F              ; 175 }
17506 4E9F              ; 176
17507 4E9F              ; 177 void vboxClose() {
17508 4E9F              vboxclose:
17509 4E9F              ; 178     push_pop(a) {
17510 4E9F F5           	push af
17511 4EA0              ; 179         a = vboxERA;
17512 4EA0 3E 08        	ld a, 8
17513 4EA2              ; 180         a |= vboxUMP;
17514 4EA2 F6 04        	or 4
17515 4EA4              ; 181         vboxCall();
17516 4EA4 CD A9 4E     	call vboxcall
17517 4EA7 F1           	pop af
17518 4EA8 C9           	ret
17519 4EA9              ; 182     }
17520 4EA9              ; 183 }
17521 4EA9              ; 184
17522 4EA9              ; 185 void vboxCall() {
17523 4EA9              vboxcall:
17524 4EA9              ; 186     push_pop(a) {
17525 4EA9 F5           	push af
17526 4EAA              ; 187         push_pop(bc) {
17527 4EAA C5           	push bc
17528 4EAB              ; 188             push_pop(de) {
17529 4EAB D5           	push de
17530 4EAC              ; 189                 push_pop(hl) {
17531 4EAC E5           	push hl
17532 4EAD              ; 190                     ordos_rnd();
17533 4EAD CD D9 BF     	call ordos_rnd
17534 4EB0              ; 191                     push_pop(a) {
17535 4EB0 F5           	push af
17536 4EB1              ; 192                         validVBOX();
17537 4EB1 CD 5D 4E     	call validvbox
17538 4EB4 F1           	pop af
17539 4EB5              ; 193                     }
17540 4EB5              ; 194                     ordos_wnd();
17541 4EB5 CD D6 BF     	call ordos_wnd
17542 4EB8 E1           	pop hl
17543 4EB9 D1           	pop de
17544 4EBA C1           	pop bc
17545 4EBB F1           	pop af
17546 4EBC              ; 195                 }
17547 4EBC              ; 196             }
17548 4EBC              ; 197         }
17549 4EBC              ; 198     }
17550 4EBC              ; 199     a |= 0x03; //0x03; //0x01; //ADD disk
17551 4EBC F6 03        	or 3
17552 4EBE              ; 200     goToVBOX();
17553 4EBE C3 06 10     	jp gotovbox
17554 4EC1              ; 201 }
17555 4EC1              ; 202
17556 4EC1              ; 203 uint8_t vboxFL[] = "VBOX "; // Имя файла
17557 4EC1              vboxfl:
17558 4EC1 56           	db 86
17559 4EC2 42           	db 66
17560 4EC3 4F           	db 79
17561 4EC4 58           	db 88
17562 4EC5 20           	db 32
17563 4EC6 00           	ds 1
17564 4EC7              ; 204 uint16_t vboxAddr = 0xF000;
17565 4EC7              vboxaddr:
17566 4EC7 00 F0        	dw 61440
17567 4EC9              ; 44 uint8_t Net_buffer_len = 0;
17568 4EC9              net_buffer_len:
17569 4EC9 00           	db 0
17570 4ECA              ; 45 uint8_t Net_buffer[1];
17571 4ECA              net_buffer:
17572 4ECA 00           	ds 1
17573 4ECB               savebin "kFTP2.ORD", 0x0ff0, 0x3F10
17574 4ECB               savebin "test.ORD", 0x0ff0, 0x3F10
17575 4ECB
# file closed: main.asm
